"md_id","busi_time","dept_type","item_num","complete_num","complete_avg_time","satis_num"
1,"2022-05-01",1,256,158,816,173
2,"2022-05-01",2,695,274,812,534
3,"2022-05-02",1,614,567,1152,183
4,"2022-05-02",2,1099,1035,912,700
5,"2022-05-03",1,340,308,458,323
6,"2022-05-03",2,877,861,684,775
7,"2022-05-04",1,696,408,93,632
8,"2022-05-04",2,342,319,367,268
9,"2022-05-05",1,266,8,793,133
10,"2022-05-05",2,585,164,722,94
11,"2022-05-06",1,1194,114,225,309
12,"2022-05-06",2,388,38,638,143
13,"2022-05-07",1,252,28,205,11
14,"2022-05-07",2,964,822,1244,38
15,"2022-05-08",1,977,913,328,370
16,"2022-05-08",2,220,83,916,97
17,"2022-05-09",1,1164,484,1014,945
18,"2022-05-09",2,381,160,1155,4
19,"2022-05-10",1,1134,669,887,242
20,"2022-05-10",2,394,142,135,144
21,"2022-05-11",1,611,359,903,555
22,"2022-05-11",2,317,73,1335,23
23,"2022-05-12",1,1155,144,1223,350
24,"2022-05-12",2,213,28,200,32
25,"2022-05-13",1,326,112,518,295
26,"2022-05-13",2,809,18,893,205
27,"2022-05-14",1,615,333,1235,384
28,"2022-05-14",2,836,504,1295,19
29,"2022-05-15",1,909,909,76,117
30,"2022-05-15",2,1071,736,640,860
31,"2022-05-16",1,683,649,1032,193
32,"2022-05-16",2,989,564,239,598
33,"2022-05-17",1,638,626,906,465
34,"2022-05-17",2,252,84,351,129
35,"2022-05-18",1,398,69,1332,392
36,"2022-05-18",2,1027,195,311,1017
37,"2022-05-19",1,450,312,626,305
38,"2022-05-19",2,557,322,179,130
39,"2022-05-20",1,1160,281,337,1005
40,"2022-05-20",2,369,199,169,58
41,"2022-05-21",1,431,218,527,224
42,"2022-05-21",2,244,94,853,191
43,"2022-05-22",1,711,82,637,228
44,"2022-05-22",2,687,299,395,586
45,"2022-05-23",1,619,463,177,378
46,"2022-05-23",2,987,492,1399,579
47,"2022-05-24",1,1033,171,840,286
48,"2022-05-24",2,660,245,847,118
49,"2022-05-25",1,509,129,929,75
50,"2022-05-25",2,928,214,137,185
51,"2022-05-26",1,1140,224,926,1032
52,"2022-05-26",2,205,150,342,57
53,"2022-05-27",1,717,195,837,194
54,"2022-05-27",2,1115,859,194,396
55,"2022-05-28",1,371,52,164,117
56,"2022-05-28",2,270,264,432,170
57,"2022-05-29",1,1088,669,1384,521
58,"2022-05-29",2,811,315,1422,671
59,"2022-05-30",1,327,307,1432,112
60,"2022-05-30",2,349,124,18,318
61,"2022-05-31",1,540,18,289,3
62,"2022-05-31",2,419,220,755,80
63,"2022-06-01",1,1099,494,887,39
64,"2022-06-01",2,710,247,1006,409
65,"2022-06-02",1,1120,657,828,771
66,"2022-06-02",2,716,184,1426,207
67,"2022-06-03",1,391,366,766,141
68,"2022-06-03",2,409,33,689,208
69,"2022-06-04",1,1012,134,412,571
70,"2022-06-04",2,676,33,58,281
71,"2022-06-05",1,838,65,962,567
72,"2022-06-05",2,476,363,56,406
73,"2022-06-06",1,989,131,167,704
74,"2022-06-06",2,865,303,365,364
75,"2022-06-07",1,753,220,945,305
76,"2022-06-07",2,1098,357,1086,686
77,"2022-06-08",1,1077,344,1390,419
78,"2022-06-08",2,251,143,170,8
79,"2022-06-09",1,256,38,965,210
80,"2022-06-09",2,1072,832,892,911
81,"2022-06-10",1,1098,195,505,383
82,"2022-06-10",2,336,301,495,293
83,"2022-06-11",1,375,101,149,42
84,"2022-06-11",2,395,319,169,357
85,"2022-06-12",1,1054,216,854,683
86,"2022-06-12",2,561,530,1405,27
87,"2022-06-13",1,917,221,1338,834
88,"2022-06-13",2,745,178,627,363
89,"2022-06-14",1,560,105,865,78
90,"2022-06-14",2,692,36,654,116
91,"2022-06-15",1,583,178,1271,259
92,"2022-06-15",2,777,612,302,444
93,"2022-06-16",1,750,278,133,667
94,"2022-06-16",2,443,374,249,136
95,"2022-06-17",1,739,10,1382,455
96,"2022-06-17",2,241,70,963,72
97,"2022-06-18",1,572,197,1196,111
98,"2022-06-18",2,1001,583,448,239
99,"2022-06-19",1,504,110,355,480
100,"2022-06-19",2,790,532,45,623
101,"2022-06-20",1,1084,64,1013,569
102,"2022-06-20",2,255,112,759,75
103,"2022-06-21",1,280,61,1241,12
104,"2022-06-21",2,976,727,594,771
105,"2022-06-22",1,211,194,535,54
106,"2022-06-22",2,301,41,1084,191
107,"2022-06-23",1,1034,114,1433,322
108,"2022-06-23",2,581,123,502,255
109,"2022-06-24",1,422,337,1075,49
110,"2022-06-24",2,1014,63,1395,910
111,"2022-06-25",1,794,183,417,1
112,"2022-06-25",2,610,140,445,580
113,"2022-06-26",1,994,792,1161,467
114,"2022-06-26",2,563,307,768,429
115,"2022-06-27",1,655,102,453,539
116,"2022-06-27",2,880,848,52,30
117,"2022-06-28",1,1123,848,743,275
118,"2022-06-28",2,1115,400,903,353
119,"2022-06-29",1,387,114,1072,142
120,"2022-06-29",2,274,212,907,199
121,"2022-06-30",1,446,392,135,77
122,"2022-06-30",2,721,565,23,639
123,"2022-07-01",1,923,676,618,379
124,"2022-07-01",2,639,170,1119,386
125,"2022-07-02",1,1180,218,1014,434
126,"2022-07-02",2,804,398,1359,59
127,"2022-07-03",1,967,82,904,68
128,"2022-07-03",2,410,223,712,210
129,"2022-07-04",1,1057,669,614,1009
130,"2022-07-04",2,593,53,404,249
131,"2022-07-05",1,982,452,890,298
132,"2022-07-05",2,736,518,497,700
133,"2022-07-06",1,889,74,633,601
134,"2022-07-06",2,769,455,35,532
135,"2022-07-07",1,1161,1103,165,237
136,"2022-07-07",2,1065,893,886,894
137,"2022-07-08",1,329,172,747,126
138,"2022-07-08",2,452,125,320,99
139,"2022-07-09",1,904,498,290,215
140,"2022-07-09",2,1177,100,216,968
141,"2022-07-10",1,210,190,1357,23
142,"2022-07-10",2,951,137,384,736
143,"2022-07-11",1,697,512,816,628
144,"2022-07-11",2,870,545,1350,259
145,"2022-07-12",1,606,526,1278,141
146,"2022-07-12",2,1075,554,1125,868
147,"2022-07-13",1,865,628,1237,690
148,"2022-07-13",2,699,81,1195,204
149,"2022-07-14",1,421,165,754,412
150,"2022-07-14",2,1169,369,1136,285
151,"2022-07-15",1,312,227,1056,250
152,"2022-07-15",2,341,205,610,211
153,"2022-07-16",1,584,238,25,551
154,"2022-07-16",2,351,242,40,348
155,"2022-07-17",1,1197,196,331,852
156,"2022-07-17",2,801,776,554,564
157,"2022-07-18",1,1150,687,649,1149
158,"2022-07-18",2,925,75,694,768
159,"2022-07-19",1,345,216,1405,65
160,"2022-07-19",2,935,5,845,478
161,"2022-07-20",1,852,407,238,786
162,"2022-07-20",2,486,416,589,270
163,"2022-07-21",1,223,17,613,213
164,"2022-07-21",2,427,362,1094,136
165,"2022-07-22",1,566,172,950,204
166,"2022-07-22",2,925,800,353,430
167,"2022-07-23",1,831,441,1279,566
168,"2022-07-23",2,1169,1106,348,954
169,"2022-07-24",1,778,492,1349,429
170,"2022-07-24",2,681,90,798,490
171,"2022-07-25",1,319,140,1426,176
172,"2022-07-25",2,279,175,809,231
173,"2022-07-26",1,1172,390,890,1068
174,"2022-07-26",2,805,136,354,452
175,"2022-07-27",1,762,553,1089,316
176,"2022-07-27",2,754,695,934,305
177,"2022-07-28",1,1140,275,269,415
178,"2022-07-28",2,1162,1107,1016,36
179,"2022-07-29",1,765,546,592,354
180,"2022-07-29",2,696,493,295,484
181,"2022-07-30",1,569,168,491,278
182,"2022-07-30",2,494,29,669,327
183,"2022-07-31",1,512,467,402,259
184,"2022-07-31",2,446,408,1127,432
185,"2022-08-01",1,607,527,508,405
186,"2022-08-01",2,844,782,1159,723
187,"2022-08-02",1,303,251,794,99
188,"2022-08-02",2,994,214,679,408
189,"2022-08-03",1,885,779,916,807
190,"2022-08-03",2,874,229,843,267
191,"2022-08-04",1,1032,672,112,571
192,"2022-08-04",2,528,250,1154,101
193,"2022-08-05",1,445,363,1394,149
194,"2022-08-05",2,586,28,1035,1
195,"2022-08-06",1,560,151,358,287
196,"2022-08-06",2,1120,549,844,1059
197,"2022-08-07",1,599,149,1317,369
198,"2022-08-07",2,390,107,182,92
199,"2022-08-08",1,1088,744,1408,285
200,"2022-08-08",2,691,388,726,291
201,"2022-08-09",1,464,213,403,182
202,"2022-08-09",2,731,226,627,232
203,"2022-08-10",1,729,278,436,324
204,"2022-08-10",2,645,47,1417,241
205,"2022-08-11",1,442,284,37,430
206,"2022-08-11",2,634,480,644,134
207,"2022-08-12",1,487,274,1087,292
208,"2022-08-12",2,921,32,1088,849
209,"2022-08-13",1,342,228,353,169
210,"2022-08-13",2,452,446,119,394
211,"2022-08-14",1,1118,777,797,700
212,"2022-08-14",2,566,543,1096,70
213,"2022-08-15",1,592,347,1094,60
214,"2022-08-15",2,885,692,883,523
215,"2022-08-16",1,332,22,68,10
216,"2022-08-16",2,950,876,1310,256
217,"2022-08-17",1,620,11,1393,488
218,"2022-08-17",2,816,362,672,259
219,"2022-08-18",1,704,175,174,116
220,"2022-08-18",2,781,148,594,683
221,"2022-08-19",1,1035,305,820,122
222,"2022-08-19",2,351,185,1102,16
223,"2022-08-20",1,807,290,1273,278
224,"2022-08-20",2,1016,339,887,0
225,"2022-08-21",1,1066,156,28,498
226,"2022-08-21",2,1018,143,1235,295
227,"2022-08-22",1,1149,417,30,816
228,"2022-08-22",2,1090,1049,1427,423
229,"2022-08-23",1,624,82,368,115
230,"2022-08-23",2,578,312,1213,454
231,"2022-08-24",1,662,40,1171,544
232,"2022-08-24",2,227,12,759,183
233,"2022-08-25",1,1041,57,453,509
234,"2022-08-25",2,532,86,173,521
235,"2022-08-26",1,940,773,1283,421
236,"2022-08-26",2,400,23,248,156
237,"2022-08-27",1,1130,857,1182,1105
238,"2022-08-27",2,962,685,443,221
239,"2022-08-28",1,640,53,241,140
240,"2022-08-28",2,791,307,66,677
241,"2022-08-29",1,527,460,706,315
242,"2022-08-29",2,637,231,513,271
243,"2022-08-30",1,284,7,1255,244
244,"2022-08-30",2,288,83,887,21
245,"2022-08-31",1,275,66,684,243
246,"2022-08-31",2,1066,788,756,1007
247,"2022-09-01",1,223,204,561,170
248,"2022-09-01",2,1069,544,701,657
249,"2022-09-02",1,369,359,463,50
250,"2022-09-02",2,732,227,704,475
251,"2022-09-03",1,1115,303,972,104
252,"2022-09-03",2,327,260,1098,5
253,"2022-09-04",1,375,236,1150,103
254,"2022-09-04",2,717,588,982,684
255,"2022-09-05",1,535,467,1435,274
256,"2022-09-05",2,1119,798,999,84
257,"2022-09-06",1,1152,814,1142,346
258,"2022-09-06",2,287,261,1382,85
259,"2022-09-07",1,625,85,1034,231
260,"2022-09-07",2,1080,3,479,609
261,"2022-09-08",1,390,345,512,359
262,"2022-09-08",2,474,231,1228,329
263,"2022-09-09",1,920,62,1318,129
264,"2022-09-09",2,658,607,156,382
265,"2022-09-10",1,624,581,553,533
266,"2022-09-10",2,438,111,704,320
267,"2022-09-11",1,911,211,171,669
268,"2022-09-11",2,295,91,1182,63
269,"2022-09-12",1,1143,613,210,598
270,"2022-09-12",2,433,283,135,195
271,"2022-09-13",1,705,646,1090,685
272,"2022-09-13",2,390,309,1141,320
273,"2022-09-14",1,495,142,374,466
274,"2022-09-14",2,372,201,774,310
275,"2022-09-15",1,787,1,134,298
276,"2022-09-15",2,1081,109,483,358
277,"2022-09-16",1,952,227,1332,404
278,"2022-09-16",2,994,95,1398,748
279,"2022-09-17",1,305,162,721,67
280,"2022-09-17",2,345,322,694,147
281,"2022-09-18",1,261,236,173,162
282,"2022-09-18",2,666,622,1285,175
283,"2022-09-19",1,1131,993,978,442
284,"2022-09-19",2,282,146,295,110
285,"2022-09-20",1,281,144,726,193
286,"2022-09-20",2,976,1,398,454
287,"2022-09-21",1,553,62,1170,113
288,"2022-09-21",2,647,638,1086,462
289,"2022-09-22",1,255,115,172,139
290,"2022-09-22",2,454,161,883,367
291,"2022-09-23",1,1110,1086,999,628
292,"2022-09-23",2,762,89,365,22
293,"2022-09-24",1,366,113,216,200
294,"2022-09-24",2,594,122,734,84
295,"2022-09-25",1,609,229,1389,328
296,"2022-09-25",2,953,372,1126,373
297,"2022-09-26",1,540,503,721,316
298,"2022-09-26",2,904,706,694,159
299,"2022-09-27",1,468,372,369,327
300,"2022-09-27",2,240,54,593,101
301,"2022-09-28",1,528,409,1325,272
302,"2022-09-28",2,768,761,441,299
303,"2022-09-29",1,504,249,334,338
304,"2022-09-29",2,679,107,812,402
305,"2022-09-30",1,981,748,1341,491
306,"2022-09-30",2,559,284,291,507
307,"2022-10-01",1,536,221,278,398
308,"2022-10-01",2,210,18,560,92
309,"2022-10-02",1,654,182,335,11
310,"2022-10-02",2,219,70,319,0
311,"2022-10-03",1,444,39,524,237
312,"2022-10-03",2,380,195,1338,235
313,"2022-10-04",1,699,588,514,110
314,"2022-10-04",2,905,578,424,718
315,"2022-10-05",1,394,394,107,311
316,"2022-10-05",2,475,219,1017,363
317,"2022-10-06",1,757,212,1221,723
318,"2022-10-06",2,1180,821,364,418
319,"2022-10-07",1,1025,878,786,374
320,"2022-10-07",2,1025,995,1017,830
321,"2022-10-08",1,547,348,431,207
322,"2022-10-08",2,760,137,535,363
323,"2022-10-09",1,557,27,352,47
324,"2022-10-09",2,987,769,1131,609
325,"2022-10-10",1,509,302,1305,373
326,"2022-10-10",2,801,594,143,604
327,"2022-10-11",1,1095,603,617,168
328,"2022-10-11",2,882,57,1169,876
329,"2022-10-12",1,568,320,1247,10
330,"2022-10-12",2,874,643,1142,475
331,"2022-10-13",1,963,569,1197,347
332,"2022-10-13",2,400,315,1023,194
333,"2022-10-14",1,1073,849,1342,288
334,"2022-10-14",2,362,238,746,320
335,"2022-10-15",1,424,358,539,275
336,"2022-10-15",2,550,19,1153,61
337,"2022-10-16",1,1028,742,1275,18
338,"2022-10-16",2,546,497,36,292
339,"2022-10-17",1,413,365,98,265
340,"2022-10-17",2,537,131,297,372
341,"2022-10-18",1,734,348,304,289
342,"2022-10-18",2,625,179,204,354
343,"2022-10-19",1,739,493,16,610
344,"2022-10-19",2,457,189,221,445
345,"2022-10-20",1,785,668,154,343
346,"2022-10-20",2,843,247,955,148
347,"2022-10-21",1,1020,27,1021,211
348,"2022-10-21",2,347,52,462,34
349,"2022-10-22",1,1031,915,761,450
350,"2022-10-22",2,990,262,51,611
351,"2022-10-23",1,319,207,1267,118
352,"2022-10-23",2,914,779,779,28
353,"2022-10-24",1,705,25,954,521
354,"2022-10-24",2,1082,105,854,236
355,"2022-10-25",1,393,278,826,308
356,"2022-10-25",2,749,460,1204,83
357,"2022-10-26",1,936,16,351,186
358,"2022-10-26",2,343,339,780,94
359,"2022-10-27",1,282,135,114,162
360,"2022-10-27",2,1066,1027,856,76
361,"2022-10-28",1,428,194,313,188
362,"2022-10-28",2,950,244,372,644
363,"2022-10-29",1,264,227,508,44
364,"2022-10-29",2,1149,382,1423,122
365,"2022-10-30",1,916,845,21,868
366,"2022-10-30",2,1078,1007,1099,66
367,"2022-10-31",1,999,960,509,139
368,"2022-10-31",2,244,74,952,152
369,"2022-11-01",1,696,10,1240,544
370,"2022-11-01",2,1175,788,1001,804
371,"2022-11-02",1,861,406,443,39
372,"2022-11-02",2,271,80,11,111
373,"2022-11-03",1,476,397,687,368
374,"2022-11-03",2,836,320,1264,200
375,"2022-11-04",1,414,154,578,79
376,"2022-11-04",2,489,227,934,297
377,"2022-11-05",1,982,443,1130,22
378,"2022-11-05",2,757,405,469,153
379,"2022-11-06",1,719,640,1283,495
380,"2022-11-06",2,1047,962,817,512
381,"2022-11-07",1,1051,111,1369,230
382,"2022-11-07",2,950,230,107,20
383,"2022-11-08",1,570,340,1429,81
384,"2022-11-08",2,454,73,47,162
385,"2022-11-09",1,252,101,624,74
386,"2022-11-09",2,669,167,745,369
387,"2022-11-10",1,1191,799,308,349
388,"2022-11-10",2,866,73,1259,624
389,"2022-11-11",1,857,383,413,212
390,"2022-11-11",2,540,251,1161,3
391,"2022-11-12",1,1028,789,1409,829
392,"2022-11-12",2,1086,358,656,950
393,"2022-11-13",1,586,479,1292,490
394,"2022-11-13",2,1144,288,972,774
395,"2022-11-14",1,461,363,148,29
396,"2022-11-14",2,991,827,639,648
397,"2022-11-15",1,902,699,348,355
398,"2022-11-15",2,343,64,1256,248
399,"2022-11-16",1,268,96,439,159
400,"2022-11-16",2,996,315,238,342
401,"2022-11-17",1,783,92,1288,470
402,"2022-11-17",2,426,216,1284,381
403,"2022-11-18",1,449,93,1012,297
404,"2022-11-18",2,992,157,917,705
405,"2022-11-19",1,824,768,1168,14
406,"2022-11-19",2,1192,474,354,1129
407,"2022-11-20",1,560,469,1150,113
408,"2022-11-20",2,1121,1043,536,249
409,"2022-11-21",1,1086,547,540,757
410,"2022-11-21",2,368,99,399,298
411,"2022-11-22",1,1021,372,738,62
412,"2022-11-22",2,501,442,1090,294
413,"2022-11-23",1,335,165,764,163
414,"2022-11-23",2,714,334,656,151
415,"2022-11-24",1,1098,933,306,583
416,"2022-11-24",2,339,16,1415,24
417,"2022-11-25",1,1181,977,491,641
418,"2022-11-25",2,825,436,747,258
419,"2022-11-26",1,797,430,1086,675
420,"2022-11-26",2,707,235,326,46
421,"2022-11-27",1,370,17,773,92
422,"2022-11-27",2,564,0,843,83
423,"2022-11-28",1,579,8,173,330
424,"2022-11-28",2,207,134,864,112
425,"2022-11-29",1,1192,188,557,401
426,"2022-11-29",2,665,439,877,409
427,"2022-11-30",1,206,102,239,167
428,"2022-11-30",2,1108,594,642,339
429,"2022-12-01",1,203,7,1284,93
430,"2022-12-01",2,1128,802,1136,820
431,"2022-12-02",1,350,138,79,214
432,"2022-12-02",2,1040,810,51,745
433,"2022-12-03",1,334,204,798,283
434,"2022-12-03",2,808,753,1291,569
435,"2022-12-04",1,675,116,1328,440
436,"2022-12-04",2,271,8,328,128
437,"2022-12-05",1,1125,8,1263,142
438,"2022-12-05",2,1146,992,830,377
439,"2022-12-06",1,378,87,206,140
440,"2022-12-06",2,261,57,717,1
441,"2022-12-07",1,307,177,475,199
442,"2022-12-07",2,769,326,1170,27
443,"2022-12-08",1,520,484,55,346
444,"2022-12-08",2,872,868,204,74
445,"2022-12-09",1,233,112,824,70
446,"2022-12-09",2,571,380,352,442
447,"2022-12-10",1,548,422,729,386
448,"2022-12-10",2,615,335,801,171
449,"2022-12-11",1,552,425,938,493
450,"2022-12-11",2,673,376,544,540
451,"2022-12-12",1,512,338,550,204
452,"2022-12-12",2,995,992,1277,174
453,"2022-12-13",1,689,345,898,522
454,"2022-12-13",2,916,631,255,625
455,"2022-12-14",1,203,79,1064,183
456,"2022-12-14",2,886,74,852,281
457,"2022-12-15",1,332,289,743,238
458,"2022-12-15",2,1121,183,562,847
459,"2022-12-16",1,1087,69,235,351
460,"2022-12-16",2,519,259,403,29
461,"2022-12-17",1,432,156,1006,357
462,"2022-12-17",2,586,139,671,250
463,"2022-12-18",1,1006,630,555,273
464,"2022-12-18",2,546,307,639,126
465,"2022-12-19",1,931,462,498,331
466,"2022-12-19",2,456,271,1058,278
467,"2022-12-20",1,1134,380,282,734
468,"2022-12-20",2,674,26,751,157
469,"2022-12-21",1,670,391,211,38
470,"2022-12-21",2,713,306,762,563
471,"2022-12-22",1,317,228,630,94
472,"2022-12-22",2,734,317,1036,36
473,"2022-12-23",1,616,228,960,616
474,"2022-12-23",2,1049,248,635,604
475,"2022-12-24",1,428,280,789,142
476,"2022-12-24",2,705,88,1038,654
477,"2022-12-25",1,1121,366,176,234
478,"2022-12-25",2,877,799,1428,0
479,"2022-12-26",1,1175,549,425,167
480,"2022-12-26",2,552,158,1322,533
481,"2022-12-27",1,773,301,722,225
482,"2022-12-27",2,1008,798,1036,986
483,"2022-12-28",1,822,763,718,54
484,"2022-12-28",2,882,874,130,313
485,"2022-12-29",1,765,86,153,489
486,"2022-12-29",2,483,255,1009,245
487,"2022-12-30",1,1050,310,305,625
488,"2022-12-30",2,1164,56,1413,650
489,"2022-12-31",1,685,646,549,411
490,"2022-12-31",2,366,155,918,166
491,"2023-01-01",1,570,257,851,386
492,"2023-01-01",2,785,74,1207,712
493,"2023-01-02",1,727,517,1225,434
494,"2023-01-02",2,805,83,1236,207
495,"2023-01-03",1,650,76,521,215
496,"2023-01-03",2,762,429,938,753
497,"2023-01-04",1,346,67,577,257
498,"2023-01-04",2,707,243,1321,519
499,"2023-01-05",1,1077,643,1080,153
500,"2023-01-05",2,921,680,819,60
501,"2023-01-06",1,737,277,290,219
502,"2023-01-06",2,1032,83,1051,612
503,"2023-01-07",1,1155,1043,119,860
504,"2023-01-07",2,635,253,1086,473
505,"2023-01-08",1,692,402,1382,577
506,"2023-01-08",2,233,85,529,14
507,"2023-01-09",1,585,528,410,295
508,"2023-01-09",2,620,193,121,236
509,"2023-01-10",1,706,41,523,277
510,"2023-01-10",2,895,353,844,481
511,"2023-01-11",1,1142,490,613,206
512,"2023-01-11",2,525,105,667,97
513,"2023-01-12",1,531,265,858,290
514,"2023-01-12",2,961,86,721,92
515,"2023-01-13",1,207,195,1280,122
516,"2023-01-13",2,1069,391,449,469
517,"2023-01-14",1,765,174,355,52
518,"2023-01-14",2,756,746,740,444
519,"2023-01-15",1,266,48,374,215
520,"2023-01-15",2,1162,827,58,310
521,"2023-01-16",1,1143,988,338,502
522,"2023-01-16",2,1023,985,210,370
523,"2023-01-17",1,557,211,603,398
524,"2023-01-17",2,838,289,961,433
525,"2023-01-18",1,1038,372,475,516
526,"2023-01-18",2,890,782,725,200
527,"2023-01-19",1,331,64,1299,325
528,"2023-01-19",2,982,322,117,654
529,"2023-01-20",1,329,260,398,233
530,"2023-01-20",2,405,68,310,133
531,"2023-01-21",1,659,300,1312,155
532,"2023-01-21",2,476,136,456,54
533,"2023-01-22",1,732,491,652,347
534,"2023-01-22",2,481,78,918,344
535,"2023-01-23",1,388,329,12,247
536,"2023-01-23",2,595,345,547,581
537,"2023-01-24",1,940,290,914,794
538,"2023-01-24",2,472,264,763,63
539,"2023-01-25",1,1134,610,562,663
540,"2023-01-25",2,977,273,333,709
541,"2023-01-26",1,408,134,1208,395
542,"2023-01-26",2,202,33,94,82
543,"2023-01-27",1,521,87,687,85
544,"2023-01-27",2,478,102,1024,136
545,"2023-01-28",1,834,158,387,12
546,"2023-01-28",2,578,101,837,160
547,"2023-01-29",1,317,129,329,135
548,"2023-01-29",2,475,303,1038,173
549,"2023-01-30",1,1193,192,1434,619
550,"2023-01-30",2,935,217,1151,61
551,"2023-01-31",1,1085,893,183,316
552,"2023-01-31",2,1059,953,279,793
553,"2023-02-01",1,338,15,131,237
554,"2023-02-01",2,276,29,243,25
555,"2023-02-02",1,1047,291,261,1016
556,"2023-02-02",2,880,327,41,314
557,"2023-02-03",1,294,31,696,119
558,"2023-02-03",2,679,354,18,480
559,"2023-02-04",1,998,877,1278,28
560,"2023-02-04",2,907,449,348,732
561,"2023-02-05",1,334,217,717,41
562,"2023-02-05",2,932,357,1010,348
563,"2023-02-06",1,1107,384,266,649
564,"2023-02-06",2,620,191,196,542
565,"2023-02-07",1,1197,567,619,544
566,"2023-02-07",2,843,771,1060,236
567,"2023-02-08",1,527,316,892,148
568,"2023-02-08",2,512,41,907,125
569,"2023-02-09",1,890,161,1315,179
570,"2023-02-09",2,289,66,1053,88
571,"2023-02-10",1,641,223,297,110
572,"2023-02-10",2,478,228,537,401
573,"2023-02-11",1,700,428,854,483
574,"2023-02-11",2,401,165,295,176
575,"2023-02-12",1,765,356,1014,591
576,"2023-02-12",2,940,765,17,475
577,"2023-02-13",1,958,225,1049,32
578,"2023-02-13",2,601,491,1150,288
579,"2023-02-14",1,769,54,1313,643
580,"2023-02-14",2,207,196,925,202
581,"2023-02-15",1,608,435,534,165
582,"2023-02-15",2,822,676,13,462
583,"2023-02-16",1,846,569,971,352
584,"2023-02-16",2,211,42,1189,187
585,"2023-02-17",1,1067,905,702,843
586,"2023-02-17",2,619,205,433,196
587,"2023-02-18",1,624,436,283,511
588,"2023-02-18",2,1188,623,461,156
589,"2023-02-19",1,726,480,1353,698
590,"2023-02-19",2,291,24,1064,10
591,"2023-02-20",1,993,571,612,341
592,"2023-02-20",2,851,787,497,215
593,"2023-02-21",1,1117,634,773,298
594,"2023-02-21",2,791,237,579,44
595,"2023-02-22",1,1161,339,608,552
596,"2023-02-22",2,698,604,523,334
597,"2023-02-23",1,477,406,1274,261
598,"2023-02-23",2,1196,667,838,542
599,"2023-02-24",1,764,155,858,67
600,"2023-02-24",2,1113,680,332,438
601,"2023-02-25",1,552,146,1327,287
602,"2023-02-25",2,703,229,1061,467
603,"2023-02-26",1,253,73,323,128
604,"2023-02-26",2,1163,905,1284,210
605,"2023-02-27",1,450,425,36,72
606,"2023-02-27",2,768,108,1259,226
607,"2023-02-28",1,654,144,267,543
608,"2023-02-28",2,382,97,601,1
609,"2023-03-01",1,219,95,864,165
610,"2023-03-01",2,734,350,1349,139
611,"2023-03-02",1,635,447,192,590
612,"2023-03-02",2,1000,280,658,770
613,"2023-03-03",1,1130,665,69,817
614,"2023-03-03",2,295,63,543,32
615,"2023-03-04",1,497,188,791,362
616,"2023-03-04",2,868,776,305,279
617,"2023-03-05",1,1120,184,505,1065
618,"2023-03-05",2,1026,569,623,1004
619,"2023-03-06",1,1073,737,1142,7
620,"2023-03-06",2,663,558,332,449
621,"2023-03-07",1,261,104,213,131
622,"2023-03-07",2,254,74,1440,87
623,"2023-03-08",1,692,317,370,529
624,"2023-03-08",2,1065,326,1014,357
625,"2023-03-09",1,1099,618,320,53
626,"2023-03-09",2,1065,600,970,132
627,"2023-03-10",1,1017,511,977,103
628,"2023-03-10",2,307,119,490,232
629,"2023-03-11",1,1107,859,381,856
630,"2023-03-11",2,972,173,209,968
631,"2023-03-12",1,925,276,855,163
632,"2023-03-12",2,1053,632,914,733
633,"2023-03-13",1,503,449,1241,20
634,"2023-03-13",2,1030,45,28,283
635,"2023-03-14",1,906,342,396,634
636,"2023-03-14",2,931,800,35,222
637,"2023-03-15",1,367,365,1117,2
638,"2023-03-15",2,558,110,91,550
639,"2023-03-16",1,390,51,725,50
640,"2023-03-16",2,655,598,436,476
641,"2023-03-17",1,607,395,179,362
642,"2023-03-17",2,1132,412,1329,304
643,"2023-03-18",1,618,477,405,106
644,"2023-03-18",2,935,375,301,595
645,"2023-03-19",1,764,50,1415,558
646,"2023-03-19",2,879,43,936,788
647,"2023-03-20",1,203,89,1350,144
648,"2023-03-20",2,711,34,649,348
649,"2023-03-21",1,1164,270,1292,335
650,"2023-03-21",2,494,395,1288,416
651,"2023-03-22",1,715,0,969,109
652,"2023-03-22",2,936,799,376,426
653,"2023-03-23",1,712,131,428,233
654,"2023-03-23",2,847,217,1224,372
655,"2023-03-24",1,579,310,428,55
656,"2023-03-24",2,418,247,1046,75
657,"2023-03-25",1,1127,65,1020,529
658,"2023-03-25",2,968,312,476,396
659,"2023-03-26",1,402,160,173,109
660,"2023-03-26",2,984,613,850,552
661,"2023-03-27",1,617,392,1250,75
662,"2023-03-27",2,931,410,557,544
663,"2023-03-28",1,325,136,1323,196
664,"2023-03-28",2,397,199,202,14
665,"2023-03-29",1,319,195,569,308
666,"2023-03-29",2,321,294,246,12
667,"2023-03-30",1,887,529,1416,216
668,"2023-03-30",2,1150,996,1231,191
669,"2023-03-31",1,398,249,857,118
670,"2023-03-31",2,661,354,1226,223
671,"2023-04-01",1,1146,375,1265,967
672,"2023-04-01",2,877,707,770,189
673,"2023-04-02",1,366,241,1147,279
674,"2023-04-02",2,747,255,863,355
675,"2023-04-03",1,981,409,211,489
676,"2023-04-03",2,429,167,877,36
677,"2023-04-04",1,261,111,239,197
678,"2023-04-04",2,1146,790,745,830
679,"2023-04-05",1,683,261,524,152
680,"2023-04-05",2,807,38,964,697
681,"2023-04-06",1,869,386,1388,112
682,"2023-04-06",2,702,679,512,222
683,"2023-04-07",1,950,373,139,671
684,"2023-04-07",2,280,173,799,208
685,"2023-04-08",1,1010,455,701,18
686,"2023-04-08",2,371,196,1354,259
687,"2023-04-09",1,243,159,1374,51
688,"2023-04-09",2,1002,980,397,912
689,"2023-04-10",1,402,20,220,35
690,"2023-04-10",2,367,83,779,58
691,"2023-04-11",1,289,44,75,40
692,"2023-04-11",2,913,468,1302,528
693,"2023-04-12",1,1173,218,253,629
694,"2023-04-12",2,494,49,930,494
695,"2023-04-13",1,1063,937,981,217
696,"2023-04-13",2,659,124,1316,656
697,"2023-04-14",1,966,880,74,722
698,"2023-04-14",2,409,259,851,305
699,"2023-04-15",1,397,346,419,148
700,"2023-04-15",2,682,422,748,299
701,"2023-04-16",1,662,166,951,269
702,"2023-04-16",2,981,835,1433,782
703,"2023-04-17",1,378,26,1184,41
704,"2023-04-17",2,423,95,450,394
705,"2023-04-18",1,480,271,464,274
706,"2023-04-18",2,795,649,133,26
707,"2023-04-19",1,963,888,1138,565
708,"2023-04-19",2,271,36,1236,4
709,"2023-04-20",1,1091,457,599,947
710,"2023-04-20",2,699,588,1007,156
711,"2023-04-21",1,932,927,63,284
712,"2023-04-21",2,298,206,289,173
713,"2023-04-22",1,861,404,508,571
714,"2023-04-22",2,897,872,732,530
715,"2023-04-23",1,688,545,50,623
716,"2023-04-23",2,775,495,1235,754
717,"2023-04-24",1,312,111,776,297
718,"2023-04-24",2,651,604,135,280
719,"2023-04-25",1,354,149,1212,106
720,"2023-04-25",2,461,252,541,351
721,"2023-04-26",1,345,270,750,211
722,"2023-04-26",2,910,261,353,427
723,"2023-04-27",1,365,106,837,203
724,"2023-04-27",2,716,675,596,240
725,"2023-04-28",1,538,218,1231,384
726,"2023-04-28",2,428,297,1388,426
727,"2023-04-29",1,817,463,684,575
728,"2023-04-29",2,902,839,123,667
729,"2023-04-30",1,615,426,1295,221
730,"2023-04-30",2,293,22,1286,77
731,"2023-05-01",1,636,511,964,363
732,"2023-05-01",2,747,740,732,443
733,"2023-05-02",1,682,552,389,649
734,"2023-05-02",2,1103,177,983,926
735,"2023-05-03",1,350,175,10,234
736,"2023-05-03",2,356,113,1259,174
737,"2023-05-04",1,600,154,217,22
738,"2023-05-04",2,1074,299,100,815
739,"2023-05-05",1,822,162,218,115
740,"2023-05-05",2,1154,223,1277,975
741,"2023-05-06",1,514,460,1103,135
742,"2023-05-06",2,814,146,570,723
743,"2023-05-07",1,512,410,53,150
744,"2023-05-07",2,958,95,585,166
745,"2023-05-08",1,543,119,1076,213
746,"2023-05-08",2,843,416,501,463
747,"2023-05-09",1,690,327,702,262
748,"2023-05-09",2,1128,612,739,411
749,"2023-05-10",1,523,415,980,272
750,"2023-05-10",2,766,505,976,700
751,"2023-05-11",1,1154,1088,1340,141
752,"2023-05-11",2,1193,985,397,297
753,"2023-05-12",1,1015,999,522,340
754,"2023-05-12",2,238,22,919,185
755,"2023-05-13",1,1039,50,903,94
756,"2023-05-13",2,804,693,503,164
757,"2023-05-14",1,898,319,263,723
758,"2023-05-14",2,992,572,173,169
759,"2023-05-15",1,1122,874,771,636
760,"2023-05-15",2,592,398,341,137
761,"2023-05-16",1,955,759,254,158
762,"2023-05-16",2,938,666,1171,146
763,"2023-05-17",1,1038,172,1129,700
764,"2023-05-17",2,953,719,321,539
765,"2023-05-18",1,918,918,694,681
766,"2023-05-18",2,1153,118,603,724
767,"2023-05-19",1,225,164,793,166
768,"2023-05-19",2,404,320,856,382
769,"2023-05-20",1,231,85,350,127
770,"2023-05-20",2,1082,433,763,19
771,"2023-05-21",1,864,201,239,26
772,"2023-05-21",2,1114,147,105,923
773,"2023-05-22",1,482,78,691,49
774,"2023-05-22",2,378,100,791,254
775,"2023-05-23",1,939,268,1168,344
776,"2023-05-23",2,1049,85,222,476
777,"2023-05-24",1,939,880,493,710
778,"2023-05-24",2,856,473,275,108
779,"2023-05-25",1,857,820,643,651
780,"2023-05-25",2,1178,196,1243,735
781,"2023-05-26",1,888,750,693,115
782,"2023-05-26",2,744,565,303,408
783,"2023-05-27",1,341,247,575,338
784,"2023-05-27",2,569,221,51,112
785,"2023-05-28",1,1153,879,177,90
786,"2023-05-28",2,502,288,678,328
787,"2023-05-29",1,1054,192,36,858
788,"2023-05-29",2,813,290,173,23
789,"2023-05-30",1,927,127,1251,79
790,"2023-05-30",2,1166,62,855,295
791,"2023-05-31",1,368,310,128,43
792,"2023-05-31",2,253,224,1222,120
793,"2023-06-01",1,835,259,1164,794
794,"2023-06-01",2,1027,442,713,3
795,"2023-06-02",1,397,57,679,378
796,"2023-06-02",2,522,183,684,300
797,"2023-06-03",1,552,155,782,333
798,"2023-06-03",2,1195,464,1407,578
799,"2023-06-04",1,418,143,964,171
800,"2023-06-04",2,454,406,165,356
801,"2023-06-05",1,204,57,696,159
802,"2023-06-05",2,871,242,406,387
803,"2023-06-06",1,340,85,1335,46
804,"2023-06-06",2,580,158,606,88
805,"2023-06-07",1,1172,420,925,934
806,"2023-06-07",2,1159,731,1375,174
807,"2023-06-08",1,669,270,1174,201
808,"2023-06-08",2,446,181,389,121
809,"2023-06-09",1,554,225,725,203
810,"2023-06-09",2,278,2,831,148
811,"2023-06-10",1,1121,308,191,525
812,"2023-06-10",2,722,406,1192,445
813,"2023-06-11",1,879,841,976,760
814,"2023-06-11",2,272,71,995,221
815,"2023-06-12",1,866,129,71,453
816,"2023-06-12",2,976,213,330,528
817,"2023-06-13",1,542,172,46,183
818,"2023-06-13",2,1162,631,839,57
819,"2023-06-14",1,911,78,477,826
820,"2023-06-14",2,530,138,872,98
821,"2023-06-15",1,934,791,330,107
822,"2023-06-15",2,440,198,1324,198
823,"2023-06-16",1,949,235,57,25
824,"2023-06-16",2,289,194,1087,273
825,"2023-06-17",1,896,224,480,803
826,"2023-06-17",2,479,395,857,106
827,"2023-06-18",1,238,19,1436,80
828,"2023-06-18",2,509,347,188,477
829,"2023-06-19",1,242,57,1064,8
830,"2023-06-19",2,1092,1056,1276,276
831,"2023-06-20",1,1175,633,754,795
832,"2023-06-20",2,513,276,589,183
833,"2023-06-21",1,909,833,813,357
834,"2023-06-21",2,931,795,22,907
835,"2023-06-22",1,1049,53,616,788
836,"2023-06-22",2,636,556,957,464
837,"2023-06-23",1,248,231,928,21
838,"2023-06-23",2,886,509,791,709
839,"2023-06-24",1,683,292,522,631
840,"2023-06-24",2,936,713,395,820
841,"2023-06-25",1,1028,444,1175,155
842,"2023-06-25",2,980,279,372,137
843,"2023-06-26",1,784,729,824,334
844,"2023-06-26",2,884,460,484,356
845,"2023-06-27",1,1031,524,1254,922
846,"2023-06-27",2,387,339,733,253
847,"2023-06-28",1,249,70,651,231
848,"2023-06-28",2,636,581,1321,130
849,"2023-06-29",1,514,300,188,302
850,"2023-06-29",2,491,87,406,464
851,"2023-06-30",1,349,208,1279,240
852,"2023-06-30",2,314,310,329,225
853,"2023-07-01",1,1133,715,277,645
854,"2023-07-01",2,925,91,657,130
855,"2023-07-02",1,533,56,743,225
856,"2023-07-02",2,1158,5,808,410
857,"2023-07-03",1,859,351,944,102
858,"2023-07-03",2,582,486,931,333
859,"2023-07-04",1,822,519,388,87
860,"2023-07-04",2,1092,180,1127,430
861,"2023-07-05",1,250,212,308,43
862,"2023-07-05",2,737,567,51,152
863,"2023-07-06",1,586,133,1398,419
864,"2023-07-06",2,655,132,505,517
865,"2023-07-07",1,999,430,110,692
866,"2023-07-07",2,1138,686,365,968
867,"2023-07-08",1,702,85,813,632
868,"2023-07-08",2,758,725,298,590
869,"2023-07-09",1,1076,77,1282,858
870,"2023-07-09",2,269,163,1431,59
871,"2023-07-10",1,497,229,145,340
872,"2023-07-10",2,310,56,59,215
873,"2023-07-11",1,696,684,990,402
874,"2023-07-11",2,758,557,277,153
875,"2023-07-12",1,810,430,469,173
876,"2023-07-12",2,856,436,36,612
877,"2023-07-13",1,1005,90,1219,366
878,"2023-07-13",2,331,30,540,82
879,"2023-07-14",1,338,111,1052,312
880,"2023-07-14",2,669,366,1435,633
881,"2023-07-15",1,757,166,1277,325
882,"2023-07-15",2,1073,921,51,829
883,"2023-07-16",1,817,749,537,472
884,"2023-07-16",2,998,979,787,433
885,"2023-07-17",1,1061,18,1259,59
886,"2023-07-17",2,673,303,1164,445
887,"2023-07-18",1,759,73,191,695
888,"2023-07-18",2,1031,796,319,731
889,"2023-07-19",1,798,157,190,694
890,"2023-07-19",2,1158,777,729,1031
891,"2023-07-20",1,1073,15,135,790
892,"2023-07-20",2,806,698,217,22
893,"2023-07-21",1,788,331,381,165
894,"2023-07-21",2,775,497,1277,583
895,"2023-07-22",1,1163,695,991,150
896,"2023-07-22",2,582,33,1154,117
897,"2023-07-23",1,561,170,321,202
898,"2023-07-23",2,323,134,473,321
899,"2023-07-24",1,242,115,189,231
900,"2023-07-24",2,982,404,1193,951
901,"2023-07-25",1,563,160,1216,200
902,"2023-07-25",2,378,270,866,85
903,"2023-07-26",1,1114,582,1053,684
904,"2023-07-26",2,478,100,833,159
905,"2023-07-27",1,1028,912,1244,176
906,"2023-07-27",2,808,193,1220,224
907,"2023-07-28",1,788,268,740,48
908,"2023-07-28",2,1149,326,44,707
909,"2023-07-29",1,420,68,506,111
910,"2023-07-29",2,552,283,191,282
911,"2023-07-30",1,973,124,323,543
912,"2023-07-30",2,1063,62,1003,800
913,"2023-07-31",1,661,174,882,604
914,"2023-07-31",2,939,378,1299,732
915,"2023-08-01",1,947,474,1332,946
916,"2023-08-01",2,292,120,961,273
917,"2023-08-02",1,362,258,879,22
918,"2023-08-02",2,330,50,1192,14
919,"2023-08-03",1,827,628,1376,546
920,"2023-08-03",2,704,122,1348,118
921,"2023-08-04",1,1065,944,905,267
922,"2023-08-04",2,327,207,1222,271
923,"2023-08-05",1,318,240,894,46
924,"2023-08-05",2,1126,148,1264,255
925,"2023-08-06",1,958,352,1142,795
926,"2023-08-06",2,1023,940,237,378
927,"2023-08-07",1,1113,845,15,54
928,"2023-08-07",2,638,8,473,181
929,"2023-08-08",1,517,265,420,515
930,"2023-08-08",2,1196,727,955,380
931,"2023-08-09",1,1029,43,162,404
932,"2023-08-09",2,847,479,114,68
933,"2023-08-10",1,1156,79,81,257
934,"2023-08-10",2,692,147,1220,82
935,"2023-08-11",1,622,190,467,407
936,"2023-08-11",2,715,531,1177,2
937,"2023-08-12",1,1004,219,656,630
938,"2023-08-12",2,1053,474,500,360
939,"2023-08-13",1,708,4,1355,635
940,"2023-08-13",2,1026,880,1144,488
941,"2023-08-14",1,596,110,984,272
942,"2023-08-14",2,651,404,88,123
943,"2023-08-15",1,1017,247,1123,1004
944,"2023-08-15",2,269,231,153,160
945,"2023-08-16",1,490,149,705,149
946,"2023-08-16",2,989,114,1002,563
947,"2023-08-17",1,709,471,448,550
948,"2023-08-17",2,520,188,694,430
949,"2023-08-18",1,575,363,1405,132
950,"2023-08-18",2,767,158,1349,519
951,"2023-08-19",1,758,364,1298,724
952,"2023-08-19",2,747,704,791,155
953,"2023-08-20",1,598,164,1363,432
954,"2023-08-20",2,255,17,1206,213
955,"2023-08-21",1,520,149,1277,197
956,"2023-08-21",2,964,527,1135,869
957,"2023-08-22",1,776,363,98,93
958,"2023-08-22",2,661,558,1086,43
959,"2023-08-23",1,371,85,891,104
960,"2023-08-23",2,434,148,1127,275
961,"2023-08-24",1,1155,647,809,240
962,"2023-08-24",2,200,69,1226,166
963,"2023-08-25",1,734,188,881,419
964,"2023-08-25",2,849,620,1383,48
965,"2023-08-26",1,716,305,1212,653
966,"2023-08-26",2,868,835,1192,636
967,"2023-08-27",1,424,198,1018,129
968,"2023-08-27",2,651,412,366,621
969,"2023-08-28",1,519,438,136,68
970,"2023-08-28",2,698,231,378,263
971,"2023-08-29",1,301,278,1421,137
972,"2023-08-29",2,512,312,1219,328
973,"2023-08-30",1,288,131,1143,162
974,"2023-08-30",2,594,41,1304,307
975,"2023-08-31",1,1059,141,113,930
976,"2023-08-31",2,876,53,133,781
977,"2023-09-01",1,466,361,824,270
978,"2023-09-01",2,496,239,51,71
979,"2023-09-02",1,598,346,224,214
980,"2023-09-02",2,932,679,683,774
981,"2023-09-03",1,1073,557,313,788
982,"2023-09-03",2,1044,454,1310,392
983,"2023-09-04",1,1132,298,207,804
984,"2023-09-04",2,430,400,241,83
985,"2023-09-05",1,1157,292,551,1045
986,"2023-09-05",2,607,434,779,129
987,"2023-09-06",1,645,325,891,327
988,"2023-09-06",2,233,121,747,233
989,"2023-09-07",1,1133,900,685,245
990,"2023-09-07",2,630,43,733,35
991,"2023-09-08",1,1110,477,174,969
992,"2023-09-08",2,297,88,1335,100
993,"2023-09-09",1,677,118,1033,580
994,"2023-09-09",2,210,91,236,123
995,"2023-09-10",1,565,522,433,521
996,"2023-09-10",2,278,27,659,216
997,"2023-09-11",1,607,427,329,246
998,"2023-09-11",2,508,101,1081,256
999,"2023-09-12",1,710,529,1279,497
1000,"2023-09-12",2,842,634,502,343
1001,"2023-09-13",1,444,422,746,149
1002,"2023-09-13",2,300,28,294,72
1003,"2023-09-14",1,319,56,1080,221
1004,"2023-09-14",2,540,315,1369,350
1005,"2023-09-15",1,798,579,532,398
1006,"2023-09-15",2,857,677,1355,310
1007,"2023-09-16",1,1186,406,772,1171
1008,"2023-09-16",2,958,273,163,312
1009,"2023-09-17",1,374,191,1080,374
1010,"2023-09-17",2,448,91,300,180
1011,"2023-09-18",1,687,659,123,453
1012,"2023-09-18",2,649,559,393,638
1013,"2023-09-19",1,620,132,1218,170
1014,"2023-09-19",2,832,788,1273,330
1015,"2023-09-20",1,804,210,711,132
1016,"2023-09-20",2,299,23,877,77
1017,"2023-09-21",1,1026,151,1109,891
1018,"2023-09-21",2,304,67,724,269
1019,"2023-09-22",1,264,133,687,98
1020,"2023-09-22",2,338,70,999,102
1021,"2023-09-23",1,679,199,316,269
1022,"2023-09-23",2,506,311,226,308
1023,"2023-09-24",1,1193,988,980,348
1024,"2023-09-24",2,390,9,360,29
1025,"2023-09-25",1,529,117,584,154
1026,"2023-09-25",2,950,159,635,750
1027,"2023-09-26",1,317,95,1147,159
1028,"2023-09-26",2,285,208,629,102
1029,"2023-09-27",1,421,295,695,122
1030,"2023-09-27",2,403,352,614,364
1031,"2023-09-28",1,665,351,726,34
1032,"2023-09-28",2,1087,330,809,620
1033,"2023-09-29",1,1063,337,367,40
1034,"2023-09-29",2,842,140,543,194
1035,"2023-09-30",1,1171,99,50,1149
1036,"2023-09-30",2,634,340,860,472
1037,"2023-10-01",1,434,333,12,8
1038,"2023-10-01",2,361,24,1066,161
1039,"2023-10-02",1,667,87,1140,21
1040,"2023-10-02",2,479,104,1396,397
1041,"2023-10-03",1,805,346,1092,374
1042,"2023-10-03",2,928,367,163,518
1043,"2023-10-04",1,410,359,1187,210
1044,"2023-10-04",2,929,627,1023,95
1045,"2023-10-05",1,1167,696,771,747
1046,"2023-10-05",2,670,544,54,592
1047,"2023-10-06",1,814,477,1100,240
1048,"2023-10-06",2,765,683,271,685
1049,"2023-10-07",1,862,557,789,662
1050,"2023-10-07",2,284,233,747,6
1051,"2023-10-08",1,454,275,377,49
1052,"2023-10-08",2,995,591,973,22
1053,"2023-10-09",1,352,329,533,28
1054,"2023-10-09",2,1112,694,505,348
1055,"2023-10-10",1,273,136,821,39
1056,"2023-10-10",2,255,121,998,61
1057,"2023-10-11",1,824,810,381,649
1058,"2023-10-11",2,981,426,847,528
1059,"2023-10-12",1,208,57,1184,115
1060,"2023-10-12",2,1119,791,435,1100
1061,"2023-10-13",1,771,404,74,291
1062,"2023-10-13",2,296,99,102,10
1063,"2023-10-14",1,1049,208,130,385
1064,"2023-10-14",2,882,244,1220,439
1065,"2023-10-15",1,505,409,810,375
1066,"2023-10-15",2,591,187,690,389
1067,"2023-10-16",1,448,157,351,239
1068,"2023-10-16",2,539,485,860,279
1069,"2023-10-17",1,1123,503,383,530
1070,"2023-10-17",2,692,480,76,82
1071,"2023-10-18",1,528,405,640,96
1072,"2023-10-18",2,435,286,207,234
1073,"2023-10-19",1,801,800,1151,670
1074,"2023-10-19",2,1119,319,41,370
1075,"2023-10-20",1,874,386,755,660
1076,"2023-10-20",2,429,280,1025,195
1077,"2023-10-21",1,742,107,506,466
1078,"2023-10-21",2,279,83,54,246
1079,"2023-10-22",1,663,557,866,451
1080,"2023-10-22",2,865,7,220,38
1081,"2023-10-23",1,693,285,533,75
1082,"2023-10-23",2,1052,397,950,126
1083,"2023-10-24",1,902,83,316,168
1084,"2023-10-24",2,1083,806,1379,258
1085,"2023-10-25",1,1104,131,1355,636
1086,"2023-10-25",2,226,107,479,118
1087,"2023-10-26",1,407,59,855,324
1088,"2023-10-26",2,980,393,1436,817
1089,"2023-10-27",1,515,463,278,273
1090,"2023-10-27",2,1033,490,1007,351
1091,"2023-10-28",1,1109,1058,1110,662
1092,"2023-10-28",2,454,220,118,186
1093,"2023-10-29",1,541,426,915,195
1094,"2023-10-29",2,499,437,341,252
1095,"2023-10-30",1,852,467,1238,145
1096,"2023-10-30",2,653,128,1051,363
1097,"2023-10-31",1,905,664,208,249
1098,"2023-10-31",2,657,435,804,108
1099,"2023-11-01",1,1196,537,1010,180
1100,"2023-11-01",2,530,449,220,139
1101,"2023-11-02",1,423,116,592,77
1102,"2023-11-02",2,742,380,1184,505
1103,"2023-11-03",1,511,184,1042,241
1104,"2023-11-03",2,999,656,178,506
1105,"2023-11-04",1,288,139,1292,288
1106,"2023-11-04",2,482,254,749,335
1107,"2023-11-05",1,982,553,709,778
1108,"2023-11-05",2,1031,755,593,869
1109,"2023-11-06",1,584,546,571,105
1110,"2023-11-06",2,739,331,1425,107
1111,"2023-11-07",1,866,849,973,681
1112,"2023-11-07",2,787,356,1030,378
1113,"2023-11-08",1,256,174,1346,198
1114,"2023-11-08",2,474,84,261,65
1115,"2023-11-09",1,1185,1183,1064,944
1116,"2023-11-09",2,520,159,493,183
1117,"2023-11-10",1,930,584,58,920
1118,"2023-11-10",2,579,336,263,493
1119,"2023-11-11",1,886,774,1022,498
1120,"2023-11-11",2,921,917,120,684
1121,"2023-11-12",1,391,151,805,387
1122,"2023-11-12",2,600,468,1046,108
1123,"2023-11-13",1,570,159,1180,311
1124,"2023-11-13",2,1101,215,1219,825
1125,"2023-11-14",1,1110,652,202,1074
1126,"2023-11-14",2,285,68,500,113
1127,"2023-11-15",1,724,407,580,325
1128,"2023-11-15",2,865,683,927,116
1129,"2023-11-16",1,902,400,1344,22
1130,"2023-11-16",2,1034,770,1343,6
1131,"2023-11-17",1,931,334,754,768
1132,"2023-11-17",2,446,329,953,195
1133,"2023-11-18",1,1048,788,516,33
1134,"2023-11-18",2,1040,634,1285,872
1135,"2023-11-19",1,870,404,980,827
1136,"2023-11-19",2,434,88,133,414
1137,"2023-11-20",1,827,648,1315,788
1138,"2023-11-20",2,381,355,1120,72
1139,"2023-11-21",1,754,226,802,172
1140,"2023-11-21",2,588,66,1357,378
1141,"2023-11-22",1,569,360,1028,87
1142,"2023-11-22",2,799,26,547,484
1143,"2023-11-23",1,606,143,993,319
1144,"2023-11-23",2,383,292,1117,214
1145,"2023-11-24",1,544,279,409,533
1146,"2023-11-24",2,599,540,922,363
1147,"2023-11-25",1,453,216,559,123
1148,"2023-11-25",2,1181,1113,833,1122
1149,"2023-11-26",1,666,321,728,373
1150,"2023-11-26",2,924,630,189,481
1151,"2023-11-27",1,697,6,1119,32
1152,"2023-11-27",2,861,351,642,274
1153,"2023-11-28",1,322,45,1257,0
1154,"2023-11-28",2,638,112,365,402
1155,"2023-11-29",1,908,565,409,818
1156,"2023-11-29",2,758,355,1011,435
1157,"2023-11-30",1,247,9,560,215
1158,"2023-11-30",2,943,7,279,180
1159,"2023-12-01",1,440,264,333,408
1160,"2023-12-01",2,807,150,959,442
1161,"2023-12-02",1,1180,991,516,952
1162,"2023-12-02",2,885,482,356,810
1163,"2023-12-03",1,717,699,542,244
1164,"2023-12-03",2,763,27,1021,405
1165,"2023-12-04",1,893,246,1037,133
1166,"2023-12-04",2,376,366,983,105
1167,"2023-12-05",1,959,452,293,737
1168,"2023-12-05",2,1013,850,57,925
1169,"2023-12-06",1,637,81,1021,234
1170,"2023-12-06",2,490,220,463,227
1171,"2023-12-07",1,435,59,348,142
1172,"2023-12-07",2,524,313,289,512
1173,"2023-12-08",1,988,908,762,331
1174,"2023-12-08",2,746,203,993,297
1175,"2023-12-09",1,764,588,681,2
1176,"2023-12-09",2,840,144,1074,69
1177,"2023-12-10",1,683,463,1020,615
1178,"2023-12-10",2,511,41,54,498
1179,"2023-12-11",1,1047,499,611,644
1180,"2023-12-11",2,497,274,215,310
1181,"2023-12-12",1,487,286,469,465
1182,"2023-12-12",2,972,893,953,971
1183,"2023-12-13",1,466,329,518,120
1184,"2023-12-13",2,421,370,1057,358
1185,"2023-12-14",1,482,328,102,334
1186,"2023-12-14",2,236,106,40,72
1187,"2023-12-15",1,533,241,1088,21
1188,"2023-12-15",2,389,341,512,122
1189,"2023-12-16",1,693,562,360,426
1190,"2023-12-16",2,579,313,188,336
1191,"2023-12-17",1,833,639,1430,535
1192,"2023-12-17",2,1154,15,426,723
1193,"2023-12-18",1,478,178,947,434
1194,"2023-12-18",2,515,199,1319,102
1195,"2023-12-19",1,693,211,692,129
1196,"2023-12-19",2,458,407,917,247
1197,"2023-12-20",1,341,243,12,313
1198,"2023-12-20",2,359,154,277,296
1199,"2023-12-21",1,247,195,639,126
1200,"2023-12-21",2,255,114,417,29
1201,"2023-12-22",1,1129,585,809,1052
1202,"2023-12-22",2,514,335,900,242
1203,"2023-12-23",1,265,247,927,88
1204,"2023-12-23",2,1031,442,1051,575
1205,"2023-12-24",1,287,255,1363,37
1206,"2023-12-24",2,298,56,792,255
1207,"2023-12-25",1,637,487,802,301
1208,"2023-12-25",2,430,154,1274,229
1209,"2023-12-26",1,434,333,479,246
1210,"2023-12-26",2,545,22,849,155
1211,"2023-12-27",1,490,199,442,62
1212,"2023-12-27",2,204,195,887,163
1213,"2023-12-28",1,1146,965,997,862
1214,"2023-12-28",2,1019,987,1169,752
1215,"2023-12-29",1,344,309,1383,107
1216,"2023-12-29",2,719,557,1387,136
1217,"2023-12-30",1,641,391,679,554
1218,"2023-12-30",2,1188,701,210,591
1219,"2023-12-31",1,322,256,660,116
1220,"2023-12-31",2,794,91,164,738
1221,"2024-01-01",1,988,445,287,798
1222,"2024-01-01",2,941,217,695,791
1223,"2024-01-02",1,560,377,1130,341
1224,"2024-01-02",2,312,32,342,92
1225,"2024-01-03",1,1194,435,1158,477
1226,"2024-01-03",2,910,418,918,641
1227,"2024-01-04",1,1173,995,742,163
1228,"2024-01-04",2,1086,41,382,935
1229,"2024-01-05",1,751,750,572,708
1230,"2024-01-05",2,549,321,315,490
1231,"2024-01-06",1,588,426,1061,279
1232,"2024-01-06",2,705,342,981,406
1233,"2024-01-07",1,616,343,690,315
1234,"2024-01-07",2,1077,225,1290,1023
1235,"2024-01-08",1,361,334,445,236
1236,"2024-01-08",2,1184,426,257,72
1237,"2024-01-09",1,1175,61,538,513
1238,"2024-01-09",2,575,129,70,535
1239,"2024-01-10",1,266,103,1265,24
1240,"2024-01-10",2,936,475,761,550
1241,"2024-01-11",1,480,246,807,350
1242,"2024-01-11",2,762,653,1191,526
1243,"2024-01-12",1,894,123,924,316
1244,"2024-01-12",2,386,26,1275,335
1245,"2024-01-13",1,321,151,1147,151
1246,"2024-01-13",2,510,248,263,364
1247,"2024-01-14",1,1018,324,776,212
1248,"2024-01-14",2,304,41,279,256
1249,"2024-01-15",1,1005,159,464,978
1250,"2024-01-15",2,271,218,1025,47
1251,"2024-01-16",1,349,84,760,300
1252,"2024-01-16",2,374,341,1107,80
1253,"2024-01-17",1,520,34,596,92
1254,"2024-01-17",2,655,75,999,187
1255,"2024-01-18",1,1157,500,89,170
1256,"2024-01-18",2,975,300,599,543
1257,"2024-01-19",1,1056,258,137,277
1258,"2024-01-19",2,1109,1039,279,412
1259,"2024-01-20",1,317,286,486,216
1260,"2024-01-20",2,281,170,524,211
1261,"2024-01-21",1,1078,118,282,292
1262,"2024-01-21",2,443,165,486,283
1263,"2024-01-22",1,579,23,958,191
1264,"2024-01-22",2,712,480,923,6
1265,"2024-01-23",1,209,93,737,190
1266,"2024-01-23",2,457,77,720,375
1267,"2024-01-24",1,268,8,352,103
1268,"2024-01-24",2,357,21,258,156
1269,"2024-01-25",1,221,28,1314,8
1270,"2024-01-25",2,668,595,1388,73
1271,"2024-01-26",1,987,901,372,129
1272,"2024-01-26",2,531,510,194,384
1273,"2024-01-27",1,1076,984,104,1024
1274,"2024-01-27",2,209,174,573,111
1275,"2024-01-28",1,1045,251,413,806
1276,"2024-01-28",2,1087,276,1209,805
1277,"2024-01-29",1,836,172,1264,253
1278,"2024-01-29",2,640,298,54,387
1279,"2024-01-30",1,358,78,254,250
1280,"2024-01-30",2,965,802,409,790
1281,"2024-01-31",1,796,12,665,335
1282,"2024-01-31",2,499,292,592,120
1283,"2024-02-01",1,385,324,1182,359
1284,"2024-02-01",2,281,79,612,202
1285,"2024-02-02",1,764,460,300,81
1286,"2024-02-02",2,515,349,552,208
1287,"2024-02-03",1,1196,373,1036,186
1288,"2024-02-03",2,1119,860,167,213
1289,"2024-02-04",1,546,24,1286,546
1290,"2024-02-04",2,721,564,407,672
1291,"2024-02-05",1,886,57,1030,459
1292,"2024-02-05",2,908,475,1057,459
1293,"2024-02-06",1,859,83,42,87
1294,"2024-02-06",2,374,138,1190,238
1295,"2024-02-07",1,1061,988,930,653
1296,"2024-02-07",2,524,325,238,184
1297,"2024-02-08",1,1030,215,688,953
1298,"2024-02-08",2,831,40,295,447
1299,"2024-02-09",1,1175,765,1439,558
1300,"2024-02-09",2,1191,1003,1045,242
1301,"2024-02-10",1,370,152,565,175
1302,"2024-02-10",2,461,205,1317,202
1303,"2024-02-11",1,665,375,728,637
1304,"2024-02-11",2,1190,449,1136,312
1305,"2024-02-12",1,1008,671,496,603
1306,"2024-02-12",2,200,60,85,176
1307,"2024-02-13",1,801,454,780,564
1308,"2024-02-13",2,1029,16,908,115
1309,"2024-02-14",1,513,471,442,151
1310,"2024-02-14",2,932,891,848,322
1311,"2024-02-15",1,544,271,247,44
1312,"2024-02-15",2,564,197,171,348
1313,"2024-02-16",1,220,130,334,148
1314,"2024-02-16",2,752,502,471,189
1315,"2024-02-17",1,996,33,706,239
1316,"2024-02-17",2,503,243,984,69
1317,"2024-02-18",1,980,406,1390,672
1318,"2024-02-18",2,1014,256,609,969
1319,"2024-02-19",1,237,60,1121,63
1320,"2024-02-19",2,1193,877,846,1102
1321,"2024-02-20",1,551,343,731,310
1322,"2024-02-20",2,697,2,820,330
1323,"2024-02-21",1,808,620,721,487
1324,"2024-02-21",2,456,251,805,308
1325,"2024-02-22",1,572,97,123,144
1326,"2024-02-22",2,576,88,1233,148
1327,"2024-02-23",1,663,35,355,480
1328,"2024-02-23",2,275,263,351,273
1329,"2024-02-24",1,973,696,158,341
1330,"2024-02-24",2,571,213,1011,430
1331,"2024-02-25",1,650,183,217,475
1332,"2024-02-25",2,643,304,728,247
1333,"2024-02-26",1,508,491,712,21
1334,"2024-02-26",2,654,614,347,245
1335,"2024-02-27",1,626,514,967,335
1336,"2024-02-27",2,240,232,1430,17
1337,"2024-02-28",1,511,373,179,507
1338,"2024-02-28",2,877,866,1138,850
1339,"2024-02-29",1,538,275,151,147
1340,"2024-02-29",2,683,661,1077,49
1341,"2024-03-01",1,700,309,868,419
1342,"2024-03-01",2,1064,62,699,711
1343,"2024-03-02",1,482,87,11,89
1344,"2024-03-02",2,240,88,1310,204
1345,"2024-03-03",1,590,19,220,15
1346,"2024-03-03",2,543,271,1313,291
1347,"2024-03-04",1,626,131,905,221
1348,"2024-03-04",2,304,107,202,225
1349,"2024-03-05",1,767,541,1340,180
1350,"2024-03-05",2,432,192,387,32
1351,"2024-03-06",1,267,132,896,56
1352,"2024-03-06",2,408,295,618,287
1353,"2024-03-07",1,794,522,183,257
1354,"2024-03-07",2,562,300,901,312
1355,"2024-03-08",1,917,282,1143,44
1356,"2024-03-08",2,415,400,1086,61
1357,"2024-03-09",1,875,258,556,210
1358,"2024-03-09",2,1128,528,1308,788
1359,"2024-03-10",1,1113,151,563,726
1360,"2024-03-10",2,917,717,494,309
1361,"2024-03-11",1,306,177,1432,92
1362,"2024-03-11",2,1014,24,706,631
1363,"2024-03-12",1,805,643,1294,79
1364,"2024-03-12",2,1199,461,848,1185
1365,"2024-03-13",1,413,167,1303,60
1366,"2024-03-13",2,853,273,751,93
1367,"2024-03-14",1,280,133,1337,267
1368,"2024-03-14",2,753,563,313,278
1369,"2024-03-15",1,801,182,1248,140
1370,"2024-03-15",2,602,505,645,94
1371,"2024-03-16",1,835,130,1310,179
1372,"2024-03-16",2,820,27,99,331
1373,"2024-03-17",1,1094,885,462,264
1374,"2024-03-17",2,527,141,554,382
1375,"2024-03-18",1,731,656,846,185
1376,"2024-03-18",2,496,326,782,475
1377,"2024-03-19",1,847,503,708,498
1378,"2024-03-19",2,362,18,1197,95
1379,"2024-03-20",1,755,349,605,92
1380,"2024-03-20",2,212,64,651,140
1381,"2024-03-21",1,274,59,899,206
1382,"2024-03-21",2,1134,893,1428,609
1383,"2024-03-22",1,324,250,896,229
1384,"2024-03-22",2,957,897,908,180
1385,"2024-03-23",1,245,72,170,176
1386,"2024-03-23",2,740,240,543,523
1387,"2024-03-24",1,948,927,994,56
1388,"2024-03-24",2,774,31,876,743
1389,"2024-03-25",1,616,185,1001,40
1390,"2024-03-25",2,770,460,230,144
1391,"2024-03-26",1,518,201,214,71
1392,"2024-03-26",2,1111,360,339,1017
1393,"2024-03-27",1,1106,1025,604,187
1394,"2024-03-27",2,241,209,830,241
1395,"2024-03-28",1,530,476,1228,480
1396,"2024-03-28",2,1051,906,1080,355
1397,"2024-03-29",1,438,174,363,400
1398,"2024-03-29",2,725,320,353,541
1399,"2024-03-30",1,913,191,417,207
1400,"2024-03-30",2,779,761,1056,655
1401,"2024-03-31",1,609,269,566,177
1402,"2024-03-31",2,777,120,843,306
1403,"2024-04-01",1,557,291,1097,369
1404,"2024-04-01",2,893,310,1079,152
1405,"2024-04-02",1,511,359,53,12
1406,"2024-04-02",2,811,431,581,776
1407,"2024-04-03",1,245,163,608,120
1408,"2024-04-03",2,1149,432,881,654
1409,"2024-04-04",1,456,58,295,109
1410,"2024-04-04",2,539,100,365,16
1411,"2024-04-05",1,1091,1043,616,846
1412,"2024-04-05",2,1196,312,395,693
1413,"2024-04-06",1,926,404,239,13
1414,"2024-04-06",2,1002,289,521,33
1415,"2024-04-07",1,366,142,1184,312
1416,"2024-04-07",2,784,538,700,49
1417,"2024-04-08",1,418,38,1102,169
1418,"2024-04-08",2,874,450,1150,65
1419,"2024-04-09",1,535,155,331,270
1420,"2024-04-09",2,912,541,1195,530
1421,"2024-04-10",1,359,251,382,303
1422,"2024-04-10",2,1146,86,423,169
1423,"2024-04-11",1,781,62,658,694
1424,"2024-04-11",2,990,958,387,295
1425,"2024-04-12",1,660,4,33,230
1426,"2024-04-12",2,1010,668,1399,275
1427,"2024-04-13",1,1169,411,1196,673
1428,"2024-04-13",2,941,284,104,283
1429,"2024-04-14",1,1027,942,335,157
1430,"2024-04-14",2,454,374,786,179
1431,"2024-04-15",1,390,306,599,91
1432,"2024-04-15",2,812,723,1265,372
1433,"2024-04-16",1,1178,202,858,1116
1434,"2024-04-16",2,857,709,261,284
1435,"2024-04-17",1,1151,752,310,493
1436,"2024-04-17",2,746,651,637,743
1437,"2024-04-18",1,399,208,87,124
1438,"2024-04-18",2,1116,332,427,1083
1439,"2024-04-19",1,684,287,1152,354
1440,"2024-04-19",2,530,405,1321,332
1441,"2024-04-20",1,1069,124,321,336
1442,"2024-04-20",2,324,41,897,188
1443,"2024-04-21",1,1152,791,745,1141
1444,"2024-04-21",2,838,252,110,570
1445,"2024-04-22",1,273,65,332,221
1446,"2024-04-22",2,476,336,594,358
1447,"2024-04-23",1,447,428,617,393
1448,"2024-04-23",2,1104,661,1180,662
1449,"2024-04-24",1,1121,192,786,647
1450,"2024-04-24",2,456,202,510,129
1451,"2024-04-25",1,1181,773,1342,728
1452,"2024-04-25",2,662,30,466,258
1453,"2024-04-26",1,1021,345,999,638
1454,"2024-04-26",2,745,108,1224,513
1455,"2024-04-27",1,209,94,193,166
1456,"2024-04-27",2,326,57,960,305
1457,"2024-04-28",1,204,189,1309,43
1458,"2024-04-28",2,457,211,680,283
1459,"2024-04-29",1,347,182,1086,76
1460,"2024-04-29",2,233,191,151,27
1461,"2024-04-30",1,335,199,112,260
1462,"2024-04-30",2,364,139,1376,114
1463,"2024-05-01",1,600,562,1276,457
1464,"2024-05-01",2,496,426,1088,152
1465,"2024-05-02",1,981,656,742,716
1466,"2024-05-02",2,330,194,376,62
1467,"2024-05-03",1,595,309,1071,145
1468,"2024-05-03",2,834,141,133,348
1469,"2024-05-04",1,227,119,1286,100
1470,"2024-05-04",2,695,337,115,398
1471,"2024-05-05",1,339,211,17,123
1472,"2024-05-05",2,486,222,988,381
1473,"2024-05-06",1,935,512,1389,593
1474,"2024-05-06",2,276,197,996,241
1475,"2024-05-07",1,609,335,866,590
1476,"2024-05-07",2,658,103,931,449
1477,"2024-05-08",1,859,216,1349,204
1478,"2024-05-08",2,1081,988,625,205
1479,"2024-05-09",1,656,372,236,286
1480,"2024-05-09",2,967,38,1302,3
1481,"2024-05-10",1,1170,568,1134,382
1482,"2024-05-10",2,443,297,57,188
1483,"2024-05-11",1,868,317,487,461
1484,"2024-05-11",2,312,221,1030,152
1485,"2024-05-12",1,373,112,332,47
1486,"2024-05-12",2,778,622,1088,280
1487,"2024-05-13",1,951,264,511,742
1488,"2024-05-13",2,916,628,1198,630
1489,"2024-05-14",1,1192,333,440,1040
1490,"2024-05-14",2,360,249,1253,232
1491,"2024-05-15",1,565,333,838,394
1492,"2024-05-15",2,306,141,945,234
1493,"2024-05-16",1,502,409,1326,4
1494,"2024-05-16",2,1200,814,73,111
1495,"2024-05-17",1,253,186,1413,20
1496,"2024-05-17",2,246,127,1221,177
1497,"2024-05-18",1,1180,544,1426,768
1498,"2024-05-18",2,268,112,861,107
1499,"2024-05-19",1,443,415,373,219
1500,"2024-05-19",2,464,425,511,443
1501,"2024-05-20",1,494,174,1168,163
1502,"2024-05-20",2,881,811,857,330
1503,"2024-05-21",1,869,7,58,738
1504,"2024-05-21",2,246,72,837,202
1505,"2024-05-22",1,283,242,907,151
1506,"2024-05-22",2,1081,587,436,95
1507,"2024-05-23",1,311,117,353,112
1508,"2024-05-23",2,1198,964,85,569
1509,"2024-05-24",1,759,340,224,345
1510,"2024-05-24",2,955,561,636,674
1511,"2024-05-25",1,784,423,407,202
1512,"2024-05-25",2,704,605,636,10
1513,"2024-05-26",1,679,623,726,56
1514,"2024-05-26",2,787,728,1172,685
1515,"2024-05-27",1,256,7,1263,17
1516,"2024-05-27",2,463,240,1029,354
1517,"2024-05-28",1,1139,638,545,599
1518,"2024-05-28",2,934,335,346,208
1519,"2024-05-29",1,763,224,230,12
1520,"2024-05-29",2,948,538,783,698
1521,"2024-05-30",1,628,218,855,377
1522,"2024-05-30",2,1154,444,1374,1046
1523,"2024-05-31",1,407,157,242,356
1524,"2024-05-31",2,271,193,1343,39
1525,"2024-06-01",1,1172,390,703,160
1526,"2024-06-01",2,347,301,254,274
1527,"2024-06-02",1,455,42,1038,378
1528,"2024-06-02",2,815,189,224,610
1529,"2024-06-03",1,813,352,758,454
1530,"2024-06-03",2,931,392,1316,869
1531,"2024-06-04",1,797,629,925,599
1532,"2024-06-04",2,598,124,801,212
1533,"2024-06-05",1,862,562,596,417
1534,"2024-06-05",2,701,6,199,656
1535,"2024-06-06",1,876,129,359,450
1536,"2024-06-06",2,662,159,244,245
1537,"2024-06-07",1,207,180,1057,76
1538,"2024-06-07",2,590,509,632,534
1539,"2024-06-08",1,1198,283,692,1098
1540,"2024-06-08",2,409,74,733,166
1541,"2024-06-09",1,403,143,1342,156
1542,"2024-06-09",2,957,812,1097,932
1543,"2024-06-10",1,242,163,478,140
1544,"2024-06-10",2,784,699,235,763
1545,"2024-06-11",1,1179,1011,394,869
1546,"2024-06-11",2,202,144,398,83
1547,"2024-06-12",1,1190,398,411,833
1548,"2024-06-12",2,1092,491,1114,261
1549,"2024-06-13",1,1066,206,787,586
1550,"2024-06-13",2,423,133,1422,130
1551,"2024-06-14",1,837,729,185,819
1552,"2024-06-14",2,235,196,638,181
1553,"2024-06-15",1,1192,686,1038,720
1554,"2024-06-15",2,1004,790,646,57
1555,"2024-06-16",1,387,66,411,351
1556,"2024-06-16",2,862,815,786,687
1557,"2024-06-17",1,269,259,964,30
1558,"2024-06-17",2,957,74,1334,245
1559,"2024-06-18",1,1159,570,908,594
1560,"2024-06-18",2,261,124,742,241
1561,"2024-06-19",1,1101,416,449,162
1562,"2024-06-19",2,350,50,279,296
1563,"2024-06-20",1,839,215,125,816
1564,"2024-06-20",2,1023,625,1412,547
1565,"2024-06-21",1,631,555,478,270
1566,"2024-06-21",2,1082,769,1032,855
1567,"2024-06-22",1,833,156,1412,157
1568,"2024-06-22",2,1126,354,692,118
1569,"2024-06-23",1,618,221,533,161
1570,"2024-06-23",2,1089,283,568,535
1571,"2024-06-24",1,577,59,421,472
1572,"2024-06-24",2,324,239,230,4
1573,"2024-06-25",1,925,751,398,52
1574,"2024-06-25",2,213,56,44,144
1575,"2024-06-26",1,695,23,894,195
1576,"2024-06-26",2,1096,65,518,938
1577,"2024-06-27",1,869,187,1286,808
1578,"2024-06-27",2,762,665,745,78
1579,"2024-06-28",1,1095,171,105,632
1580,"2024-06-28",2,1126,643,1031,1076
1581,"2024-06-29",1,347,24,102,241
1582,"2024-06-29",2,535,469,954,484
1583,"2024-06-30",1,457,317,618,19
1584,"2024-06-30",2,605,484,531,372
1585,"2024-07-01",1,929,228,456,477
1586,"2024-07-01",2,357,152,307,339
1587,"2024-07-02",1,1091,622,1141,131
1588,"2024-07-02",2,927,546,267,701
1589,"2024-07-03",1,702,207,706,267
1590,"2024-07-03",2,282,132,756,206
1591,"2024-07-04",1,536,201,638,146
1592,"2024-07-04",2,1070,720,869,129
1593,"2024-07-05",1,814,780,808,184
1594,"2024-07-05",2,660,48,146,507
1595,"2024-07-06",1,859,1,1351,414
1596,"2024-07-06",2,373,107,802,285
1597,"2024-07-07",1,434,425,377,377
1598,"2024-07-07",2,458,66,908,285
1599,"2024-07-08",1,549,447,1161,410
1600,"2024-07-08",2,212,46,404,160
1601,"2024-07-09",1,808,95,215,241
1602,"2024-07-09",2,498,360,189,271
1603,"2024-07-10",1,594,320,389,68
1604,"2024-07-10",2,998,321,839,603
1605,"2024-07-11",1,1198,643,1255,425
1606,"2024-07-11",2,211,197,856,87
1607,"2024-07-12",1,226,147,1090,205
1608,"2024-07-12",2,317,239,600,82
1609,"2024-07-13",1,383,222,737,194
1610,"2024-07-13",2,653,488,1282,641
1611,"2024-07-14",1,936,432,461,605
1612,"2024-07-14",2,951,4,1056,24
1613,"2024-07-15",1,428,276,1221,327
1614,"2024-07-15",2,1098,344,91,50
1615,"2024-07-16",1,206,39,1309,118
1616,"2024-07-16",2,709,598,296,489
1617,"2024-07-17",1,208,88,744,155
1618,"2024-07-17",2,1116,406,594,281
1619,"2024-07-18",1,1138,1105,415,0
1620,"2024-07-18",2,282,87,1435,141
1621,"2024-07-19",1,546,256,1208,498
1622,"2024-07-19",2,1013,426,419,884
1623,"2024-07-20",1,944,347,203,398
1624,"2024-07-20",2,642,570,1368,141
1625,"2024-07-21",1,1161,506,583,711
1626,"2024-07-21",2,1066,814,1017,169
1627,"2024-07-22",1,256,34,486,56
1628,"2024-07-22",2,453,183,1025,87
1629,"2024-07-23",1,576,399,1423,386
1630,"2024-07-23",2,938,57,1164,368
1631,"2024-07-24",1,235,104,685,35
1632,"2024-07-24",2,934,582,530,204
1633,"2024-07-25",1,797,139,607,268
1634,"2024-07-25",2,383,251,887,137
1635,"2024-07-26",1,941,614,253,40
1636,"2024-07-26",2,1086,215,881,1053
1637,"2024-07-27",1,1195,368,668,401
1638,"2024-07-27",2,1133,985,479,575
1639,"2024-07-28",1,1076,423,1028,1028
1640,"2024-07-28",2,948,461,1095,692
1641,"2024-07-29",1,994,186,126,289
1642,"2024-07-29",2,672,515,1056,396
1643,"2024-07-30",1,1155,1001,319,239
1644,"2024-07-30",2,723,480,1005,57
1645,"2024-07-31",1,1009,136,1079,90
1646,"2024-07-31",2,520,340,1285,32
1647,"2024-08-01",1,230,224,1093,160
1648,"2024-08-01",2,792,580,1360,232
1649,"2024-08-02",1,689,653,129,328
1650,"2024-08-02",2,545,286,1140,56
1651,"2024-08-03",1,805,293,251,799
1652,"2024-08-03",2,666,564,1065,274
1653,"2024-08-04",1,1153,74,1217,231
1654,"2024-08-04",2,201,180,266,195
1655,"2024-08-05",1,983,427,634,499
1656,"2024-08-05",2,630,113,1396,427
1657,"2024-08-06",1,380,191,799,185
1658,"2024-08-06",2,450,38,521,324
1659,"2024-08-07",1,267,159,238,16
1660,"2024-08-07",2,394,288,402,383
1661,"2024-08-08",1,513,174,514,412
1662,"2024-08-08",2,256,15,961,180
1663,"2024-08-09",1,836,336,295,340
1664,"2024-08-09",2,1108,837,1165,353
1665,"2024-08-10",1,634,548,1092,422
1666,"2024-08-10",2,424,108,1312,400
1667,"2024-08-11",1,841,504,536,481
1668,"2024-08-11",2,1058,107,164,1008
1669,"2024-08-12",1,766,408,999,36
1670,"2024-08-12",2,955,940,649,558
1671,"2024-08-13",1,753,157,1334,683
1672,"2024-08-13",2,981,585,262,44
1673,"2024-08-14",1,869,289,265,110
1674,"2024-08-14",2,1097,1036,743,762
1675,"2024-08-15",1,478,224,1325,411
1676,"2024-08-15",2,661,516,1031,47
1677,"2024-08-16",1,490,165,937,184
1678,"2024-08-16",2,1075,880,479,521
1679,"2024-08-17",1,979,576,920,611
1680,"2024-08-17",2,321,219,1393,194
1681,"2024-08-18",1,881,63,95,384
1682,"2024-08-18",2,1081,234,1198,863
1683,"2024-08-19",1,659,10,1336,429
1684,"2024-08-19",2,801,731,1044,531
1685,"2024-08-20",1,274,201,1083,211
1686,"2024-08-20",2,1065,351,900,737
1687,"2024-08-21",1,268,136,543,231
1688,"2024-08-21",2,1003,509,632,149
1689,"2024-08-22",1,884,458,514,419
1690,"2024-08-22",2,572,452,657,179
1691,"2024-08-23",1,653,518,378,14
1692,"2024-08-23",2,872,823,177,93
1693,"2024-08-24",1,703,435,319,691
1694,"2024-08-24",2,1184,1076,1051,512
1695,"2024-08-25",1,483,384,220,128
1696,"2024-08-25",2,440,187,42,410
1697,"2024-08-26",1,908,556,671,524
1698,"2024-08-26",2,279,263,583,201
1699,"2024-08-27",1,768,131,884,395
1700,"2024-08-27",2,245,129,1284,28
1701,"2024-08-28",1,915,183,657,279
1702,"2024-08-28",2,337,69,1331,285
1703,"2024-08-29",1,312,259,416,224
1704,"2024-08-29",2,634,441,54,151
1705,"2024-08-30",1,519,373,1074,343
1706,"2024-08-30",2,770,640,548,417
1707,"2024-08-31",1,1016,683,669,253
1708,"2024-08-31",2,329,304,743,34
1709,"2024-09-01",1,715,278,1168,317
1710,"2024-09-01",2,290,45,592,3
1711,"2024-09-02",1,979,309,388,382
1712,"2024-09-02",2,717,152,209,678
1713,"2024-09-03",1,270,161,664,58
1714,"2024-09-03",2,234,110,1372,97
1715,"2024-09-04",1,626,470,21,555
1716,"2024-09-04",2,1152,247,701,349
1717,"2024-09-05",1,319,155,729,250
1718,"2024-09-05",2,954,867,426,447
1719,"2024-09-06",1,988,774,1426,835
1720,"2024-09-06",2,778,115,138,316
1721,"2024-09-07",1,903,590,774,83
1722,"2024-09-07",2,360,132,965,21
1723,"2024-09-08",1,202,1,981,29
1724,"2024-09-08",2,811,691,1125,469
1725,"2024-09-09",1,1033,877,1173,849
1726,"2024-09-09",2,524,122,934,265
1727,"2024-09-10",1,502,358,1385,38
1728,"2024-09-10",2,291,116,1239,194
1729,"2024-09-11",1,292,111,1250,144
1730,"2024-09-11",2,1174,546,587,1054
1731,"2024-09-12",1,544,73,1092,358
1732,"2024-09-12",2,832,160,485,194
1733,"2024-09-13",1,347,131,417,174
1734,"2024-09-13",2,239,228,791,175
1735,"2024-09-14",1,510,432,1159,487
1736,"2024-09-14",2,374,184,762,133
1737,"2024-09-15",1,663,445,1197,633
1738,"2024-09-15",2,439,174,736,301
1739,"2024-09-16",1,956,778,455,403
1740,"2024-09-16",2,474,428,666,360
1741,"2024-09-17",1,320,208,1422,301
1742,"2024-09-17",2,295,188,867,217
1743,"2024-09-18",1,616,150,105,601
1744,"2024-09-18",2,1031,233,1021,303
1745,"2024-09-19",1,348,94,868,123
1746,"2024-09-19",2,957,794,1381,790
1747,"2024-09-20",1,1172,138,1274,278
1748,"2024-09-20",2,325,80,74,45
1749,"2024-09-21",1,901,755,1228,292
1750,"2024-09-21",2,1088,666,1011,356
1751,"2024-09-22",1,247,86,1349,130
1752,"2024-09-22",2,797,732,731,526
1753,"2024-09-23",1,1066,278,927,146
1754,"2024-09-23",2,1002,892,431,904
1755,"2024-09-24",1,521,117,815,63
1756,"2024-09-24",2,556,220,386,519
1757,"2024-09-25",1,1016,21,387,953
1758,"2024-09-25",2,443,299,467,249
1759,"2024-09-26",1,618,49,172,560
1760,"2024-09-26",2,363,345,1113,94
1761,"2024-09-27",1,849,830,1295,772
1762,"2024-09-27",2,246,73,558,72
1763,"2024-09-28",1,861,630,412,4
1764,"2024-09-28",2,684,320,318,378
1765,"2024-09-29",1,1055,620,871,1010
1766,"2024-09-29",2,767,312,973,621
1767,"2024-09-30",1,613,305,1155,74
1768,"2024-09-30",2,205,179,30,41
1769,"2024-10-01",1,888,554,673,828
1770,"2024-10-01",2,360,132,634,119
1771,"2024-10-02",1,962,715,717,329
1772,"2024-10-02",2,315,123,232,23
1773,"2024-10-03",1,768,473,1416,184
1774,"2024-10-03",2,248,80,429,32
1775,"2024-10-04",1,420,174,891,104
1776,"2024-10-04",2,745,182,1058,616
1777,"2024-10-05",1,287,203,237,39
1778,"2024-10-05",2,377,275,462,324
1779,"2024-10-06",1,488,349,552,343
1780,"2024-10-06",2,744,354,744,588
1781,"2024-10-07",1,1102,741,422,1054
1782,"2024-10-07",2,1025,422,250,570
1783,"2024-10-08",1,323,207,1409,62
1784,"2024-10-08",2,241,65,501,176
1785,"2024-10-09",1,1099,159,64,921
1786,"2024-10-09",2,1182,1164,1333,732
1787,"2024-10-10",1,297,149,829,257
1788,"2024-10-10",2,419,415,782,89
1789,"2024-10-11",1,313,197,1051,258
1790,"2024-10-11",2,752,181,815,444
1791,"2024-10-12",1,903,228,656,232
1792,"2024-10-12",2,203,55,540,74
1793,"2024-10-13",1,1100,779,1026,1057
1794,"2024-10-13",2,723,514,1381,649
1795,"2024-10-14",1,414,203,1090,345
1796,"2024-10-14",2,1176,531,1071,1141
1797,"2024-10-15",1,202,197,710,57
1798,"2024-10-15",2,817,298,1017,577
1799,"2024-10-16",1,488,251,1214,301
1800,"2024-10-16",2,1105,929,1233,336
1801,"2024-10-17",1,686,237,1128,677
1802,"2024-10-17",2,1014,399,1135,721
1803,"2024-10-18",1,978,89,1291,692
1804,"2024-10-18",2,523,427,426,327
1805,"2024-10-19",1,785,85,1074,171
1806,"2024-10-19",2,527,241,1402,268
1807,"2024-10-20",1,217,108,822,107
1808,"2024-10-20",2,411,234,1157,113
1809,"2024-10-21",1,362,251,1359,175
1810,"2024-10-21",2,408,344,1164,169
1811,"2024-10-22",1,721,676,240,267
1812,"2024-10-22",2,229,210,146,203
1813,"2024-10-23",1,1118,815,794,494
1814,"2024-10-23",2,885,603,451,80
1815,"2024-10-24",1,1104,757,412,916
1816,"2024-10-24",2,587,13,1346,257
1817,"2024-10-25",1,625,618,1261,581
1818,"2024-10-25",2,443,268,77,131
1819,"2024-10-26",1,553,147,302,66
1820,"2024-10-26",2,414,291,240,339
1821,"2024-10-27",1,954,300,1180,796
1822,"2024-10-27",2,758,102,726,303
1823,"2024-10-28",1,523,288,861,379
1824,"2024-10-28",2,731,476,62,466
1825,"2024-10-29",1,1146,319,153,1011
1826,"2024-10-29",2,1175,786,586,612
1827,"2024-10-30",1,744,12,970,439
1828,"2024-10-30",2,936,686,305,778
1829,"2024-10-31",1,868,355,674,808
1830,"2024-10-31",2,668,636,756,145
1831,"2024-11-01",1,326,9,1377,49
1832,"2024-11-01",2,464,187,1251,445
1833,"2024-11-02",1,225,208,153,75
1834,"2024-11-02",2,654,69,442,542
1835,"2024-11-03",1,1105,32,84,364
1836,"2024-11-03",2,439,298,61,356
1837,"2024-11-04",1,587,534,231,353
1838,"2024-11-04",2,697,292,728,599
1839,"2024-11-05",1,313,91,693,221
1840,"2024-11-05",2,787,251,697,367
1841,"2024-11-06",1,1028,413,1270,635
1842,"2024-11-06",2,1062,749,61,271
1843,"2024-11-07",1,522,511,23,74
1844,"2024-11-07",2,428,145,348,164
1845,"2024-11-08",1,1092,190,298,819
1846,"2024-11-08",2,808,756,166,704
1847,"2024-11-09",1,1078,991,38,640
1848,"2024-11-09",2,879,393,61,767
1849,"2024-11-10",1,870,264,1221,385
1850,"2024-11-10",2,514,304,1202,348
1851,"2024-11-11",1,366,168,1192,117
1852,"2024-11-11",2,852,724,58,147
1853,"2024-11-12",1,313,140,26,68
1854,"2024-11-12",2,373,135,662,25
1855,"2024-11-13",1,593,478,1253,494
1856,"2024-11-13",2,691,214,1418,495
1857,"2024-11-14",1,377,129,1272,16
1858,"2024-11-14",2,764,203,1383,185
1859,"2024-11-15",1,1086,334,392,450
1860,"2024-11-15",2,588,78,1106,174
1861,"2024-11-16",1,252,81,208,134
1862,"2024-11-16",2,277,201,202,206
1863,"2024-11-17",1,1002,904,1237,175
1864,"2024-11-17",2,539,278,1305,243
1865,"2024-11-18",1,1075,153,898,755
1866,"2024-11-18",2,888,361,1365,413
1867,"2024-11-19",1,584,106,432,558
1868,"2024-11-19",2,1011,706,17,533
1869,"2024-11-20",1,586,174,853,306
1870,"2024-11-20",2,1176,1170,773,458
1871,"2024-11-21",1,1144,367,1381,384
1872,"2024-11-21",2,435,67,83,208
1873,"2024-11-22",1,631,20,429,484
1874,"2024-11-22",2,551,52,880,495
1875,"2024-11-23",1,263,132,715,14
1876,"2024-11-23",2,243,6,135,130
1877,"2024-11-24",1,493,415,74,328
1878,"2024-11-24",2,574,100,429,479
1879,"2024-11-25",1,1095,394,1319,445
1880,"2024-11-25",2,272,172,274,5
1881,"2024-11-26",1,375,49,1304,177
1882,"2024-11-26",2,916,767,673,441
1883,"2024-11-27",1,231,184,1309,118
1884,"2024-11-27",2,255,126,780,132
1885,"2024-11-28",1,1086,665,743,886
1886,"2024-11-28",2,834,367,689,170
1887,"2024-11-29",1,732,594,549,164
1888,"2024-11-29",2,958,12,964,452
1889,"2024-11-30",1,886,323,618,738
1890,"2024-11-30",2,688,169,899,120
1891,"2024-12-01",1,778,363,1121,330
1892,"2024-12-01",2,1136,346,778,393
1893,"2024-12-02",1,202,17,728,2
1894,"2024-12-02",2,860,703,1325,369
1895,"2024-12-03",1,1078,608,536,163
1896,"2024-12-03",2,952,177,258,676
1897,"2024-12-04",1,942,612,1288,716
1898,"2024-12-04",2,522,520,854,193
1899,"2024-12-05",1,217,112,1400,95
1900,"2024-12-05",2,212,3,1168,208
1901,"2024-12-06",1,734,557,211,87
1902,"2024-12-06",2,646,232,247,150
1903,"2024-12-07",1,1084,488,1296,606
1904,"2024-12-07",2,208,54,417,135
1905,"2024-12-08",1,1025,507,871,363
1906,"2024-12-08",2,899,420,1125,38
1907,"2024-12-09",1,411,174,963,15
1908,"2024-12-09",2,512,334,912,204
1909,"2024-12-10",1,482,122,303,140
1910,"2024-12-10",2,1030,735,109,31
1911,"2024-12-11",1,906,790,259,606
1912,"2024-12-11",2,1020,973,228,559
1913,"2024-12-12",1,230,119,857,221
1914,"2024-12-12",2,1164,218,1408,859
1915,"2024-12-13",1,734,681,946,159
1916,"2024-12-13",2,326,190,36,110
1917,"2024-12-14",1,1093,671,413,853
1918,"2024-12-14",2,797,437,349,186
1919,"2024-12-15",1,645,228,1375,344
1920,"2024-12-15",2,995,157,242,513
1921,"2024-12-16",1,495,142,316,407
1922,"2024-12-16",2,979,266,1397,777
1923,"2024-12-17",1,747,6,1328,236
1924,"2024-12-17",2,914,693,1296,295
1925,"2024-12-18",1,202,189,100,142
1926,"2024-12-18",2,249,112,935,16
1927,"2024-12-19",1,1180,305,1214,502
1928,"2024-12-19",2,675,569,697,31
1929,"2024-12-20",1,630,356,177,577
1930,"2024-12-20",2,1045,769,759,682
1931,"2024-12-21",1,488,346,1338,473
1932,"2024-12-21",2,921,866,1109,243
1933,"2024-12-22",1,546,16,1377,128
1934,"2024-12-22",2,781,693,1297,82
1935,"2024-12-23",1,473,44,477,112
1936,"2024-12-23",2,1164,1118,809,379
1937,"2024-12-24",1,1015,346,1248,823
1938,"2024-12-24",2,929,792,947,297
1939,"2024-12-25",1,501,234,189,14
1940,"2024-12-25",2,577,167,384,121
1941,"2024-12-26",1,356,41,500,87
1942,"2024-12-26",2,794,614,1110,768
1943,"2024-12-27",1,658,263,509,503
1944,"2024-12-27",2,704,532,486,236
1945,"2024-12-28",1,964,285,1406,878
1946,"2024-12-28",2,252,142,831,195
1947,"2024-12-29",1,913,139,1299,367
1948,"2024-12-29",2,954,408,1071,116
1949,"2024-12-30",1,536,314,1247,499
1950,"2024-12-30",2,1005,290,1003,552
1951,"2024-12-31",1,1068,993,1143,1055
1952,"2024-12-31",2,1000,719,756,368
1953,"2025-01-01",1,256,231,1334,63
1954,"2025-01-01",2,668,56,537,199
1955,"2025-01-02",1,619,380,1428,222
1956,"2025-01-02",2,974,102,1110,464
1957,"2025-01-03",1,398,30,478,310
1958,"2025-01-03",2,216,35,815,211
1959,"2025-01-04",1,1021,789,1228,395
1960,"2025-01-04",2,881,822,255,692
1961,"2025-01-05",1,793,701,145,45
1962,"2025-01-05",2,1157,725,1077,1062
1963,"2025-01-06",1,1162,445,1141,1095
1964,"2025-01-06",2,807,280,1238,343
1965,"2025-01-07",1,1035,362,1422,69
1966,"2025-01-07",2,392,61,491,5
1967,"2025-01-08",1,988,888,470,484
1968,"2025-01-08",2,1083,85,306,209
1969,"2025-01-09",1,780,99,279,101
1970,"2025-01-09",2,978,475,549,46
1971,"2025-01-10",1,672,32,1289,91
1972,"2025-01-10",2,583,57,1124,87
1973,"2025-01-11",1,1031,318,157,125
1974,"2025-01-11",2,449,96,411,194
1975,"2025-01-12",1,762,104,656,691
1976,"2025-01-12",2,241,148,1110,81
1977,"2025-01-13",1,1008,324,722,417
1978,"2025-01-13",2,908,9,705,790
1979,"2025-01-14",1,551,481,440,525
1980,"2025-01-14",2,661,329,784,207
1981,"2025-01-15",1,460,14,657,187
1982,"2025-01-15",2,1089,311,990,341
1983,"2025-01-16",1,991,429,428,57
1984,"2025-01-16",2,1117,501,1267,97
1985,"2025-01-17",1,523,228,964,49
1986,"2025-01-17",2,885,860,723,383
1987,"2025-01-18",1,615,288,314,261
1988,"2025-01-18",2,285,278,827,125
1989,"2025-01-19",1,1124,501,569,309
1990,"2025-01-19",2,696,597,890,378
1991,"2025-01-20",1,1081,620,1195,916
1992,"2025-01-20",2,1098,441,1122,652
1993,"2025-01-21",1,632,154,425,488
1994,"2025-01-21",2,773,301,27,142
1995,"2025-01-22",1,1017,1013,702,391
1996,"2025-01-22",2,952,84,288,250
1997,"2025-01-23",1,809,211,1263,440
1998,"2025-01-23",2,450,73,608,277
1999,"2025-01-24",1,554,344,478,139
2000,"2025-01-24",2,718,67,188,380
2001,"2025-01-25",1,584,262,982,255
2002,"2025-01-25",2,1003,441,727,343
2003,"2025-01-26",1,733,326,751,63
2004,"2025-01-26",2,545,67,332,392
2005,"2025-01-27",1,1029,311,458,98
2006,"2025-01-27",2,1030,231,896,953
2007,"2025-01-28",1,488,279,857,325
2008,"2025-01-28",2,510,0,822,268
2009,"2025-01-29",1,347,17,78,259
2010,"2025-01-29",2,700,279,584,565
2011,"2025-01-30",1,580,67,623,415
2012,"2025-01-30",2,414,129,1036,14
2013,"2025-01-31",1,990,458,300,863
2014,"2025-01-31",2,464,229,1204,218
2015,"2025-02-01",1,554,132,1075,111
2016,"2025-02-01",2,1127,551,134,409
2017,"2025-02-02",1,782,566,613,307
2018,"2025-02-02",2,751,704,690,212
2019,"2025-02-03",1,848,288,849,44
2020,"2025-02-03",2,974,0,16,11
2021,"2025-02-04",1,609,90,1221,249
2022,"2025-02-04",2,855,718,1228,398
2023,"2025-02-05",1,718,321,1278,273
2024,"2025-02-05",2,611,529,997,509
2025,"2025-02-06",1,856,61,1394,121
2026,"2025-02-06",2,791,296,238,535
2027,"2025-02-07",1,710,352,816,327
2028,"2025-02-07",2,245,130,772,146
2029,"2025-02-08",1,819,527,1091,19
2030,"2025-02-08",2,643,150,562,293
2031,"2025-02-09",1,627,101,1342,116
2032,"2025-02-09",2,673,22,149,96
2033,"2025-02-10",1,1153,911,799,168
2034,"2025-02-10",2,746,660,1351,211
2035,"2025-02-11",1,502,114,1372,20
2036,"2025-02-11",2,1169,586,969,949
2037,"2025-02-12",1,1143,265,919,954
2038,"2025-02-12",2,437,363,693,406
2039,"2025-02-13",1,1147,105,76,1142
2040,"2025-02-13",2,464,360,492,167
2041,"2025-02-14",1,1194,323,979,192
2042,"2025-02-14",2,526,210,945,502
2043,"2025-02-15",1,999,703,720,961
2044,"2025-02-15",2,1105,390,15,33
2045,"2025-02-16",1,826,618,313,775
2046,"2025-02-16",2,524,216,1079,354
2047,"2025-02-17",1,391,21,727,74
2048,"2025-02-17",2,1196,1132,80,263
2049,"2025-02-18",1,349,294,146,210
2050,"2025-02-18",2,484,122,645,225
2051,"2025-02-19",1,1076,515,506,671
2052,"2025-02-19",2,843,70,107,839
2053,"2025-02-20",1,942,186,1075,577
2054,"2025-02-20",2,978,35,455,694
2055,"2025-02-21",1,1063,971,110,587
2056,"2025-02-21",2,515,496,859,116
2057,"2025-02-22",1,519,501,861,477
2058,"2025-02-22",2,524,91,1322,196
2059,"2025-02-23",1,304,88,309,49
2060,"2025-02-23",2,457,12,1409,313
2061,"2025-02-24",1,599,16,362,179
2062,"2025-02-24",2,223,118,102,74
2063,"2025-02-25",1,1028,658,441,699
2064,"2025-02-25",2,799,8,250,136
2065,"2025-02-26",1,445,439,986,159
2066,"2025-02-26",2,1189,1095,703,1116
2067,"2025-02-27",1,759,109,984,505
2068,"2025-02-27",2,747,382,275,633
2069,"2025-02-28",1,769,319,531,37
2070,"2025-02-28",2,1138,972,579,381
2071,"2025-03-01",1,815,767,1291,413
2072,"2025-03-01",2,317,187,211,125
2073,"2025-03-02",1,314,254,366,96
2074,"2025-03-02",2,733,240,329,249
2075,"2025-03-03",1,511,24,382,458
2076,"2025-03-03",2,490,334,1210,490
2077,"2025-03-04",1,1011,187,278,340
2078,"2025-03-04",2,204,4,784,185
2079,"2025-03-05",1,986,233,76,470
2080,"2025-03-05",2,315,88,707,210
2081,"2025-03-06",1,1015,227,1147,1015
2082,"2025-03-06",2,560,88,106,484
2083,"2025-03-07",1,231,212,54,153
2084,"2025-03-07",2,471,14,1098,349
2085,"2025-03-08",1,687,643,755,640
2086,"2025-03-08",2,306,230,1241,30
2087,"2025-03-09",1,874,32,832,204
2088,"2025-03-09",2,613,515,368,521
2089,"2025-03-10",1,643,249,1286,392
2090,"2025-03-10",2,1066,197,808,51
2091,"2025-03-11",1,1135,358,941,671
2092,"2025-03-11",2,1108,945,254,179
2093,"2025-03-12",1,1005,609,661,791
2094,"2025-03-12",2,307,14,550,114
2095,"2025-03-13",1,427,119,955,377
2096,"2025-03-13",2,1102,388,241,503
2097,"2025-03-14",1,297,143,205,193
2098,"2025-03-14",2,1146,406,403,449
2099,"2025-03-15",1,387,21,1202,365
2100,"2025-03-15",2,642,314,1438,396
2101,"2025-03-16",1,356,121,572,196
2102,"2025-03-16",2,866,800,478,686
2103,"2025-03-17",1,234,39,1086,75
2104,"2025-03-17",2,682,503,27,491
2105,"2025-03-18",1,206,63,1145,172
2106,"2025-03-18",2,978,169,653,937
2107,"2025-03-19",1,373,222,713,83
2108,"2025-03-19",2,833,489,1347,443
2109,"2025-03-20",1,723,381,245,13
2110,"2025-03-20",2,1109,722,110,728
2111,"2025-03-21",1,609,20,305,398
2112,"2025-03-21",2,450,145,732,349
2113,"2025-03-22",1,303,34,601,76
2114,"2025-03-22",2,414,414,17,349
2115,"2025-03-23",1,526,484,1040,172
2116,"2025-03-23",2,726,702,1023,491
2117,"2025-03-24",1,536,33,398,169
2118,"2025-03-24",2,1113,990,511,1096
2119,"2025-03-25",1,654,243,288,436
2120,"2025-03-25",2,1149,1050,943,426
2121,"2025-03-26",1,387,386,878,332
2122,"2025-03-26",2,1118,1020,959,209
2123,"2025-03-27",1,587,473,738,59
2124,"2025-03-27",2,814,263,709,165
2125,"2025-03-28",1,444,54,1076,125
2126,"2025-03-28",2,939,6,1341,266
2127,"2025-03-29",1,947,861,799,149
2128,"2025-03-29",2,1180,175,887,767
2129,"2025-03-30",1,952,521,304,566
2130,"2025-03-30",2,242,70,610,101
2131,"2025-03-31",1,484,108,95,393
2132,"2025-03-31",2,479,378,225,12
2133,"2025-04-01",1,934,138,680,132
2134,"2025-04-01",2,647,204,889,295
2135,"2025-04-02",1,838,335,1166,755
2136,"2025-04-02",2,276,167,1376,228
2137,"2025-04-03",1,1082,461,68,674
2138,"2025-04-03",2,690,381,1030,199
2139,"2025-04-04",1,454,263,878,232
2140,"2025-04-04",2,990,280,198,975
2141,"2025-04-05",1,1138,144,1217,642
2142,"2025-04-05",2,240,200,757,131
2143,"2025-04-06",1,1164,505,29,173
2144,"2025-04-06",2,1022,128,140,614
2145,"2025-04-07",1,277,249,1214,248
2146,"2025-04-07",2,1004,203,549,755
2147,"2025-04-08",1,870,411,1168,823
2148,"2025-04-08",2,254,192,1162,12
2149,"2025-04-09",1,620,613,1001,316
2150,"2025-04-09",2,1014,440,704,908
2151,"2025-04-10",1,638,446,674,124
2152,"2025-04-10",2,834,650,642,397
2153,"2025-04-11",1,338,336,571,5
2154,"2025-04-11",2,382,281,926,49
2155,"2025-04-12",1,619,598,1309,323
2156,"2025-04-12",2,222,210,1281,18
2157,"2025-04-13",1,733,184,703,274
2158,"2025-04-13",2,1129,466,333,1031
2159,"2025-04-14",1,656,438,805,0
2160,"2025-04-14",2,646,196,1235,487
2161,"2025-04-15",1,985,22,746,769
2162,"2025-04-15",2,857,292,403,519
2163,"2025-04-16",1,803,276,940,676
2164,"2025-04-16",2,1131,200,1254,577
2165,"2025-04-17",1,710,290,1426,33
2166,"2025-04-17",2,409,273,698,65
2167,"2025-04-18",1,536,390,607,286
2168,"2025-04-18",2,974,703,345,529
2169,"2025-04-19",1,921,700,167,142
2170,"2025-04-19",2,607,567,318,9
2171,"2025-04-20",1,338,257,64,199
2172,"2025-04-20",2,624,322,483,372
2173,"2025-04-21",1,347,253,610,224
2174,"2025-04-21",2,412,309,588,28
2175,"2025-04-22",1,557,487,627,63
2176,"2025-04-22",2,618,361,244,196
2177,"2025-04-23",1,1160,707,786,156
2178,"2025-04-23",2,1082,667,448,800
2179,"2025-04-24",1,866,549,1372,693
2180,"2025-04-24",2,333,204,507,55
2181,"2025-04-25",1,299,233,994,221
2182,"2025-04-25",2,382,278,116,98
2183,"2025-04-26",1,376,100,603,314
2184,"2025-04-26",2,427,368,1093,33
2185,"2025-04-27",1,290,238,189,60
2186,"2025-04-27",2,501,416,1058,233
2187,"2025-04-28",1,383,289,663,211
2188,"2025-04-28",2,214,0,58,47
2189,"2025-04-29",1,1069,652,366,309
2190,"2025-04-29",2,847,301,1017,792
2191,"2025-04-30",1,334,326,1147,287
2192,"2025-04-30",2,716,329,544,161
2193,"2025-05-01",1,864,342,961,213
2194,"2025-05-01",2,568,0,1406,522
2195,"2025-05-02",1,853,329,174,423
2196,"2025-05-02",2,443,261,1125,158
2197,"2025-05-03",1,437,338,1182,356
2198,"2025-05-03",2,1148,930,656,449
2199,"2025-05-04",1,409,216,1175,376
2200,"2025-05-04",2,1194,669,731,76
2201,"2025-05-05",1,239,137,1240,191
2202,"2025-05-05",2,1132,623,592,67
2203,"2025-05-06",1,770,50,1075,293
2204,"2025-05-06",2,492,289,1426,170
2205,"2025-05-07",1,237,59,405,61
2206,"2025-05-07",2,1196,1112,18,635
2207,"2025-05-08",1,661,607,564,185
2208,"2025-05-08",2,879,530,1202,846
2209,"2025-05-09",1,200,134,446,65
2210,"2025-05-09",2,837,741,1403,753
2211,"2025-05-10",1,879,231,1366,490
2212,"2025-05-10",2,312,51,211,55
2213,"2025-05-11",1,411,349,839,287
2214,"2025-05-11",2,203,27,503,55
2215,"2025-05-12",1,803,33,1370,368
2216,"2025-05-12",2,416,391,276,248
2217,"2025-05-13",1,612,80,1252,82
2218,"2025-05-13",2,468,137,891,371
2219,"2025-05-14",1,593,103,1367,170
2220,"2025-05-14",2,396,36,1396,101
2221,"2025-05-15",1,802,348,1257,618
2222,"2025-05-15",2,598,344,771,57
2223,"2025-05-16",1,337,160,72,41
2224,"2025-05-16",2,642,501,1005,355
2225,"2025-05-17",1,842,264,1016,837
2226,"2025-05-17",2,859,577,319,400
2227,"2025-05-18",1,595,335,812,262
2228,"2025-05-18",2,1176,625,917,1120
2229,"2025-05-19",1,307,4,378,206
2230,"2025-05-19",2,966,475,295,406
2231,"2025-05-20",1,482,290,1334,430
2232,"2025-05-20",2,634,108,607,199
2233,"2025-05-21",1,410,61,1101,303
2234,"2025-05-21",2,714,243,419,86
2235,"2025-05-22",1,597,101,1297,568
2236,"2025-05-22",2,823,703,780,473
2237,"2025-05-23",1,1096,995,555,439
2238,"2025-05-23",2,957,832,409,758
2239,"2025-05-24",1,1077,435,618,967
2240,"2025-05-24",2,1148,729,1215,513
2241,"2025-05-25",1,861,659,1395,364
2242,"2025-05-25",2,432,49,789,149
2243,"2025-05-26",1,1198,335,66,212
2244,"2025-05-26",2,419,381,587,343
2245,"2025-05-27",1,479,449,1015,420
2246,"2025-05-27",2,667,87,729,441
2247,"2025-05-28",1,272,257,500,188
2248,"2025-05-28",2,1176,857,640,820
2249,"2025-05-29",1,560,378,894,294
2250,"2025-05-29",2,445,225,737,65
2251,"2025-05-30",1,399,130,564,125
2252,"2025-05-30",2,301,254,710,83
2253,"2025-05-31",1,1164,656,979,514
2254,"2025-05-31",2,602,358,1358,246
2255,"2025-06-01",1,1188,391,666,734
2256,"2025-06-01",2,1099,862,1041,304
2257,"2025-06-02",1,495,465,665,346
2258,"2025-06-02",2,699,462,1029,435
2259,"2025-06-03",1,448,198,800,272
2260,"2025-06-03",2,748,716,579,638
2261,"2025-06-04",1,612,451,635,208
2262,"2025-06-04",2,711,53,662,4
2263,"2025-06-05",1,492,14,297,363
2264,"2025-06-05",2,293,188,280,128
2265,"2025-06-06",1,640,463,441,142
2266,"2025-06-06",2,860,620,815,312
2267,"2025-06-07",1,955,244,550,412
2268,"2025-06-07",2,1112,157,287,834
2269,"2025-06-08",1,1107,328,1207,112
2270,"2025-06-08",2,488,170,1262,268
2271,"2025-06-09",1,598,91,403,596
2272,"2025-06-09",2,841,414,1364,67
2273,"2025-06-10",1,852,412,218,840
2274,"2025-06-10",2,1136,596,675,1059
2275,"2025-06-11",1,802,35,909,156
2276,"2025-06-11",2,1173,284,121,150
2277,"2025-06-12",1,251,50,248,26
2278,"2025-06-12",2,311,204,1425,8
2279,"2025-06-13",1,218,175,806,161
2280,"2025-06-13",2,243,63,1353,74
2281,"2025-06-14",1,555,138,1034,78
2282,"2025-06-14",2,1106,435,56,994
2283,"2025-06-15",1,960,909,754,77
2284,"2025-06-15",2,997,760,114,780
2285,"2025-06-16",1,711,435,272,446
2286,"2025-06-16",2,279,75,1095,33
2287,"2025-06-17",1,808,114,39,528
2288,"2025-06-17",2,782,761,465,205
2289,"2025-06-18",1,1002,629,989,203
2290,"2025-06-18",2,1128,759,116,294
2291,"2025-06-19",1,676,25,1004,191
2292,"2025-06-19",2,712,315,1000,654
2293,"2025-06-20",1,347,42,547,233
2294,"2025-06-20",2,271,16,126,31
2295,"2025-06-21",1,659,542,868,365
2296,"2025-06-21",2,364,54,367,112
2297,"2025-06-22",1,414,80,791,376
2298,"2025-06-22",2,1021,25,1411,541
2299,"2025-06-23",1,758,192,502,262
2300,"2025-06-23",2,1177,8,127,421
2301,"2025-06-24",1,347,192,757,335
2302,"2025-06-24",2,490,479,1072,368
2303,"2025-06-25",1,569,377,1417,326
2304,"2025-06-25",2,809,807,580,172
2305,"2025-06-26",1,470,262,1329,469
2306,"2025-06-26",2,1092,412,198,741
2307,"2025-06-27",1,241,180,227,39
2308,"2025-06-27",2,410,178,644,32
2309,"2025-06-28",1,1126,956,1306,496
2310,"2025-06-28",2,383,350,1430,9
2311,"2025-06-29",1,1088,337,1308,88
2312,"2025-06-29",2,780,90,573,352
2313,"2025-06-30",1,940,665,1396,809
2314,"2025-06-30",2,889,391,642,825
2315,"2025-07-01",1,815,514,182,725
2316,"2025-07-01",2,333,28,950,162
2317,"2025-07-02",1,245,150,1297,146
2318,"2025-07-02",2,1189,23,598,132
2319,"2025-07-03",1,422,386,107,299
2320,"2025-07-03",2,1124,260,604,30
2321,"2025-07-04",1,338,278,287,114
2322,"2025-07-04",2,932,366,287,32
2323,"2025-07-05",1,517,152,1374,154
2324,"2025-07-05",2,1153,788,1192,155
2325,"2025-07-06",1,461,13,1226,196
2326,"2025-07-06",2,298,126,1038,12
2327,"2025-07-07",1,587,271,1290,163
2328,"2025-07-07",2,575,464,734,543
2329,"2025-07-08",1,1157,291,1315,851
2330,"2025-07-08",2,275,158,165,53
2331,"2025-07-09",1,363,297,1220,197
2332,"2025-07-09",2,973,429,229,225
2333,"2025-07-10",1,689,263,94,544
2334,"2025-07-10",2,272,12,1284,72
2335,"2025-07-11",1,867,571,723,548
2336,"2025-07-11",2,953,662,518,737
2337,"2025-07-12",1,918,494,273,352
2338,"2025-07-12",2,669,203,497,557
2339,"2025-07-13",1,535,243,1283,185
2340,"2025-07-13",2,318,282,846,212
2341,"2025-07-14",1,882,459,1317,48
2342,"2025-07-14",2,348,244,1118,91
2343,"2025-07-15",1,1199,668,742,394
2344,"2025-07-15",2,919,395,624,568
2345,"2025-07-16",1,687,166,779,354
2346,"2025-07-16",2,246,125,1205,78
2347,"2025-07-17",1,810,20,518,247
2348,"2025-07-17",2,752,57,616,468
2349,"2025-07-18",1,893,450,1090,642
2350,"2025-07-18",2,988,360,507,255
2351,"2025-07-19",1,1153,290,967,936
2352,"2025-07-19",2,623,235,986,457
2353,"2025-07-20",1,1125,714,1266,210
2354,"2025-07-20",2,1096,384,1335,928
2355,"2025-07-21",1,462,456,1384,431
2356,"2025-07-21",2,256,86,520,37
2357,"2025-07-22",1,271,249,1190,131
2358,"2025-07-22",2,633,17,1190,598
2359,"2025-07-23",1,360,355,767,108
2360,"2025-07-23",2,1108,978,895,625
2361,"2025-07-24",1,300,107,1073,188
2362,"2025-07-24",2,409,9,853,234
2363,"2025-07-25",1,1129,95,273,632
2364,"2025-07-25",2,614,393,1095,464
2365,"2025-07-26",1,706,362,850,113
2366,"2025-07-26",2,1070,293,78,1011
2367,"2025-07-27",1,570,529,1278,62
2368,"2025-07-27",2,948,369,601,493
2369,"2025-07-28",1,1085,692,1239,407
2370,"2025-07-28",2,1178,795,1239,1053
2371,"2025-07-29",1,1129,395,157,303
2372,"2025-07-29",2,901,307,1225,786
2373,"2025-07-30",1,856,166,526,310
2374,"2025-07-30",2,330,65,599,226
2375,"2025-07-31",1,969,258,409,356
2376,"2025-07-31",2,1021,311,885,516
2377,"2025-08-01",1,1023,321,243,448
2378,"2025-08-01",2,841,366,390,60
