"md_id","busi_time","hand_up_type","hand_up_cnt"
1,"2022-05-01","1",59
2,"2022-05-01","2",9
3,"2022-05-01","3",111
4,"2022-05-02","1",0
5,"2022-05-02","2",5
6,"2022-05-02","3",1
7,"2022-05-03","1",34
8,"2022-05-03","2",69
9,"2022-05-03","3",83
10,"2022-05-04","1",11
11,"2022-05-04","2",59
12,"2022-05-04","3",106
13,"2022-05-05","1",8
14,"2022-05-05","2",7
15,"2022-05-05","3",1
16,"2022-05-06","1",13
17,"2022-05-06","2",6
18,"2022-05-06","3",9
19,"2022-05-07","1",187
20,"2022-05-07","2",3
21,"2022-05-07","3",36
22,"2022-05-08","1",7
23,"2022-05-08","2",88
24,"2022-05-08","3",40
25,"2022-05-09","1",122
26,"2022-05-09","2",117
27,"2022-05-09","3",75
28,"2022-05-10","1",20
29,"2022-05-10","2",72
30,"2022-05-10","3",43
31,"2022-05-11","1",336
32,"2022-05-11","2",6
33,"2022-05-11","3",9
34,"2022-05-12","1",50
35,"2022-05-12","2",2
36,"2022-05-12","3",2
37,"2022-05-13","1",16
38,"2022-05-13","2",3
39,"2022-05-13","3",0
40,"2022-05-14","1",137
41,"2022-05-14","2",1
42,"2022-05-14","3",18
43,"2022-05-15","1",100
44,"2022-05-15","2",97
45,"2022-05-15","3",28
46,"2022-05-16","1",4
47,"2022-05-16","2",162
48,"2022-05-16","3",15
49,"2022-05-17","1",2
50,"2022-05-17","2",66
51,"2022-05-17","3",26
52,"2022-05-18","1",42
53,"2022-05-18","2",64
54,"2022-05-18","3",69
55,"2022-05-19","1",7
56,"2022-05-19","2",211
57,"2022-05-19","3",33
58,"2022-05-20","1",37
59,"2022-05-20","2",0
60,"2022-05-20","3",10
61,"2022-05-21","1",17
62,"2022-05-21","2",44
63,"2022-05-21","3",83
64,"2022-05-22","1",54
65,"2022-05-22","2",96
66,"2022-05-22","3",32
67,"2022-05-23","1",8
68,"2022-05-23","2",8
69,"2022-05-23","3",3
70,"2022-05-24","1",188
71,"2022-05-24","2",1
72,"2022-05-24","3",56
73,"2022-05-25","1",267
74,"2022-05-25","2",4
75,"2022-05-25","3",1
76,"2022-05-26","1",9
77,"2022-05-26","2",86
78,"2022-05-26","3",52
79,"2022-05-27","1",45
80,"2022-05-27","2",30
81,"2022-05-27","3",32
82,"2022-05-28","1",109
83,"2022-05-28","2",3
84,"2022-05-28","3",8
85,"2022-05-29","1",153
86,"2022-05-29","2",15
87,"2022-05-29","3",36
88,"2022-05-30","1",1
89,"2022-05-30","2",14
90,"2022-05-30","3",2
91,"2022-05-31","1",457
92,"2022-05-31","2",4
93,"2022-05-31","3",3
94,"2022-06-01","1",12
95,"2022-06-01","2",32
96,"2022-06-01","3",1
97,"2022-06-02","1",94
98,"2022-06-02","2",66
99,"2022-06-02","3",29
100,"2022-06-03","1",77
101,"2022-06-03","2",0
102,"2022-06-03","3",0
103,"2022-06-04","1",49
104,"2022-06-04","2",25
105,"2022-06-04","3",60
106,"2022-06-05","1",69
107,"2022-06-05","2",29
108,"2022-06-05","3",39
109,"2022-06-06","1",6
110,"2022-06-06","2",3
111,"2022-06-06","3",5
112,"2022-06-07","1",67
113,"2022-06-07","2",13
114,"2022-06-07","3",174
115,"2022-06-08","1",262
116,"2022-06-08","2",126
117,"2022-06-08","3",34
118,"2022-06-09","1",38
119,"2022-06-09","2",7
120,"2022-06-09","3",1
121,"2022-06-10","1",36
122,"2022-06-10","2",18
123,"2022-06-10","3",45
124,"2022-06-11","1",33
125,"2022-06-11","2",6
126,"2022-06-11","3",3
127,"2022-06-12","1",39
128,"2022-06-12","2",11
129,"2022-06-12","3",53
130,"2022-06-13","1",12
131,"2022-06-13","2",61
132,"2022-06-13","3",32
133,"2022-06-14","1",102
134,"2022-06-14","2",1
135,"2022-06-14","3",5
136,"2022-06-15","1",200
137,"2022-06-15","2",1
138,"2022-06-15","3",0
139,"2022-06-16","1",124
140,"2022-06-16","2",23
141,"2022-06-16","3",123
142,"2022-06-17","1",28
143,"2022-06-17","2",38
144,"2022-06-17","3",13
145,"2022-06-18","1",8
146,"2022-06-18","2",11
147,"2022-06-18","3",315
148,"2022-06-19","1",109
149,"2022-06-19","2",98
150,"2022-06-19","3",90
151,"2022-06-20","1",11
152,"2022-06-20","2",12
153,"2022-06-20","3",48
154,"2022-06-21","1",3
155,"2022-06-21","2",4
156,"2022-06-21","3",28
157,"2022-06-22","1",150
158,"2022-06-22","2",81
159,"2022-06-22","3",61
160,"2022-06-23","1",53
161,"2022-06-23","2",6
162,"2022-06-23","3",9
163,"2022-06-24","1",169
164,"2022-06-24","2",4
165,"2022-06-24","3",0
166,"2022-06-25","1",65
167,"2022-06-25","2",26
168,"2022-06-25","3",4
169,"2022-06-26","1",15
170,"2022-06-26","2",20
171,"2022-06-26","3",22
172,"2022-06-27","1",40
173,"2022-06-27","2",36
174,"2022-06-27","3",32
175,"2022-06-28","1",2
176,"2022-06-28","2",42
177,"2022-06-28","3",7
178,"2022-06-29","1",65
179,"2022-06-29","2",56
180,"2022-06-29","3",104
181,"2022-06-30","1",46
182,"2022-06-30","2",39
183,"2022-06-30","3",52
184,"2022-07-01","1",48
185,"2022-07-01","2",0
186,"2022-07-01","3",0
187,"2022-07-02","1",34
188,"2022-07-02","2",175
189,"2022-07-02","3",19
190,"2022-07-03","1",24
191,"2022-07-03","2",16
192,"2022-07-03","3",0
193,"2022-07-04","1",143
194,"2022-07-04","2",96
195,"2022-07-04","3",36
196,"2022-07-05","1",45
197,"2022-07-05","2",0
198,"2022-07-05","3",0
199,"2022-07-06","1",291
200,"2022-07-06","2",44
201,"2022-07-06","3",19
202,"2022-07-07","1",140
203,"2022-07-07","2",7
204,"2022-07-07","3",11
205,"2022-07-08","1",166
206,"2022-07-08","2",52
207,"2022-07-08","3",45
208,"2022-07-09","1",9
209,"2022-07-09","2",20
210,"2022-07-09","3",5
211,"2022-07-10","1",22
212,"2022-07-10","2",83
213,"2022-07-10","3",197
214,"2022-07-11","1",171
215,"2022-07-11","2",11
216,"2022-07-11","3",33
217,"2022-07-12","1",8
218,"2022-07-12","2",265
219,"2022-07-12","3",11
220,"2022-07-13","1",109
221,"2022-07-13","2",18
222,"2022-07-13","3",0
223,"2022-07-14","1",12
224,"2022-07-14","2",4
225,"2022-07-14","3",5
226,"2022-07-15","1",15
227,"2022-07-15","2",65
228,"2022-07-15","3",20
229,"2022-07-16","1",0
230,"2022-07-16","2",2
231,"2022-07-16","3",2
232,"2022-07-17","1",27
233,"2022-07-17","2",30
234,"2022-07-17","3",330
235,"2022-07-18","1",93
236,"2022-07-18","2",3
237,"2022-07-18","3",13
238,"2022-07-19","1",5
239,"2022-07-19","2",21
240,"2022-07-19","3",44
241,"2022-07-20","1",216
242,"2022-07-20","2",1
243,"2022-07-20","3",118
244,"2022-07-21","1",55
245,"2022-07-21","2",76
246,"2022-07-21","3",10
247,"2022-07-22","1",8
248,"2022-07-22","2",19
249,"2022-07-22","3",58
250,"2022-07-23","1",78
251,"2022-07-23","2",4
252,"2022-07-23","3",78
253,"2022-07-24","1",43
254,"2022-07-24","2",0
255,"2022-07-24","3",86
256,"2022-07-25","1",107
257,"2022-07-25","2",66
258,"2022-07-25","3",121
259,"2022-07-26","1",28
260,"2022-07-26","2",13
261,"2022-07-26","3",83
262,"2022-07-27","1",1
263,"2022-07-27","2",60
264,"2022-07-27","3",272
265,"2022-07-28","1",82
266,"2022-07-28","2",0
267,"2022-07-28","3",81
268,"2022-07-29","1",46
269,"2022-07-29","2",17
270,"2022-07-29","3",17
271,"2022-07-30","1",142
272,"2022-07-30","2",18
273,"2022-07-30","3",85
274,"2022-07-31","1",54
275,"2022-07-31","2",2
276,"2022-07-31","3",1
277,"2022-08-01","1",244
278,"2022-08-01","2",1
279,"2022-08-01","3",38
280,"2022-08-02","1",10
281,"2022-08-02","2",5
282,"2022-08-02","3",6
283,"2022-08-03","1",41
284,"2022-08-03","2",86
285,"2022-08-03","3",30
286,"2022-08-04","1",41
287,"2022-08-04","2",54
288,"2022-08-04","3",4
289,"2022-08-05","1",0
290,"2022-08-05","2",0
291,"2022-08-05","3",0
292,"2022-08-06","1",70
293,"2022-08-06","2",76
294,"2022-08-06","3",6
295,"2022-08-07","1",48
296,"2022-08-07","2",28
297,"2022-08-07","3",43
298,"2022-08-08","1",4
299,"2022-08-08","2",14
300,"2022-08-08","3",15
301,"2022-08-09","1",231
302,"2022-08-09","2",120
303,"2022-08-09","3",79
304,"2022-08-10","1",5
305,"2022-08-10","2",1
306,"2022-08-10","3",33
307,"2022-08-11","1",56
308,"2022-08-11","2",8
309,"2022-08-11","3",1
310,"2022-08-12","1",9
311,"2022-08-12","2",24
312,"2022-08-12","3",158
313,"2022-08-13","1",2
314,"2022-08-13","2",0
315,"2022-08-13","3",2
316,"2022-08-14","1",28
317,"2022-08-14","2",6
318,"2022-08-14","3",14
319,"2022-08-15","1",5
320,"2022-08-15","2",2
321,"2022-08-15","3",37
322,"2022-08-16","1",57
323,"2022-08-16","2",86
324,"2022-08-16","3",61
325,"2022-08-17","1",306
326,"2022-08-17","2",19
327,"2022-08-17","3",7
328,"2022-08-18","1",17
329,"2022-08-18","2",9
330,"2022-08-18","3",118
331,"2022-08-19","1",13
332,"2022-08-19","2",28
333,"2022-08-19","3",51
334,"2022-08-20","1",33
335,"2022-08-20","2",2
336,"2022-08-20","3",6
337,"2022-08-21","1",2
338,"2022-08-21","2",111
339,"2022-08-21","3",45
340,"2022-08-22","1",0
341,"2022-08-22","2",1
342,"2022-08-22","3",0
343,"2022-08-23","1",50
344,"2022-08-23","2",31
345,"2022-08-23","3",22
346,"2022-08-24","1",261
347,"2022-08-24","2",62
348,"2022-08-24","3",4
349,"2022-08-25","1",160
350,"2022-08-25","2",2
351,"2022-08-25","3",8
352,"2022-08-26","1",271
353,"2022-08-26","2",59
354,"2022-08-26","3",23
355,"2022-08-27","1",53
356,"2022-08-27","2",10
357,"2022-08-27","3",2
358,"2022-08-28","1",13
359,"2022-08-28","2",74
360,"2022-08-28","3",100
361,"2022-08-29","1",75
362,"2022-08-29","2",2
363,"2022-08-29","3",20
364,"2022-08-30","1",63
365,"2022-08-30","2",11
366,"2022-08-30","3",50
367,"2022-08-31","1",49
368,"2022-08-31","2",39
369,"2022-08-31","3",41
370,"2022-09-01","1",114
371,"2022-09-01","2",27
372,"2022-09-01","3",18
373,"2022-09-02","1",47
374,"2022-09-02","2",2
375,"2022-09-02","3",1
376,"2022-09-03","1",21
377,"2022-09-03","2",23
378,"2022-09-03","3",33
379,"2022-09-04","1",71
380,"2022-09-04","2",7
381,"2022-09-04","3",51
382,"2022-09-05","1",0
383,"2022-09-05","2",0
384,"2022-09-05","3",0
385,"2022-09-06","1",193
386,"2022-09-06","2",13
387,"2022-09-06","3",15
388,"2022-09-07","1",23
389,"2022-09-07","2",52
390,"2022-09-07","3",39
391,"2022-09-08","1",156
392,"2022-09-08","2",116
393,"2022-09-08","3",111
394,"2022-09-09","1",6
395,"2022-09-09","2",0
396,"2022-09-09","3",14
397,"2022-09-10","1",62
398,"2022-09-10","2",3
399,"2022-09-10","3",3
400,"2022-09-11","1",128
401,"2022-09-11","2",50
402,"2022-09-11","3",18
403,"2022-09-12","1",165
404,"2022-09-12","2",126
405,"2022-09-12","3",1
406,"2022-09-13","1",59
407,"2022-09-13","2",37
408,"2022-09-13","3",16
409,"2022-09-14","1",163
410,"2022-09-14","2",44
411,"2022-09-14","3",6
412,"2022-09-15","1",12
413,"2022-09-15","2",2
414,"2022-09-15","3",0
415,"2022-09-16","1",6
416,"2022-09-16","2",11
417,"2022-09-16","3",0
418,"2022-09-17","1",21
419,"2022-09-17","2",3
420,"2022-09-17","3",14
421,"2022-09-18","1",86
422,"2022-09-18","2",95
423,"2022-09-18","3",79
424,"2022-09-19","1",175
425,"2022-09-19","2",9
426,"2022-09-19","3",19
427,"2022-09-20","1",12
428,"2022-09-20","2",19
429,"2022-09-20","3",4
430,"2022-09-21","1",60
431,"2022-09-21","2",117
432,"2022-09-21","3",5
433,"2022-09-22","1",104
434,"2022-09-22","2",15
435,"2022-09-22","3",19
436,"2022-09-23","1",34
437,"2022-09-23","2",8
438,"2022-09-23","3",6
439,"2022-09-24","1",29
440,"2022-09-24","2",79
441,"2022-09-24","3",131
442,"2022-09-25","1",31
443,"2022-09-25","2",1
444,"2022-09-25","3",2
445,"2022-09-26","1",69
446,"2022-09-26","2",22
447,"2022-09-26","3",15
448,"2022-09-27","1",115
449,"2022-09-27","2",18
450,"2022-09-27","3",28
451,"2022-09-28","1",86
452,"2022-09-28","2",175
453,"2022-09-28","3",32
454,"2022-09-29","1",73
455,"2022-09-29","2",13
456,"2022-09-29","3",141
457,"2022-09-30","1",2
458,"2022-09-30","2",0
459,"2022-09-30","3",0
460,"2022-10-01","1",50
461,"2022-10-01","2",112
462,"2022-10-01","3",27
463,"2022-10-02","1",41
464,"2022-10-02","2",29
465,"2022-10-02","3",46
466,"2022-10-03","1",158
467,"2022-10-03","2",79
468,"2022-10-03","3",39
469,"2022-10-04","1",26
470,"2022-10-04","2",5
471,"2022-10-04","3",0
472,"2022-10-05","1",7
473,"2022-10-05","2",22
474,"2022-10-05","3",8
475,"2022-10-06","1",136
476,"2022-10-06","2",96
477,"2022-10-06","3",94
478,"2022-10-07","1",198
479,"2022-10-07","2",7
480,"2022-10-07","3",16
481,"2022-10-08","1",22
482,"2022-10-08","2",0
483,"2022-10-08","3",6
484,"2022-10-09","1",28
485,"2022-10-09","2",65
486,"2022-10-09","3",6
487,"2022-10-10","1",15
488,"2022-10-10","2",29
489,"2022-10-10","3",6
490,"2022-10-11","1",249
491,"2022-10-11","2",136
492,"2022-10-11","3",8
493,"2022-10-12","1",2
494,"2022-10-12","2",36
495,"2022-10-12","3",11
496,"2022-10-13","1",7
497,"2022-10-13","2",15
498,"2022-10-13","3",21
499,"2022-10-14","1",80
500,"2022-10-14","2",4
501,"2022-10-14","3",12
502,"2022-10-15","1",12
503,"2022-10-15","2",9
504,"2022-10-15","3",134
505,"2022-10-16","1",8
506,"2022-10-16","2",10
507,"2022-10-16","3",72
508,"2022-10-17","1",29
509,"2022-10-17","2",2
510,"2022-10-17","3",0
511,"2022-10-18","1",1
512,"2022-10-18","2",0
513,"2022-10-18","3",0
514,"2022-10-19","1",43
515,"2022-10-19","2",9
516,"2022-10-19","3",32
517,"2022-10-20","1",151
518,"2022-10-20","2",66
519,"2022-10-20","3",215
520,"2022-10-21","1",279
521,"2022-10-21","2",20
522,"2022-10-21","3",9
523,"2022-10-22","1",15
524,"2022-10-22","2",128
525,"2022-10-22","3",77
526,"2022-10-23","1",23
527,"2022-10-23","2",4
528,"2022-10-23","3",12
529,"2022-10-24","1",65
530,"2022-10-24","2",1
531,"2022-10-24","3",0
532,"2022-10-25","1",127
533,"2022-10-25","2",30
534,"2022-10-25","3",79
535,"2022-10-26","1",14
536,"2022-10-26","2",3
537,"2022-10-26","3",2
538,"2022-10-27","1",11
539,"2022-10-27","2",4
540,"2022-10-27","3",9
541,"2022-10-28","1",36
542,"2022-10-28","2",28
543,"2022-10-28","3",26
544,"2022-10-29","1",76
545,"2022-10-29","2",20
546,"2022-10-29","3",42
547,"2022-10-30","1",16
548,"2022-10-30","2",60
549,"2022-10-30","3",30
550,"2022-10-31","1",165
551,"2022-10-31","2",82
552,"2022-10-31","3",8
553,"2022-11-01","1",70
554,"2022-11-01","2",102
555,"2022-11-01","3",48
556,"2022-11-02","1",33
557,"2022-11-02","2",137
558,"2022-11-02","3",10
559,"2022-11-03","1",133
560,"2022-11-03","2",2
561,"2022-11-03","3",6
562,"2022-11-04","1",26
563,"2022-11-04","2",9
564,"2022-11-04","3",196
565,"2022-11-05","1",228
566,"2022-11-05","2",8
567,"2022-11-05","3",113
568,"2022-11-06","1",38
569,"2022-11-06","2",127
570,"2022-11-06","3",48
571,"2022-11-07","1",91
572,"2022-11-07","2",25
573,"2022-11-07","3",18
574,"2022-11-08","1",74
575,"2022-11-08","2",5
576,"2022-11-08","3",23
577,"2022-11-09","1",11
578,"2022-11-09","2",1
579,"2022-11-09","3",1
580,"2022-11-10","1",289
581,"2022-11-10","2",5
582,"2022-11-10","3",14
583,"2022-11-11","1",218
584,"2022-11-11","2",28
585,"2022-11-11","3",0
586,"2022-11-12","1",131
587,"2022-11-12","2",144
588,"2022-11-12","3",53
589,"2022-11-13","1",6
590,"2022-11-13","2",0
591,"2022-11-13","3",1
592,"2022-11-14","1",18
593,"2022-11-14","2",36
594,"2022-11-14","3",24
595,"2022-11-15","1",2
596,"2022-11-15","2",29
597,"2022-11-15","3",4
598,"2022-11-16","1",67
599,"2022-11-16","2",7
600,"2022-11-16","3",132
601,"2022-11-17","1",0
602,"2022-11-17","2",5
603,"2022-11-17","3",27
604,"2022-11-18","1",1
605,"2022-11-18","2",0
606,"2022-11-18","3",1
607,"2022-11-19","1",100
608,"2022-11-19","2",63
609,"2022-11-19","3",1
610,"2022-11-20","1",51
611,"2022-11-20","2",16
612,"2022-11-20","3",90
613,"2022-11-21","1",61
614,"2022-11-21","2",10
615,"2022-11-21","3",0
616,"2022-11-22","1",32
617,"2022-11-22","2",233
618,"2022-11-22","3",23
619,"2022-11-23","1",2
620,"2022-11-23","2",1
621,"2022-11-23","3",1
622,"2022-11-24","1",64
623,"2022-11-24","2",57
624,"2022-11-24","3",7
625,"2022-11-25","1",36
626,"2022-11-25","2",94
627,"2022-11-25","3",99
628,"2022-11-26","1",1
629,"2022-11-26","2",4
630,"2022-11-26","3",4
631,"2022-11-27","1",19
632,"2022-11-27","2",21
633,"2022-11-27","3",162
634,"2022-11-28","1",25
635,"2022-11-28","2",55
636,"2022-11-28","3",35
637,"2022-11-29","1",2
638,"2022-11-29","2",21
639,"2022-11-29","3",7
640,"2022-11-30","1",65
641,"2022-11-30","2",35
642,"2022-11-30","3",89
643,"2022-12-01","1",7
644,"2022-12-01","2",43
645,"2022-12-01","3",65
646,"2022-12-02","1",121
647,"2022-12-02","2",10
648,"2022-12-02","3",6
649,"2022-12-03","1",2
650,"2022-12-03","2",3
651,"2022-12-03","3",172
652,"2022-12-04","1",6
653,"2022-12-04","2",6
654,"2022-12-04","3",4
655,"2022-12-05","1",66
656,"2022-12-05","2",40
657,"2022-12-05","3",287
658,"2022-12-06","1",20
659,"2022-12-06","2",181
660,"2022-12-06","3",110
661,"2022-12-07","1",10
662,"2022-12-07","2",0
663,"2022-12-07","3",2
664,"2022-12-08","1",103
665,"2022-12-08","2",3
666,"2022-12-08","3",145
667,"2022-12-09","1",4
668,"2022-12-09","2",11
669,"2022-12-09","3",6
670,"2022-12-10","1",31
671,"2022-12-10","2",35
672,"2022-12-10","3",7
673,"2022-12-11","1",305
674,"2022-12-11","2",85
675,"2022-12-11","3",31
676,"2022-12-12","1",12
677,"2022-12-12","2",38
678,"2022-12-12","3",35
679,"2022-12-13","1",27
680,"2022-12-13","2",76
681,"2022-12-13","3",26
682,"2022-12-14","1",259
683,"2022-12-14","2",10
684,"2022-12-14","3",2
685,"2022-12-15","1",104
686,"2022-12-15","2",13
687,"2022-12-15","3",194
688,"2022-12-16","1",1
689,"2022-12-16","2",4
690,"2022-12-16","3",3
691,"2022-12-17","1",2
692,"2022-12-17","2",2
693,"2022-12-17","3",16
694,"2022-12-18","1",1
695,"2022-12-18","2",5
696,"2022-12-18","3",22
697,"2022-12-19","1",49
698,"2022-12-19","2",96
699,"2022-12-19","3",65
700,"2022-12-20","1",48
701,"2022-12-20","2",26
702,"2022-12-20","3",20
703,"2022-12-21","1",109
704,"2022-12-21","2",19
705,"2022-12-21","3",0
706,"2022-12-22","1",28
707,"2022-12-22","2",3
708,"2022-12-22","3",0
709,"2022-12-23","1",129
710,"2022-12-23","2",28
711,"2022-12-23","3",245
712,"2022-12-24","1",91
713,"2022-12-24","2",22
714,"2022-12-24","3",139
715,"2022-12-25","1",20
716,"2022-12-25","2",22
717,"2022-12-25","3",11
718,"2022-12-26","1",17
719,"2022-12-26","2",89
720,"2022-12-26","3",27
721,"2022-12-27","1",54
722,"2022-12-27","2",167
723,"2022-12-27","3",59
724,"2022-12-28","1",5
725,"2022-12-28","2",15
726,"2022-12-28","3",18
727,"2022-12-29","1",136
728,"2022-12-29","2",1
729,"2022-12-29","3",32
730,"2022-12-30","1",12
731,"2022-12-30","2",26
732,"2022-12-30","3",6
733,"2022-12-31","1",2
734,"2022-12-31","2",19
735,"2022-12-31","3",3
736,"2023-01-01","1",170
737,"2023-01-01","2",12
738,"2023-01-01","3",1
739,"2023-01-02","1",23
740,"2023-01-02","2",1
741,"2023-01-02","3",10
742,"2023-01-03","1",12
743,"2023-01-03","2",6
744,"2023-01-03","3",69
745,"2023-01-04","1",14
746,"2023-01-04","2",7
747,"2023-01-04","3",16
748,"2023-01-05","1",28
749,"2023-01-05","2",67
750,"2023-01-05","3",31
751,"2023-01-06","1",106
752,"2023-01-06","2",1
753,"2023-01-06","3",22
754,"2023-01-07","1",18
755,"2023-01-07","2",22
756,"2023-01-07","3",26
757,"2023-01-08","1",7
758,"2023-01-08","2",7
759,"2023-01-08","3",2
760,"2023-01-09","1",216
761,"2023-01-09","2",5
762,"2023-01-09","3",7
763,"2023-01-10","1",39
764,"2023-01-10","2",13
765,"2023-01-10","3",258
766,"2023-01-11","1",14
767,"2023-01-11","2",1
768,"2023-01-11","3",0
769,"2023-01-12","1",99
770,"2023-01-12","2",6
771,"2023-01-12","3",2
772,"2023-01-13","1",408
773,"2023-01-13","2",38
774,"2023-01-13","3",15
775,"2023-01-14","1",9
776,"2023-01-14","2",150
777,"2023-01-14","3",12
778,"2023-01-15","1",81
779,"2023-01-15","2",75
780,"2023-01-15","3",43
781,"2023-01-16","1",9
782,"2023-01-16","2",58
783,"2023-01-16","3",4
784,"2023-01-17","1",14
785,"2023-01-17","2",12
786,"2023-01-17","3",2
787,"2023-01-18","1",1
788,"2023-01-18","2",77
789,"2023-01-18","3",26
790,"2023-01-19","1",22
791,"2023-01-19","2",97
792,"2023-01-19","3",25
793,"2023-01-20","1",21
794,"2023-01-20","2",3
795,"2023-01-20","3",60
796,"2023-01-21","1",48
797,"2023-01-21","2",0
798,"2023-01-21","3",0
799,"2023-01-22","1",132
800,"2023-01-22","2",172
801,"2023-01-22","3",69
802,"2023-01-23","1",14
803,"2023-01-23","2",20
804,"2023-01-23","3",26
805,"2023-01-24","1",27
806,"2023-01-24","2",14
807,"2023-01-24","3",30
808,"2023-01-25","1",70
809,"2023-01-25","2",49
810,"2023-01-25","3",44
811,"2023-01-26","1",6
812,"2023-01-26","2",0
813,"2023-01-26","3",0
814,"2023-01-27","1",5
815,"2023-01-27","2",17
816,"2023-01-27","3",28
817,"2023-01-28","1",26
818,"2023-01-28","2",15
819,"2023-01-28","3",7
820,"2023-01-29","1",46
821,"2023-01-29","2",103
822,"2023-01-29","3",34
823,"2023-01-30","1",110
824,"2023-01-30","2",15
825,"2023-01-30","3",28
826,"2023-01-31","1",15
827,"2023-01-31","2",68
828,"2023-01-31","3",44
829,"2023-02-01","1",157
830,"2023-02-01","2",46
831,"2023-02-01","3",95
832,"2023-02-02","1",16
833,"2023-02-02","2",4
834,"2023-02-02","3",0
835,"2023-02-03","1",8
836,"2023-02-03","2",222
837,"2023-02-03","3",0
838,"2023-02-04","1",153
839,"2023-02-04","2",53
840,"2023-02-04","3",31
841,"2023-02-05","1",2
842,"2023-02-05","2",26
843,"2023-02-05","3",20
844,"2023-02-06","1",87
845,"2023-02-06","2",147
846,"2023-02-06","3",128
847,"2023-02-07","1",30
848,"2023-02-07","2",64
849,"2023-02-07","3",1
850,"2023-02-08","1",65
851,"2023-02-08","2",10
852,"2023-02-08","3",62
853,"2023-02-09","1",35
854,"2023-02-09","2",76
855,"2023-02-09","3",6
856,"2023-02-10","1",49
857,"2023-02-10","2",8
858,"2023-02-10","3",26
859,"2023-02-11","1",91
860,"2023-02-11","2",52
861,"2023-02-11","3",86
862,"2023-02-12","1",134
863,"2023-02-12","2",2
864,"2023-02-12","3",10
865,"2023-02-13","1",120
866,"2023-02-13","2",0
867,"2023-02-13","3",1
868,"2023-02-14","1",189
869,"2023-02-14","2",130
870,"2023-02-14","3",50
871,"2023-02-15","1",10
872,"2023-02-15","2",0
873,"2023-02-15","3",2
874,"2023-02-16","1",4
875,"2023-02-16","2",1
876,"2023-02-16","3",19
877,"2023-02-17","1",20
878,"2023-02-17","2",109
879,"2023-02-17","3",50
880,"2023-02-18","1",13
881,"2023-02-18","2",35
882,"2023-02-18","3",84
883,"2023-02-19","1",206
884,"2023-02-19","2",90
885,"2023-02-19","3",148
886,"2023-02-20","1",5
887,"2023-02-20","2",6
888,"2023-02-20","3",270
889,"2023-02-21","1",33
890,"2023-02-21","2",1
891,"2023-02-21","3",1
892,"2023-02-22","1",20
893,"2023-02-22","2",12
894,"2023-02-22","3",12
895,"2023-02-23","1",5
896,"2023-02-23","2",6
897,"2023-02-23","3",7
898,"2023-02-24","1",14
899,"2023-02-24","2",21
900,"2023-02-24","3",3
901,"2023-02-25","1",27
902,"2023-02-25","2",39
903,"2023-02-25","3",10
904,"2023-02-26","1",5
905,"2023-02-26","2",6
906,"2023-02-26","3",43
907,"2023-02-27","1",15
908,"2023-02-27","2",8
909,"2023-02-27","3",6
910,"2023-02-28","1",4
911,"2023-02-28","2",58
912,"2023-02-28","3",65
913,"2023-03-01","1",60
914,"2023-03-01","2",32
915,"2023-03-01","3",22
916,"2023-03-02","1",85
917,"2023-03-02","2",9
918,"2023-03-02","3",37
919,"2023-03-03","1",44
920,"2023-03-03","2",11
921,"2023-03-03","3",61
922,"2023-03-04","1",27
923,"2023-03-04","2",19
924,"2023-03-04","3",14
925,"2023-03-05","1",148
926,"2023-03-05","2",4
927,"2023-03-05","3",70
928,"2023-03-06","1",57
929,"2023-03-06","2",0
930,"2023-03-06","3",61
931,"2023-03-07","1",416
932,"2023-03-07","2",3
933,"2023-03-07","3",3
934,"2023-03-08","1",101
935,"2023-03-08","2",53
936,"2023-03-08","3",41
937,"2023-03-09","1",147
938,"2023-03-09","2",10
939,"2023-03-09","3",2
940,"2023-03-10","1",15
941,"2023-03-10","2",7
942,"2023-03-10","3",4
943,"2023-03-11","1",16
944,"2023-03-11","2",12
945,"2023-03-11","3",60
946,"2023-03-12","1",0
947,"2023-03-12","2",0
948,"2023-03-12","3",1
949,"2023-03-13","1",12
950,"2023-03-13","2",94
951,"2023-03-13","3",95
952,"2023-03-14","1",76
953,"2023-03-14","2",42
954,"2023-03-14","3",62
955,"2023-03-15","1",24
956,"2023-03-15","2",14
957,"2023-03-15","3",52
958,"2023-03-16","1",4
959,"2023-03-16","2",1
960,"2023-03-16","3",0
961,"2023-03-17","1",57
962,"2023-03-17","2",10
963,"2023-03-17","3",26
964,"2023-03-18","1",64
965,"2023-03-18","2",73
966,"2023-03-18","3",22
967,"2023-03-19","1",63
968,"2023-03-19","2",139
969,"2023-03-19","3",69
970,"2023-03-20","1",158
971,"2023-03-20","2",0
972,"2023-03-20","3",84
973,"2023-03-21","1",86
974,"2023-03-21","2",2
975,"2023-03-21","3",5
976,"2023-03-22","1",40
977,"2023-03-22","2",0
978,"2023-03-22","3",3
979,"2023-03-23","1",194
980,"2023-03-23","2",79
981,"2023-03-23","3",45
982,"2023-03-24","1",11
983,"2023-03-24","2",332
984,"2023-03-24","3",83
985,"2023-03-25","1",9
986,"2023-03-25","2",33
987,"2023-03-25","3",115
988,"2023-03-26","1",26
989,"2023-03-26","2",12
990,"2023-03-26","3",46
991,"2023-03-27","1",28
992,"2023-03-27","2",4
993,"2023-03-27","3",3
994,"2023-03-28","1",162
995,"2023-03-28","2",67
996,"2023-03-28","3",11
997,"2023-03-29","1",102
998,"2023-03-29","2",11
999,"2023-03-29","3",287
1000,"2023-03-30","1",146
1001,"2023-03-30","2",4
1002,"2023-03-30","3",1
1003,"2023-03-31","1",7
1004,"2023-03-31","2",0
1005,"2023-03-31","3",9
1006,"2023-04-01","1",7
1007,"2023-04-01","2",3
1008,"2023-04-01","3",29
1009,"2023-04-02","1",58
1010,"2023-04-02","2",23
1011,"2023-04-02","3",4
1012,"2023-04-03","1",18
1013,"2023-04-03","2",33
1014,"2023-04-03","3",6
1015,"2023-04-04","1",25
1016,"2023-04-04","2",103
1017,"2023-04-04","3",0
1018,"2023-04-05","1",13
1019,"2023-04-05","2",60
1020,"2023-04-05","3",14
1021,"2023-04-06","1",52
1022,"2023-04-06","2",157
1023,"2023-04-06","3",121
1024,"2023-04-07","1",30
1025,"2023-04-07","2",6
1026,"2023-04-07","3",8
1027,"2023-04-08","1",180
1028,"2023-04-08","2",78
1029,"2023-04-08","3",50
1030,"2023-04-09","1",323
1031,"2023-04-09","2",24
1032,"2023-04-09","3",15
1033,"2023-04-10","1",109
1034,"2023-04-10","2",74
1035,"2023-04-10","3",6
1036,"2023-04-11","1",3
1037,"2023-04-11","2",40
1038,"2023-04-11","3",163
1039,"2023-04-12","1",124
1040,"2023-04-12","2",22
1041,"2023-04-12","3",118
1042,"2023-04-13","1",10
1043,"2023-04-13","2",1
1044,"2023-04-13","3",0
1045,"2023-04-14","1",5
1046,"2023-04-14","2",17
1047,"2023-04-14","3",7
1048,"2023-04-15","1",76
1049,"2023-04-15","2",2
1050,"2023-04-15","3",21
1051,"2023-04-16","1",50
1052,"2023-04-16","2",53
1053,"2023-04-16","3",17
1054,"2023-04-17","1",38
1055,"2023-04-17","2",54
1056,"2023-04-17","3",26
1057,"2023-04-18","1",0
1058,"2023-04-18","2",35
1059,"2023-04-18","3",12
1060,"2023-04-19","1",17
1061,"2023-04-19","2",0
1062,"2023-04-19","3",0
1063,"2023-04-20","1",17
1064,"2023-04-20","2",2
1065,"2023-04-20","3",40
1066,"2023-04-21","1",12
1067,"2023-04-21","2",21
1068,"2023-04-21","3",84
1069,"2023-04-22","1",235
1070,"2023-04-22","2",94
1071,"2023-04-22","3",18
1072,"2023-04-23","1",110
1073,"2023-04-23","2",6
1074,"2023-04-23","3",0
1075,"2023-04-24","1",187
1076,"2023-04-24","2",22
1077,"2023-04-24","3",3
1078,"2023-04-25","1",4
1079,"2023-04-25","2",96
1080,"2023-04-25","3",0
1081,"2023-04-26","1",8
1082,"2023-04-26","2",56
1083,"2023-04-26","3",45
1084,"2023-04-27","1",65
1085,"2023-04-27","2",42
1086,"2023-04-27","3",3
1087,"2023-04-28","1",15
1088,"2023-04-28","2",13
1089,"2023-04-28","3",10
1090,"2023-04-29","1",8
1091,"2023-04-29","2",0
1092,"2023-04-29","3",16
1093,"2023-04-30","1",70
1094,"2023-04-30","2",15
1095,"2023-04-30","3",37
1096,"2023-05-01","1",287
1097,"2023-05-01","2",3
1098,"2023-05-01","3",18
1099,"2023-05-02","1",73
1100,"2023-05-02","2",36
1101,"2023-05-02","3",51
1102,"2023-05-03","1",109
1103,"2023-05-03","2",17
1104,"2023-05-03","3",24
1105,"2023-05-04","1",20
1106,"2023-05-04","2",84
1107,"2023-05-04","3",79
1108,"2023-05-05","1",38
1109,"2023-05-05","2",25
1110,"2023-05-05","3",67
1111,"2023-05-06","1",23
1112,"2023-05-06","2",6
1113,"2023-05-06","3",18
1114,"2023-05-07","1",7
1115,"2023-05-07","2",2
1116,"2023-05-07","3",1
1117,"2023-05-08","1",11
1118,"2023-05-08","2",116
1119,"2023-05-08","3",202
1120,"2023-05-09","1",129
1121,"2023-05-09","2",36
1122,"2023-05-09","3",25
1123,"2023-05-10","1",101
1124,"2023-05-10","2",34
1125,"2023-05-10","3",36
1126,"2023-05-11","1",240
1127,"2023-05-11","2",20
1128,"2023-05-11","3",8
1129,"2023-05-12","1",55
1130,"2023-05-12","2",13
1131,"2023-05-12","3",10
1132,"2023-05-13","1",217
1133,"2023-05-13","2",210
1134,"2023-05-13","3",7
1135,"2023-05-14","1",157
1136,"2023-05-14","2",10
1137,"2023-05-14","3",70
1138,"2023-05-15","1",31
1139,"2023-05-15","2",126
1140,"2023-05-15","3",18
1141,"2023-05-16","1",52
1142,"2023-05-16","2",65
1143,"2023-05-16","3",285
1144,"2023-05-17","1",4
1145,"2023-05-17","2",41
1146,"2023-05-17","3",31
1147,"2023-05-18","1",145
1148,"2023-05-18","2",5
1149,"2023-05-18","3",40
1150,"2023-05-19","1",34
1151,"2023-05-19","2",144
1152,"2023-05-19","3",0
1153,"2023-05-20","1",2
1154,"2023-05-20","2",28
1155,"2023-05-20","3",66
1156,"2023-05-21","1",15
1157,"2023-05-21","2",58
1158,"2023-05-21","3",4
1159,"2023-05-22","1",8
1160,"2023-05-22","2",40
1161,"2023-05-22","3",168
1162,"2023-05-23","1",8
1163,"2023-05-23","2",0
1164,"2023-05-23","3",5
1165,"2023-05-24","1",124
1166,"2023-05-24","2",106
1167,"2023-05-24","3",9
1168,"2023-05-25","1",199
1169,"2023-05-25","2",21
1170,"2023-05-25","3",30
1171,"2023-05-26","1",48
1172,"2023-05-26","2",39
1173,"2023-05-26","3",72
1174,"2023-05-27","1",11
1175,"2023-05-27","2",3
1176,"2023-05-27","3",0
1177,"2023-05-28","1",8
1178,"2023-05-28","2",14
1179,"2023-05-28","3",3
1180,"2023-05-29","1",15
1181,"2023-05-29","2",336
1182,"2023-05-29","3",42
1183,"2023-05-30","1",38
1184,"2023-05-30","2",157
1185,"2023-05-30","3",7
1186,"2023-05-31","1",117
1187,"2023-05-31","2",151
1188,"2023-05-31","3",72
1189,"2023-06-01","1",48
1190,"2023-06-01","2",50
1191,"2023-06-01","3",21
1192,"2023-06-02","1",405
1193,"2023-06-02","2",24
1194,"2023-06-02","3",0
1195,"2023-06-03","1",52
1196,"2023-06-03","2",1
1197,"2023-06-03","3",7
1198,"2023-06-04","1",15
1199,"2023-06-04","2",1
1200,"2023-06-04","3",1
1201,"2023-06-05","1",62
1202,"2023-06-05","2",15
1203,"2023-06-05","3",13
1204,"2023-06-06","1",22
1205,"2023-06-06","2",249
1206,"2023-06-06","3",60
1207,"2023-06-07","1",114
1208,"2023-06-07","2",60
1209,"2023-06-07","3",22
1210,"2023-06-08","1",77
1211,"2023-06-08","2",76
1212,"2023-06-08","3",62
1213,"2023-06-09","1",132
1214,"2023-06-09","2",0
1215,"2023-06-09","3",0
1216,"2023-06-10","1",23
1217,"2023-06-10","2",48
1218,"2023-06-10","3",12
1219,"2023-06-11","1",17
1220,"2023-06-11","2",15
1221,"2023-06-11","3",6
1222,"2023-06-12","1",97
1223,"2023-06-12","2",158
1224,"2023-06-12","3",12
1225,"2023-06-13","1",119
1226,"2023-06-13","2",3
1227,"2023-06-13","3",5
1228,"2023-06-14","1",21
1229,"2023-06-14","2",5
1230,"2023-06-14","3",19
1231,"2023-06-15","1",0
1232,"2023-06-15","2",0
1233,"2023-06-15","3",32
1234,"2023-06-16","1",188
1235,"2023-06-16","2",45
1236,"2023-06-16","3",10
1237,"2023-06-17","1",20
1238,"2023-06-17","2",60
1239,"2023-06-17","3",47
1240,"2023-06-18","1",27
1241,"2023-06-18","2",0
1242,"2023-06-18","3",1
1243,"2023-06-19","1",22
1244,"2023-06-19","2",0
1245,"2023-06-19","3",116
1246,"2023-06-20","1",30
1247,"2023-06-20","2",55
1248,"2023-06-20","3",247
1249,"2023-06-21","1",309
1250,"2023-06-21","2",34
1251,"2023-06-21","3",5
1252,"2023-06-22","1",5
1253,"2023-06-22","2",21
1254,"2023-06-22","3",49
1255,"2023-06-23","1",78
1256,"2023-06-23","2",81
1257,"2023-06-23","3",29
1258,"2023-06-24","1",30
1259,"2023-06-24","2",18
1260,"2023-06-24","3",1
1261,"2023-06-25","1",143
1262,"2023-06-25","2",26
1263,"2023-06-25","3",16
1264,"2023-06-26","1",13
1265,"2023-06-26","2",26
1266,"2023-06-26","3",40
1267,"2023-06-27","1",65
1268,"2023-06-27","2",33
1269,"2023-06-27","3",107
1270,"2023-06-28","1",374
1271,"2023-06-28","2",56
1272,"2023-06-28","3",13
1273,"2023-06-29","1",27
1274,"2023-06-29","2",8
1275,"2023-06-29","3",35
1276,"2023-06-30","1",48
1277,"2023-06-30","2",9
1278,"2023-06-30","3",20
1279,"2023-07-01","1",27
1280,"2023-07-01","2",42
1281,"2023-07-01","3",14
1282,"2023-07-02","1",294
1283,"2023-07-02","2",15
1284,"2023-07-02","3",18
1285,"2023-07-03","1",71
1286,"2023-07-03","2",0
1287,"2023-07-03","3",15
1288,"2023-07-04","1",6
1289,"2023-07-04","2",0
1290,"2023-07-04","3",6
1291,"2023-07-05","1",32
1292,"2023-07-05","2",1
1293,"2023-07-05","3",13
1294,"2023-07-06","1",134
1295,"2023-07-06","2",62
1296,"2023-07-06","3",7
1297,"2023-07-07","1",1
1298,"2023-07-07","2",210
1299,"2023-07-07","3",79
1300,"2023-07-08","1",111
1301,"2023-07-08","2",11
1302,"2023-07-08","3",313
1303,"2023-07-09","1",49
1304,"2023-07-09","2",0
1305,"2023-07-09","3",3
1306,"2023-07-10","1",2
1307,"2023-07-10","2",0
1308,"2023-07-10","3",8
1309,"2023-07-11","1",108
1310,"2023-07-11","2",18
1311,"2023-07-11","3",16
1312,"2023-07-12","1",14
1313,"2023-07-12","2",91
1314,"2023-07-12","3",7
1315,"2023-07-13","1",0
1316,"2023-07-13","2",0
1317,"2023-07-13","3",1
1318,"2023-07-14","1",76
1319,"2023-07-14","2",16
1320,"2023-07-14","3",56
1321,"2023-07-15","1",117
1322,"2023-07-15","2",2
1323,"2023-07-15","3",3
1324,"2023-07-16","1",175
1325,"2023-07-16","2",27
1326,"2023-07-16","3",80
1327,"2023-07-17","1",208
1328,"2023-07-17","2",23
1329,"2023-07-17","3",5
1330,"2023-07-18","1",11
1331,"2023-07-18","2",0
1332,"2023-07-18","3",0
1333,"2023-07-19","1",72
1334,"2023-07-19","2",2
1335,"2023-07-19","3",0
1336,"2023-07-20","1",69
1337,"2023-07-20","2",71
1338,"2023-07-20","3",5
1339,"2023-07-21","1",81
1340,"2023-07-21","2",71
1341,"2023-07-21","3",135
1342,"2023-07-22","1",13
1343,"2023-07-22","2",2
1344,"2023-07-22","3",0
1345,"2023-07-23","1",135
1346,"2023-07-23","2",22
1347,"2023-07-23","3",76
1348,"2023-07-24","1",52
1349,"2023-07-24","2",31
1350,"2023-07-24","3",7
1351,"2023-07-25","1",155
1352,"2023-07-25","2",48
1353,"2023-07-25","3",6
1354,"2023-07-26","1",12
1355,"2023-07-26","2",21
1356,"2023-07-26","3",9
1357,"2023-07-27","1",65
1358,"2023-07-27","2",3
1359,"2023-07-27","3",1
1360,"2023-07-28","1",131
1361,"2023-07-28","2",13
1362,"2023-07-28","3",230
1363,"2023-07-29","1",20
1364,"2023-07-29","2",6
1365,"2023-07-29","3",48
1366,"2023-07-30","1",42
1367,"2023-07-30","2",49
1368,"2023-07-30","3",1
1369,"2023-07-31","1",13
1370,"2023-07-31","2",6
1371,"2023-07-31","3",44
1372,"2023-08-01","1",3
1373,"2023-08-01","2",0
1374,"2023-08-01","3",0
1375,"2023-08-02","1",74
1376,"2023-08-02","2",2
1377,"2023-08-02","3",21
1378,"2023-08-03","1",189
1379,"2023-08-03","2",13
1380,"2023-08-03","3",5
1381,"2023-08-04","1",99
1382,"2023-08-04","2",6
1383,"2023-08-04","3",20
1384,"2023-08-05","1",145
1385,"2023-08-05","2",3
1386,"2023-08-05","3",16
1387,"2023-08-06","1",88
1388,"2023-08-06","2",19
1389,"2023-08-06","3",14
1390,"2023-08-07","1",157
1391,"2023-08-07","2",2
1392,"2023-08-07","3",24
1393,"2023-08-08","1",33
1394,"2023-08-08","2",194
1395,"2023-08-08","3",150
1396,"2023-08-09","1",142
1397,"2023-08-09","2",31
1398,"2023-08-09","3",24
1399,"2023-08-10","1",150
1400,"2023-08-10","2",160
1401,"2023-08-10","3",89
1402,"2023-08-11","1",22
1403,"2023-08-11","2",31
1404,"2023-08-11","3",32
1405,"2023-08-12","1",20
1406,"2023-08-12","2",55
1407,"2023-08-12","3",8
1408,"2023-08-13","1",0
1409,"2023-08-13","2",0
1410,"2023-08-13","3",0
1411,"2023-08-14","1",5
1412,"2023-08-14","2",6
1413,"2023-08-14","3",34
1414,"2023-08-15","1",84
1415,"2023-08-15","2",52
1416,"2023-08-15","3",70
1417,"2023-08-16","1",67
1418,"2023-08-16","2",0
1419,"2023-08-16","3",4
1420,"2023-08-17","1",130
1421,"2023-08-17","2",41
1422,"2023-08-17","3",72
1423,"2023-08-18","1",94
1424,"2023-08-18","2",0
1425,"2023-08-18","3",11
1426,"2023-08-19","1",13
1427,"2023-08-19","2",4
1428,"2023-08-19","3",14
1429,"2023-08-20","1",11
1430,"2023-08-20","2",71
1431,"2023-08-20","3",8
1432,"2023-08-21","1",63
1433,"2023-08-21","2",7
1434,"2023-08-21","3",34
1435,"2023-08-22","1",54
1436,"2023-08-22","2",0
1437,"2023-08-22","3",1
1438,"2023-08-23","1",84
1439,"2023-08-23","2",18
1440,"2023-08-23","3",14
1441,"2023-08-24","1",100
1442,"2023-08-24","2",14
1443,"2023-08-24","3",2
1444,"2023-08-25","1",96
1445,"2023-08-25","2",72
1446,"2023-08-25","3",15
1447,"2023-08-26","1",103
1448,"2023-08-26","2",86
1449,"2023-08-26","3",10
1450,"2023-08-27","1",110
1451,"2023-08-27","2",13
1452,"2023-08-27","3",65
1453,"2023-08-28","1",212
1454,"2023-08-28","2",23
1455,"2023-08-28","3",41
1456,"2023-08-29","1",56
1457,"2023-08-29","2",45
1458,"2023-08-29","3",42
1459,"2023-08-30","1",21
1460,"2023-08-30","2",103
1461,"2023-08-30","3",49
1462,"2023-08-31","1",12
1463,"2023-08-31","2",0
1464,"2023-08-31","3",6
1465,"2023-09-01","1",73
1466,"2023-09-01","2",16
1467,"2023-09-01","3",6
1468,"2023-09-02","1",1
1469,"2023-09-02","2",1
1470,"2023-09-02","3",11
1471,"2023-09-03","1",9
1472,"2023-09-03","2",73
1473,"2023-09-03","3",45
1474,"2023-09-04","1",70
1475,"2023-09-04","2",19
1476,"2023-09-04","3",1
1477,"2023-09-05","1",5
1478,"2023-09-05","2",1
1479,"2023-09-05","3",1
1480,"2023-09-06","1",4
1481,"2023-09-06","2",28
1482,"2023-09-06","3",71
1483,"2023-09-07","1",97
1484,"2023-09-07","2",16
1485,"2023-09-07","3",56
1486,"2023-09-08","1",244
1487,"2023-09-08","2",17
1488,"2023-09-08","3",41
1489,"2023-09-09","1",45
1490,"2023-09-09","2",14
1491,"2023-09-09","3",26
1492,"2023-09-10","1",42
1493,"2023-09-10","2",8
1494,"2023-09-10","3",1
1495,"2023-09-11","1",34
1496,"2023-09-11","2",25
1497,"2023-09-11","3",13
1498,"2023-09-12","1",161
1499,"2023-09-12","2",66
1500,"2023-09-12","3",18
1501,"2023-09-13","1",84
1502,"2023-09-13","2",19
1503,"2023-09-13","3",0
1504,"2023-09-14","1",14
1505,"2023-09-14","2",5
1506,"2023-09-14","3",41
1507,"2023-09-15","1",38
1508,"2023-09-15","2",24
1509,"2023-09-15","3",38
1510,"2023-09-16","1",7
1511,"2023-09-16","2",0
1512,"2023-09-16","3",2
1513,"2023-09-17","1",151
1514,"2023-09-17","2",35
1515,"2023-09-17","3",86
1516,"2023-09-18","1",83
1517,"2023-09-18","2",65
1518,"2023-09-18","3",95
1519,"2023-09-19","1",179
1520,"2023-09-19","2",101
1521,"2023-09-19","3",131
1522,"2023-09-20","1",11
1523,"2023-09-20","2",3
1524,"2023-09-20","3",1
1525,"2023-09-21","1",203
1526,"2023-09-21","2",1
1527,"2023-09-21","3",7
1528,"2023-09-22","1",68
1529,"2023-09-22","2",180
1530,"2023-09-22","3",180
1531,"2023-09-23","1",3
1532,"2023-09-23","2",9
1533,"2023-09-23","3",42
1534,"2023-09-24","1",12
1535,"2023-09-24","2",22
1536,"2023-09-24","3",34
1537,"2023-09-25","1",124
1538,"2023-09-25","2",188
1539,"2023-09-25","3",17
1540,"2023-09-26","1",14
1541,"2023-09-26","2",18
1542,"2023-09-26","3",9
1543,"2023-09-27","1",41
1544,"2023-09-27","2",96
1545,"2023-09-27","3",4
1546,"2023-09-28","1",42
1547,"2023-09-28","2",2
1548,"2023-09-28","3",20
1549,"2023-09-29","1",83
1550,"2023-09-29","2",6
1551,"2023-09-29","3",1
1552,"2023-09-30","1",131
1553,"2023-09-30","2",16
1554,"2023-09-30","3",27
1555,"2023-10-01","1",2
1556,"2023-10-01","2",3
1557,"2023-10-01","3",2
1558,"2023-10-02","1",9
1559,"2023-10-02","2",18
1560,"2023-10-02","3",27
1561,"2023-10-03","1",54
1562,"2023-10-03","2",134
1563,"2023-10-03","3",78
1564,"2023-10-04","1",20
1565,"2023-10-04","2",31
1566,"2023-10-04","3",36
1567,"2023-10-05","1",94
1568,"2023-10-05","2",2
1569,"2023-10-05","3",45
1570,"2023-10-06","1",21
1571,"2023-10-06","2",5
1572,"2023-10-06","3",85
1573,"2023-10-07","1",282
1574,"2023-10-07","2",76
1575,"2023-10-07","3",36
1576,"2023-10-08","1",158
1577,"2023-10-08","2",126
1578,"2023-10-08","3",34
1579,"2023-10-09","1",39
1580,"2023-10-09","2",42
1581,"2023-10-09","3",4
1582,"2023-10-10","1",123
1583,"2023-10-10","2",71
1584,"2023-10-10","3",26
1585,"2023-10-11","1",25
1586,"2023-10-11","2",2
1587,"2023-10-11","3",7
1588,"2023-10-12","1",62
1589,"2023-10-12","2",17
1590,"2023-10-12","3",1
1591,"2023-10-13","1",12
1592,"2023-10-13","2",3
1593,"2023-10-13","3",1
1594,"2023-10-14","1",29
1595,"2023-10-14","2",6
1596,"2023-10-14","3",21
1597,"2023-10-15","1",287
1598,"2023-10-15","2",114
1599,"2023-10-15","3",17
1600,"2023-10-16","1",88
1601,"2023-10-16","2",37
1602,"2023-10-16","3",5
1603,"2023-10-17","1",118
1604,"2023-10-17","2",127
1605,"2023-10-17","3",25
1606,"2023-10-18","1",19
1607,"2023-10-18","2",8
1608,"2023-10-18","3",6
1609,"2023-10-19","1",62
1610,"2023-10-19","2",2
1611,"2023-10-19","3",2
1612,"2023-10-20","1",62
1613,"2023-10-20","2",0
1614,"2023-10-20","3",8
1615,"2023-10-21","1",365
1616,"2023-10-21","2",89
1617,"2023-10-21","3",1
1618,"2023-10-22","1",30
1619,"2023-10-22","2",64
1620,"2023-10-22","3",62
1621,"2023-10-23","1",37
1622,"2023-10-23","2",9
1623,"2023-10-23","3",77
1624,"2023-10-24","1",46
1625,"2023-10-24","2",8
1626,"2023-10-24","3",1
1627,"2023-10-25","1",67
1628,"2023-10-25","2",130
1629,"2023-10-25","3",55
1630,"2023-10-26","1",11
1631,"2023-10-26","2",2
1632,"2023-10-26","3",1
1633,"2023-10-27","1",110
1634,"2023-10-27","2",32
1635,"2023-10-27","3",25
1636,"2023-10-28","1",8
1637,"2023-10-28","2",254
1638,"2023-10-28","3",60
1639,"2023-10-29","1",17
1640,"2023-10-29","2",79
1641,"2023-10-29","3",101
1642,"2023-10-30","1",17
1643,"2023-10-30","2",68
1644,"2023-10-30","3",93
1645,"2023-10-31","1",161
1646,"2023-10-31","2",158
1647,"2023-10-31","3",0
1648,"2023-11-01","1",18
1649,"2023-11-01","2",2
1650,"2023-11-01","3",1
1651,"2023-11-02","1",37
1652,"2023-11-02","2",79
1653,"2023-11-02","3",13
1654,"2023-11-03","1",2
1655,"2023-11-03","2",132
1656,"2023-11-03","3",13
1657,"2023-11-04","1",33
1658,"2023-11-04","2",14
1659,"2023-11-04","3",8
1660,"2023-11-05","1",112
1661,"2023-11-05","2",40
1662,"2023-11-05","3",1
1663,"2023-11-06","1",14
1664,"2023-11-06","2",87
1665,"2023-11-06","3",55
1666,"2023-11-07","1",54
1667,"2023-11-07","2",0
1668,"2023-11-07","3",8
1669,"2023-11-08","1",284
1670,"2023-11-08","2",19
1671,"2023-11-08","3",41
1672,"2023-11-09","1",144
1673,"2023-11-09","2",11
1674,"2023-11-09","3",4
1675,"2023-11-10","1",20
1676,"2023-11-10","2",61
1677,"2023-11-10","3",4
1678,"2023-11-11","1",52
1679,"2023-11-11","2",5
1680,"2023-11-11","3",31
1681,"2023-11-12","1",1
1682,"2023-11-12","2",22
1683,"2023-11-12","3",26
1684,"2023-11-13","1",22
1685,"2023-11-13","2",39
1686,"2023-11-13","3",16
1687,"2023-11-14","1",50
1688,"2023-11-14","2",37
1689,"2023-11-14","3",68
1690,"2023-11-15","1",5
1691,"2023-11-15","2",9
1692,"2023-11-15","3",38
1693,"2023-11-16","1",30
1694,"2023-11-16","2",6
1695,"2023-11-16","3",7
1696,"2023-11-17","1",250
1697,"2023-11-17","2",10
1698,"2023-11-17","3",3
1699,"2023-11-18","1",189
1700,"2023-11-18","2",84
1701,"2023-11-18","3",26
1702,"2023-11-19","1",32
1703,"2023-11-19","2",64
1704,"2023-11-19","3",146
1705,"2023-11-20","1",42
1706,"2023-11-20","2",41
1707,"2023-11-20","3",14
1708,"2023-11-21","1",176
1709,"2023-11-21","2",26
1710,"2023-11-21","3",5
1711,"2023-11-22","1",141
1712,"2023-11-22","2",3
1713,"2023-11-22","3",12
1714,"2023-11-23","1",59
1715,"2023-11-23","2",160
1716,"2023-11-23","3",201
1717,"2023-11-24","1",166
1718,"2023-11-24","2",22
1719,"2023-11-24","3",97
1720,"2023-11-25","1",19
1721,"2023-11-25","2",5
1722,"2023-11-25","3",10
1723,"2023-11-26","1",250
1724,"2023-11-26","2",68
1725,"2023-11-26","3",25
1726,"2023-11-27","1",134
1727,"2023-11-27","2",11
1728,"2023-11-27","3",1
1729,"2023-11-28","1",73
1730,"2023-11-28","2",34
1731,"2023-11-28","3",22
1732,"2023-11-29","1",216
1733,"2023-11-29","2",7
1734,"2023-11-29","3",2
1735,"2023-11-30","1",66
1736,"2023-11-30","2",87
1737,"2023-11-30","3",1
1738,"2023-12-01","1",10
1739,"2023-12-01","2",0
1740,"2023-12-01","3",1
1741,"2023-12-02","1",25
1742,"2023-12-02","2",147
1743,"2023-12-02","3",9
1744,"2023-12-03","1",236
1745,"2023-12-03","2",15
1746,"2023-12-03","3",23
1747,"2023-12-04","1",90
1748,"2023-12-04","2",0
1749,"2023-12-04","3",11
1750,"2023-12-05","1",120
1751,"2023-12-05","2",64
1752,"2023-12-05","3",200
1753,"2023-12-06","1",128
1754,"2023-12-06","2",163
1755,"2023-12-06","3",28
1756,"2023-12-07","1",55
1757,"2023-12-07","2",10
1758,"2023-12-07","3",9
1759,"2023-12-08","1",36
1760,"2023-12-08","2",30
1761,"2023-12-08","3",103
1762,"2023-12-09","1",71
1763,"2023-12-09","2",151
1764,"2023-12-09","3",34
1765,"2023-12-10","1",84
1766,"2023-12-10","2",154
1767,"2023-12-10","3",11
1768,"2023-12-11","1",73
1769,"2023-12-11","2",4
1770,"2023-12-11","3",35
1771,"2023-12-12","1",1
1772,"2023-12-12","2",1
1773,"2023-12-12","3",1
1774,"2023-12-13","1",205
1775,"2023-12-13","2",12
1776,"2023-12-13","3",7
1777,"2023-12-14","1",12
1778,"2023-12-14","2",5
1779,"2023-12-14","3",3
1780,"2023-12-15","1",12
1781,"2023-12-15","2",18
1782,"2023-12-15","3",2
1783,"2023-12-16","1",102
1784,"2023-12-16","2",66
1785,"2023-12-16","3",55
1786,"2023-12-17","1",322
1787,"2023-12-17","2",0
1788,"2023-12-17","3",8
1789,"2023-12-18","1",41
1790,"2023-12-18","2",10
1791,"2023-12-18","3",14
1792,"2023-12-19","1",1
1793,"2023-12-19","2",2
1794,"2023-12-19","3",4
1795,"2023-12-20","1",20
1796,"2023-12-20","2",0
1797,"2023-12-20","3",0
1798,"2023-12-21","1",183
1799,"2023-12-21","2",69
1800,"2023-12-21","3",44
1801,"2023-12-22","1",146
1802,"2023-12-22","2",4
1803,"2023-12-22","3",2
1804,"2023-12-23","1",22
1805,"2023-12-23","2",4
1806,"2023-12-23","3",16
1807,"2023-12-24","1",165
1808,"2023-12-24","2",82
1809,"2023-12-24","3",186
1810,"2023-12-25","1",1
1811,"2023-12-25","2",7
1812,"2023-12-25","3",3
1813,"2023-12-26","1",16
1814,"2023-12-26","2",5
1815,"2023-12-26","3",1
1816,"2023-12-27","1",90
1817,"2023-12-27","2",1
1818,"2023-12-27","3",5
1819,"2023-12-28","1",62
1820,"2023-12-28","2",20
1821,"2023-12-28","3",1
1822,"2023-12-29","1",67
1823,"2023-12-29","2",0
1824,"2023-12-29","3",0
1825,"2023-12-30","1",11
1826,"2023-12-30","2",7
1827,"2023-12-30","3",12
1828,"2023-12-31","1",63
1829,"2023-12-31","2",70
1830,"2023-12-31","3",34
1831,"2024-01-01","1",18
1832,"2024-01-01","2",12
1833,"2024-01-01","3",0
1834,"2024-01-02","1",39
1835,"2024-01-02","2",2
1836,"2024-01-02","3",8
1837,"2024-01-03","1",87
1838,"2024-01-03","2",28
1839,"2024-01-03","3",89
1840,"2024-01-04","1",23
1841,"2024-01-04","2",20
1842,"2024-01-04","3",21
1843,"2024-01-05","1",19
1844,"2024-01-05","2",3
1845,"2024-01-05","3",2
1846,"2024-01-06","1",211
1847,"2024-01-06","2",23
1848,"2024-01-06","3",30
1849,"2024-01-07","1",22
1850,"2024-01-07","2",15
1851,"2024-01-07","3",28
1852,"2024-01-08","1",0
1853,"2024-01-08","2",10
1854,"2024-01-08","3",2
1855,"2024-01-09","1",53
1856,"2024-01-09","2",85
1857,"2024-01-09","3",35
1858,"2024-01-10","1",43
1859,"2024-01-10","2",29
1860,"2024-01-10","3",50
1861,"2024-01-11","1",85
1862,"2024-01-11","2",24
1863,"2024-01-11","3",22
1864,"2024-01-12","1",115
1865,"2024-01-12","2",14
1866,"2024-01-12","3",1
1867,"2024-01-13","1",29
1868,"2024-01-13","2",32
1869,"2024-01-13","3",6
1870,"2024-01-14","1",11
1871,"2024-01-14","2",6
1872,"2024-01-14","3",0
1873,"2024-01-15","1",1
1874,"2024-01-15","2",0
1875,"2024-01-15","3",0
1876,"2024-01-16","1",37
1877,"2024-01-16","2",2
1878,"2024-01-16","3",0
1879,"2024-01-17","1",32
1880,"2024-01-17","2",31
1881,"2024-01-17","3",22
1882,"2024-01-18","1",246
1883,"2024-01-18","2",42
1884,"2024-01-18","3",73
1885,"2024-01-19","1",28
1886,"2024-01-19","2",15
1887,"2024-01-19","3",9
1888,"2024-01-20","1",6
1889,"2024-01-20","2",124
1890,"2024-01-20","3",157
1891,"2024-01-21","1",45
1892,"2024-01-21","2",1
1893,"2024-01-21","3",30
1894,"2024-01-22","1",26
1895,"2024-01-22","2",59
1896,"2024-01-22","3",5
1897,"2024-01-23","1",63
1898,"2024-01-23","2",53
1899,"2024-01-23","3",43
1900,"2024-01-24","1",9
1901,"2024-01-24","2",12
1902,"2024-01-24","3",7
1903,"2024-01-25","1",9
1904,"2024-01-25","2",60
1905,"2024-01-25","3",49
1906,"2024-01-26","1",118
1907,"2024-01-26","2",20
1908,"2024-01-26","3",52
1909,"2024-01-27","1",91
1910,"2024-01-27","2",9
1911,"2024-01-27","3",61
1912,"2024-01-28","1",2
1913,"2024-01-28","2",0
1914,"2024-01-28","3",0
1915,"2024-01-29","1",11
1916,"2024-01-29","2",10
1917,"2024-01-29","3",4
1918,"2024-01-30","1",137
1919,"2024-01-30","2",13
1920,"2024-01-30","3",10
1921,"2024-01-31","1",49
1922,"2024-01-31","2",20
1923,"2024-01-31","3",290
1924,"2024-02-01","1",345
1925,"2024-02-01","2",13
1926,"2024-02-01","3",1
1927,"2024-02-02","1",94
1928,"2024-02-02","2",193
1929,"2024-02-02","3",36
1930,"2024-02-03","1",11
1931,"2024-02-03","2",5
1932,"2024-02-03","3",7
1933,"2024-02-04","1",93
1934,"2024-02-04","2",26
1935,"2024-02-04","3",116
1936,"2024-02-05","1",173
1937,"2024-02-05","2",22
1938,"2024-02-05","3",3
1939,"2024-02-06","1",114
1940,"2024-02-06","2",19
1941,"2024-02-06","3",0
1942,"2024-02-07","1",46
1943,"2024-02-07","2",11
1944,"2024-02-07","3",36
1945,"2024-02-08","1",30
1946,"2024-02-08","2",17
1947,"2024-02-08","3",75
1948,"2024-02-09","1",38
1949,"2024-02-09","2",13
1950,"2024-02-09","3",9
1951,"2024-02-10","1",62
1952,"2024-02-10","2",56
1953,"2024-02-10","3",51
1954,"2024-02-11","1",85
1955,"2024-02-11","2",2
1956,"2024-02-11","3",53
1957,"2024-02-12","1",45
1958,"2024-02-12","2",21
1959,"2024-02-12","3",22
1960,"2024-02-13","1",48
1961,"2024-02-13","2",174
1962,"2024-02-13","3",72
1963,"2024-02-14","1",30
1964,"2024-02-14","2",17
1965,"2024-02-14","3",33
1966,"2024-02-15","1",25
1967,"2024-02-15","2",88
1968,"2024-02-15","3",129
1969,"2024-02-16","1",4
1970,"2024-02-16","2",82
1971,"2024-02-16","3",62
1972,"2024-02-17","1",61
1973,"2024-02-17","2",223
1974,"2024-02-17","3",46
1975,"2024-02-18","1",19
1976,"2024-02-18","2",142
1977,"2024-02-18","3",11
1978,"2024-02-19","1",238
1979,"2024-02-19","2",1
1980,"2024-02-19","3",46
1981,"2024-02-20","1",85
1982,"2024-02-20","2",5
1983,"2024-02-20","3",6
1984,"2024-02-21","1",8
1985,"2024-02-21","2",0
1986,"2024-02-21","3",0
1987,"2024-02-22","1",25
1988,"2024-02-22","2",152
1989,"2024-02-22","3",12
1990,"2024-02-23","1",34
1991,"2024-02-23","2",8
1992,"2024-02-23","3",37
1993,"2024-02-24","1",95
1994,"2024-02-24","2",13
1995,"2024-02-24","3",5
1996,"2024-02-25","1",30
1997,"2024-02-25","2",36
1998,"2024-02-25","3",8
1999,"2024-02-26","1",122
2000,"2024-02-26","2",72
2001,"2024-02-26","3",17
2002,"2024-02-27","1",84
2003,"2024-02-27","2",74
2004,"2024-02-27","3",82
2005,"2024-02-28","1",225
2006,"2024-02-28","2",17
2007,"2024-02-28","3",29
2008,"2024-02-29","1",46
2009,"2024-02-29","2",83
2010,"2024-02-29","3",157
2011,"2024-03-01","1",21
2012,"2024-03-01","2",13
2013,"2024-03-01","3",11
2014,"2024-03-02","1",304
2015,"2024-03-02","2",1
2016,"2024-03-02","3",14
2017,"2024-03-03","1",245
2018,"2024-03-03","2",7
2019,"2024-03-03","3",0
2020,"2024-03-04","1",47
2021,"2024-03-04","2",4
2022,"2024-03-04","3",76
2023,"2024-03-05","1",252
2024,"2024-03-05","2",7
2025,"2024-03-05","3",125
2026,"2024-03-06","1",4
2027,"2024-03-06","2",88
2028,"2024-03-06","3",3
2029,"2024-03-07","1",266
2030,"2024-03-07","2",76
2031,"2024-03-07","3",2
2032,"2024-03-08","1",138
2033,"2024-03-08","2",13
2034,"2024-03-08","3",9
2035,"2024-03-09","1",32
2036,"2024-03-09","2",45
2037,"2024-03-09","3",0
2038,"2024-03-10","1",78
2039,"2024-03-10","2",16
2040,"2024-03-10","3",3
2041,"2024-03-11","1",10
2042,"2024-03-11","2",8
2043,"2024-03-11","3",31
2044,"2024-03-12","1",27
2045,"2024-03-12","2",17
2046,"2024-03-12","3",1
2047,"2024-03-13","1",43
2048,"2024-03-13","2",56
2049,"2024-03-13","3",24
2050,"2024-03-14","1",71
2051,"2024-03-14","2",32
2052,"2024-03-14","3",13
2053,"2024-03-15","1",67
2054,"2024-03-15","2",61
2055,"2024-03-15","3",58
2056,"2024-03-16","1",47
2057,"2024-03-16","2",2
2058,"2024-03-16","3",18
2059,"2024-03-17","1",97
2060,"2024-03-17","2",1
2061,"2024-03-17","3",52
2062,"2024-03-18","1",197
2063,"2024-03-18","2",1
2064,"2024-03-18","3",106
2065,"2024-03-19","1",56
2066,"2024-03-19","2",15
2067,"2024-03-19","3",33
2068,"2024-03-20","1",16
2069,"2024-03-20","2",204
2070,"2024-03-20","3",7
2071,"2024-03-21","1",59
2072,"2024-03-21","2",6
2073,"2024-03-21","3",7
2074,"2024-03-22","1",35
2075,"2024-03-22","2",16
2076,"2024-03-22","3",67
2077,"2024-03-23","1",7
2078,"2024-03-23","2",14
2079,"2024-03-23","3",3
2080,"2024-03-24","1",38
2081,"2024-03-24","2",3
2082,"2024-03-24","3",0
2083,"2024-03-25","1",74
2084,"2024-03-25","2",1
2085,"2024-03-25","3",36
2086,"2024-03-26","1",24
2087,"2024-03-26","2",172
2088,"2024-03-26","3",55
2089,"2024-03-27","1",29
2090,"2024-03-27","2",3
2091,"2024-03-27","3",81
2092,"2024-03-28","1",8
2093,"2024-03-28","2",0
2094,"2024-03-28","3",0
2095,"2024-03-29","1",64
2096,"2024-03-29","2",6
2097,"2024-03-29","3",59
2098,"2024-03-30","1",83
2099,"2024-03-30","2",56
2100,"2024-03-30","3",243
2101,"2024-03-31","1",5
2102,"2024-03-31","2",17
2103,"2024-03-31","3",25
2104,"2024-04-01","1",62
2105,"2024-04-01","2",188
2106,"2024-04-01","3",62
2107,"2024-04-02","1",1
2108,"2024-04-02","2",142
2109,"2024-04-02","3",31
2110,"2024-04-03","1",50
2111,"2024-04-03","2",113
2112,"2024-04-03","3",33
2113,"2024-04-04","1",18
2114,"2024-04-04","2",36
2115,"2024-04-04","3",48
2116,"2024-04-05","1",4
2117,"2024-04-05","2",3
2118,"2024-04-05","3",46
2119,"2024-04-06","1",41
2120,"2024-04-06","2",162
2121,"2024-04-06","3",50
2122,"2024-04-07","1",79
2123,"2024-04-07","2",4
2124,"2024-04-07","3",2
2125,"2024-04-08","1",73
2126,"2024-04-08","2",35
2127,"2024-04-08","3",63
2128,"2024-04-09","1",117
2129,"2024-04-09","2",22
2130,"2024-04-09","3",7
2131,"2024-04-10","1",222
2132,"2024-04-10","2",93
2133,"2024-04-10","3",8
2134,"2024-04-11","1",54
2135,"2024-04-11","2",47
2136,"2024-04-11","3",72
2137,"2024-04-12","1",66
2138,"2024-04-12","2",78
2139,"2024-04-12","3",30
2140,"2024-04-13","1",21
2141,"2024-04-13","2",20
2142,"2024-04-13","3",7
2143,"2024-04-14","1",144
2144,"2024-04-14","2",24
2145,"2024-04-14","3",44
2146,"2024-04-15","1",15
2147,"2024-04-15","2",151
2148,"2024-04-15","3",40
2149,"2024-04-16","1",70
2150,"2024-04-16","2",0
2151,"2024-04-16","3",5
2152,"2024-04-17","1",25
2153,"2024-04-17","2",26
2154,"2024-04-17","3",1
2155,"2024-04-18","1",51
2156,"2024-04-18","2",53
2157,"2024-04-18","3",0
2158,"2024-04-19","1",25
2159,"2024-04-19","2",41
2160,"2024-04-19","3",12
2161,"2024-04-20","1",245
2162,"2024-04-20","2",47
2163,"2024-04-20","3",4
2164,"2024-04-21","1",63
2165,"2024-04-21","2",11
2166,"2024-04-21","3",2
2167,"2024-04-22","1",0
2168,"2024-04-22","2",0
2169,"2024-04-22","3",1
2170,"2024-04-23","1",33
2171,"2024-04-23","2",34
2172,"2024-04-23","3",2
2173,"2024-04-24","1",79
2174,"2024-04-24","2",7
2175,"2024-04-24","3",42
2176,"2024-04-25","1",30
2177,"2024-04-25","2",0
2178,"2024-04-25","3",27
2179,"2024-04-26","1",120
2180,"2024-04-26","2",114
2181,"2024-04-26","3",8
2182,"2024-04-27","1",6
2183,"2024-04-27","2",6
2184,"2024-04-27","3",4
2185,"2024-04-28","1",4
2186,"2024-04-28","2",0
2187,"2024-04-28","3",1
2188,"2024-04-29","1",56
2189,"2024-04-29","2",7
2190,"2024-04-29","3",2
2191,"2024-04-30","1",0
2192,"2024-04-30","2",2
2193,"2024-04-30","3",3
2194,"2024-05-01","1",245
2195,"2024-05-01","2",136
2196,"2024-05-01","3",44
2197,"2024-05-02","1",0
2198,"2024-05-02","2",61
2199,"2024-05-02","3",9
2200,"2024-05-03","1",24
2201,"2024-05-03","2",69
2202,"2024-05-03","3",19
2203,"2024-05-04","1",197
2204,"2024-05-04","2",14
2205,"2024-05-04","3",52
2206,"2024-05-05","1",5
2207,"2024-05-05","2",8
2208,"2024-05-05","3",34
2209,"2024-05-06","1",12
2210,"2024-05-06","2",2
2211,"2024-05-06","3",4
2212,"2024-05-07","1",207
2213,"2024-05-07","2",19
2214,"2024-05-07","3",9
2215,"2024-05-08","1",265
2216,"2024-05-08","2",52
2217,"2024-05-08","3",30
2218,"2024-05-09","1",8
2219,"2024-05-09","2",25
2220,"2024-05-09","3",51
2221,"2024-05-10","1",245
2222,"2024-05-10","2",17
2223,"2024-05-10","3",11
2224,"2024-05-11","1",0
2225,"2024-05-11","2",0
2226,"2024-05-11","3",0
2227,"2024-05-12","1",25
2228,"2024-05-12","2",16
2229,"2024-05-12","3",14
2230,"2024-05-13","1",41
2231,"2024-05-13","2",192
2232,"2024-05-13","3",9
2233,"2024-05-14","1",209
2234,"2024-05-14","2",59
2235,"2024-05-14","3",79
2236,"2024-05-15","1",25
2237,"2024-05-15","2",42
2238,"2024-05-15","3",117
2239,"2024-05-16","1",40
2240,"2024-05-16","2",9
2241,"2024-05-16","3",18
2242,"2024-05-17","1",25
2243,"2024-05-17","2",0
2244,"2024-05-17","3",0
2245,"2024-05-18","1",132
2246,"2024-05-18","2",4
2247,"2024-05-18","3",71
2248,"2024-05-19","1",50
2249,"2024-05-19","2",39
2250,"2024-05-19","3",77
2251,"2024-05-20","1",24
2252,"2024-05-20","2",13
2253,"2024-05-20","3",87
2254,"2024-05-21","1",133
2255,"2024-05-21","2",9
2256,"2024-05-21","3",49
2257,"2024-05-22","1",55
2258,"2024-05-22","2",1
2259,"2024-05-22","3",11
2260,"2024-05-23","1",81
2261,"2024-05-23","2",91
2262,"2024-05-23","3",1
2263,"2024-05-24","1",104
2264,"2024-05-24","2",7
2265,"2024-05-24","3",149
2266,"2024-05-25","1",17
2267,"2024-05-25","2",25
2268,"2024-05-25","3",11
2269,"2024-05-26","1",66
2270,"2024-05-26","2",41
2271,"2024-05-26","3",160
2272,"2024-05-27","1",26
2273,"2024-05-27","2",9
2274,"2024-05-27","3",77
2275,"2024-05-28","1",0
2276,"2024-05-28","2",26
2277,"2024-05-28","3",5
2278,"2024-05-29","1",253
2279,"2024-05-29","2",1
2280,"2024-05-29","3",9
2281,"2024-05-30","1",44
2282,"2024-05-30","2",71
2283,"2024-05-30","3",2
2284,"2024-05-31","1",120
2285,"2024-05-31","2",1
2286,"2024-05-31","3",7
2287,"2024-06-01","1",100
2288,"2024-06-01","2",39
2289,"2024-06-01","3",48
2290,"2024-06-02","1",68
2291,"2024-06-02","2",2
2292,"2024-06-02","3",11
2293,"2024-06-03","1",302
2294,"2024-06-03","2",29
2295,"2024-06-03","3",1
2296,"2024-06-04","1",22
2297,"2024-06-04","2",142
2298,"2024-06-04","3",92
2299,"2024-06-05","1",121
2300,"2024-06-05","2",76
2301,"2024-06-05","3",15
2302,"2024-06-06","1",39
2303,"2024-06-06","2",11
2304,"2024-06-06","3",3
2305,"2024-06-07","1",116
2306,"2024-06-07","2",57
2307,"2024-06-07","3",33
2308,"2024-06-08","1",324
2309,"2024-06-08","2",23
2310,"2024-06-08","3",1
2311,"2024-06-09","1",46
2312,"2024-06-09","2",8
2313,"2024-06-09","3",2
2314,"2024-06-10","1",21
2315,"2024-06-10","2",0
2316,"2024-06-10","3",1
2317,"2024-06-11","1",14
2318,"2024-06-11","2",25
2319,"2024-06-11","3",26
2320,"2024-06-12","1",3
2321,"2024-06-12","2",15
2322,"2024-06-12","3",9
2323,"2024-06-13","1",18
2324,"2024-06-13","2",13
2325,"2024-06-13","3",16
2326,"2024-06-14","1",99
2327,"2024-06-14","2",69
2328,"2024-06-14","3",23
2329,"2024-06-15","1",34
2330,"2024-06-15","2",15
2331,"2024-06-15","3",77
2332,"2024-06-16","1",216
2333,"2024-06-16","2",22
2334,"2024-06-16","3",44
2335,"2024-06-17","1",20
2336,"2024-06-17","2",33
2337,"2024-06-17","3",5
2338,"2024-06-18","1",33
2339,"2024-06-18","2",156
2340,"2024-06-18","3",138
2341,"2024-06-19","1",87
2342,"2024-06-19","2",4
2343,"2024-06-19","3",18
2344,"2024-06-20","1",4
2345,"2024-06-20","2",51
2346,"2024-06-20","3",32
2347,"2024-06-21","1",72
2348,"2024-06-21","2",43
2349,"2024-06-21","3",63
2350,"2024-06-22","1",61
2351,"2024-06-22","2",22
2352,"2024-06-22","3",17
2353,"2024-06-23","1",39
2354,"2024-06-23","2",108
2355,"2024-06-23","3",46
2356,"2024-06-24","1",345
2357,"2024-06-24","2",0
2358,"2024-06-24","3",9
2359,"2024-06-25","1",7
2360,"2024-06-25","2",1
2361,"2024-06-25","3",2
2362,"2024-06-26","1",246
2363,"2024-06-26","2",13
2364,"2024-06-26","3",33
2365,"2024-06-27","1",4
2366,"2024-06-27","2",3
2367,"2024-06-27","3",7
2368,"2024-06-28","1",36
2369,"2024-06-28","2",9
2370,"2024-06-28","3",16
2371,"2024-06-29","1",11
2372,"2024-06-29","2",1
2373,"2024-06-29","3",0
2374,"2024-06-30","1",58
2375,"2024-06-30","2",7
2376,"2024-06-30","3",63
2377,"2024-07-01","1",32
2378,"2024-07-01","2",0
2379,"2024-07-01","3",1
2380,"2024-07-02","1",3
2381,"2024-07-02","2",6
2382,"2024-07-02","3",22
2383,"2024-07-03","1",94
2384,"2024-07-03","2",9
2385,"2024-07-03","3",9
2386,"2024-07-04","1",88
2387,"2024-07-04","2",126
2388,"2024-07-04","3",103
2389,"2024-07-05","1",13
2390,"2024-07-05","2",87
2391,"2024-07-05","3",72
2392,"2024-07-06","1",299
2393,"2024-07-06","2",11
2394,"2024-07-06","3",19
2395,"2024-07-07","1",1
2396,"2024-07-07","2",0
2397,"2024-07-07","3",2
2398,"2024-07-08","1",78
2399,"2024-07-08","2",40
2400,"2024-07-08","3",24
2401,"2024-07-09","1",11
2402,"2024-07-09","2",33
2403,"2024-07-09","3",3
2404,"2024-07-10","1",95
2405,"2024-07-10","2",84
2406,"2024-07-10","3",104
2407,"2024-07-11","1",5
2408,"2024-07-11","2",0
2409,"2024-07-11","3",2
2410,"2024-07-12","1",25
2411,"2024-07-12","2",12
2412,"2024-07-12","3",25
2413,"2024-07-13","1",87
2414,"2024-07-13","2",49
2415,"2024-07-13","3",17
2416,"2024-07-14","1",133
2417,"2024-07-14","2",257
2418,"2024-07-14","3",45
2419,"2024-07-15","1",0
2420,"2024-07-15","2",2
2421,"2024-07-15","3",2
2422,"2024-07-16","1",283
2423,"2024-07-16","2",29
2424,"2024-07-16","3",26
2425,"2024-07-17","1",280
2426,"2024-07-17","2",36
2427,"2024-07-17","3",48
2428,"2024-07-18","1",27
2429,"2024-07-18","2",7
2430,"2024-07-18","3",8
2431,"2024-07-19","1",8
2432,"2024-07-19","2",0
2433,"2024-07-19","3",0
2434,"2024-07-20","1",50
2435,"2024-07-20","2",1
2436,"2024-07-20","3",30
2437,"2024-07-21","1",98
2438,"2024-07-21","2",151
2439,"2024-07-21","3",8
2440,"2024-07-22","1",69
2441,"2024-07-22","2",5
2442,"2024-07-22","3",49
2443,"2024-07-23","1",97
2444,"2024-07-23","2",6
2445,"2024-07-23","3",154
2446,"2024-07-24","1",214
2447,"2024-07-24","2",55
2448,"2024-07-24","3",91
2449,"2024-07-25","1",3
2450,"2024-07-25","2",0
2451,"2024-07-25","3",1
2452,"2024-07-26","1",78
2453,"2024-07-26","2",9
2454,"2024-07-26","3",16
2455,"2024-07-27","1",0
2456,"2024-07-27","2",0
2457,"2024-07-27","3",3
2458,"2024-07-28","1",40
2459,"2024-07-28","2",44
2460,"2024-07-28","3",56
2461,"2024-07-29","1",289
2462,"2024-07-29","2",20
2463,"2024-07-29","3",9
2464,"2024-07-30","1",80
2465,"2024-07-30","2",42
2466,"2024-07-30","3",6
2467,"2024-07-31","1",35
2468,"2024-07-31","2",48
2469,"2024-07-31","3",132
2470,"2024-08-01","1",97
2471,"2024-08-01","2",6
2472,"2024-08-01","3",3
2473,"2024-08-02","1",31
2474,"2024-08-02","2",12
2475,"2024-08-02","3",2
2476,"2024-08-03","1",1
2477,"2024-08-03","2",17
2478,"2024-08-03","3",1
2479,"2024-08-04","1",77
2480,"2024-08-04","2",10
2481,"2024-08-04","3",83
2482,"2024-08-05","1",49
2483,"2024-08-05","2",69
2484,"2024-08-05","3",128
2485,"2024-08-06","1",23
2486,"2024-08-06","2",24
2487,"2024-08-06","3",193
2488,"2024-08-07","1",46
2489,"2024-08-07","2",46
2490,"2024-08-07","3",100
2491,"2024-08-08","1",3
2492,"2024-08-08","2",0
2493,"2024-08-08","3",0
2494,"2024-08-09","1",114
2495,"2024-08-09","2",42
2496,"2024-08-09","3",14
2497,"2024-08-10","1",53
2498,"2024-08-10","2",22
2499,"2024-08-10","3",4
2500,"2024-08-11","1",294
2501,"2024-08-11","2",2
2502,"2024-08-11","3",2
2503,"2024-08-12","1",27
2504,"2024-08-12","2",5
2505,"2024-08-12","3",4
2506,"2024-08-13","1",14
2507,"2024-08-13","2",27
2508,"2024-08-13","3",3
2509,"2024-08-14","1",204
2510,"2024-08-14","2",0
2511,"2024-08-14","3",0
2512,"2024-08-15","1",66
2513,"2024-08-15","2",141
2514,"2024-08-15","3",11
2515,"2024-08-16","1",6
2516,"2024-08-16","2",5
2517,"2024-08-16","3",4
2518,"2024-08-17","1",35
2519,"2024-08-17","2",22
2520,"2024-08-17","3",94
2521,"2024-08-18","1",15
2522,"2024-08-18","2",99
2523,"2024-08-18","3",26
2524,"2024-08-19","1",90
2525,"2024-08-19","2",29
2526,"2024-08-19","3",2
2527,"2024-08-20","1",71
2528,"2024-08-20","2",18
2529,"2024-08-20","3",22
2530,"2024-08-21","1",57
2531,"2024-08-21","2",17
2532,"2024-08-21","3",7
2533,"2024-08-22","1",68
2534,"2024-08-22","2",21
2535,"2024-08-22","3",56
2536,"2024-08-23","1",134
2537,"2024-08-23","2",40
2538,"2024-08-23","3",8
2539,"2024-08-24","1",4
2540,"2024-08-24","2",25
2541,"2024-08-24","3",84
2542,"2024-08-25","1",0
2543,"2024-08-25","2",16
2544,"2024-08-25","3",1
2545,"2024-08-26","1",123
2546,"2024-08-26","2",27
2547,"2024-08-26","3",75
2548,"2024-08-27","1",111
2549,"2024-08-27","2",43
2550,"2024-08-27","3",0
2551,"2024-08-28","1",58
2552,"2024-08-28","2",13
2553,"2024-08-28","3",1
2554,"2024-08-29","1",0
2555,"2024-08-29","2",3
2556,"2024-08-29","3",8
2557,"2024-08-30","1",336
2558,"2024-08-30","2",66
2559,"2024-08-30","3",50
2560,"2024-08-31","1",23
2561,"2024-08-31","2",26
2562,"2024-08-31","3",4
2563,"2024-09-01","1",270
2564,"2024-09-01","2",37
2565,"2024-09-01","3",12
2566,"2024-09-02","1",54
2567,"2024-09-02","2",53
2568,"2024-09-02","3",190
2569,"2024-09-03","1",15
2570,"2024-09-03","2",3
2571,"2024-09-03","3",19
2572,"2024-09-04","1",16
2573,"2024-09-04","2",0
2574,"2024-09-04","3",1
2575,"2024-09-05","1",103
2576,"2024-09-05","2",5
2577,"2024-09-05","3",3
2578,"2024-09-06","1",101
2579,"2024-09-06","2",31
2580,"2024-09-06","3",13
2581,"2024-09-07","1",120
2582,"2024-09-07","2",6
2583,"2024-09-07","3",53
2584,"2024-09-08","1",76
2585,"2024-09-08","2",5
2586,"2024-09-08","3",1
2587,"2024-09-09","1",33
2588,"2024-09-09","2",14
2589,"2024-09-09","3",17
2590,"2024-09-10","1",100
2591,"2024-09-10","2",151
2592,"2024-09-10","3",62
2593,"2024-09-11","1",408
2594,"2024-09-11","2",4
2595,"2024-09-11","3",15
2596,"2024-09-12","1",126
2597,"2024-09-12","2",11
2598,"2024-09-12","3",2
2599,"2024-09-13","1",112
2600,"2024-09-13","2",2
2601,"2024-09-13","3",103
2602,"2024-09-14","1",10
2603,"2024-09-14","2",4
2604,"2024-09-14","3",0
2605,"2024-09-15","1",17
2606,"2024-09-15","2",4
2607,"2024-09-15","3",2
2608,"2024-09-16","1",163
2609,"2024-09-16","2",27
2610,"2024-09-16","3",57
2611,"2024-09-17","1",37
2612,"2024-09-17","2",322
2613,"2024-09-17","3",35
2614,"2024-09-18","1",73
2615,"2024-09-18","2",25
2616,"2024-09-18","3",12
2617,"2024-09-19","1",4
2618,"2024-09-19","2",3
2619,"2024-09-19","3",7
2620,"2024-09-20","1",16
2621,"2024-09-20","2",147
2622,"2024-09-20","3",13
2623,"2024-09-21","1",5
2624,"2024-09-21","2",23
2625,"2024-09-21","3",16
2626,"2024-09-22","1",8
2627,"2024-09-22","2",12
2628,"2024-09-22","3",28
2629,"2024-09-23","1",17
2630,"2024-09-23","2",22
2631,"2024-09-23","3",2
2632,"2024-09-24","1",41
2633,"2024-09-24","2",25
2634,"2024-09-24","3",5
2635,"2024-09-25","1",132
2636,"2024-09-25","2",274
2637,"2024-09-25","3",5
2638,"2024-09-26","1",72
2639,"2024-09-26","2",29
2640,"2024-09-26","3",25
2641,"2024-09-27","1",0
2642,"2024-09-27","2",143
2643,"2024-09-27","3",138
2644,"2024-09-28","1",29
2645,"2024-09-28","2",6
2646,"2024-09-28","3",61
2647,"2024-09-29","1",53
2648,"2024-09-29","2",82
2649,"2024-09-29","3",18
2650,"2024-09-30","1",11
2651,"2024-09-30","2",217
2652,"2024-09-30","3",22
2653,"2024-10-01","1",77
2654,"2024-10-01","2",5
2655,"2024-10-01","3",10
2656,"2024-10-02","1",111
2657,"2024-10-02","2",6
2658,"2024-10-02","3",24
2659,"2024-10-03","1",7
2660,"2024-10-03","2",17
2661,"2024-10-03","3",48
2662,"2024-10-04","1",36
2663,"2024-10-04","2",0
2664,"2024-10-04","3",56
2665,"2024-10-05","1",22
2666,"2024-10-05","2",36
2667,"2024-10-05","3",5
2668,"2024-10-06","1",10
2669,"2024-10-06","2",8
2670,"2024-10-06","3",33
2671,"2024-10-07","1",14
2672,"2024-10-07","2",25
2673,"2024-10-07","3",44
2674,"2024-10-08","1",9
2675,"2024-10-08","2",13
2676,"2024-10-08","3",12
2677,"2024-10-09","1",99
2678,"2024-10-09","2",0
2679,"2024-10-09","3",64
2680,"2024-10-10","1",34
2681,"2024-10-10","2",18
2682,"2024-10-10","3",36
2683,"2024-10-11","1",85
2684,"2024-10-11","2",34
2685,"2024-10-11","3",39
2686,"2024-10-12","1",131
2687,"2024-10-12","2",29
2688,"2024-10-12","3",11
2689,"2024-10-13","1",66
2690,"2024-10-13","2",3
2691,"2024-10-13","3",5
2692,"2024-10-14","1",130
2693,"2024-10-14","2",15
2694,"2024-10-14","3",66
2695,"2024-10-15","1",19
2696,"2024-10-15","2",157
2697,"2024-10-15","3",54
2698,"2024-10-16","1",2
2699,"2024-10-16","2",100
2700,"2024-10-16","3",19
2701,"2024-10-17","1",15
2702,"2024-10-17","2",42
2703,"2024-10-17","3",2
2704,"2024-10-18","1",93
2705,"2024-10-18","2",161
2706,"2024-10-18","3",4
2707,"2024-10-19","1",22
2708,"2024-10-19","2",34
2709,"2024-10-19","3",55
2710,"2024-10-20","1",33
2711,"2024-10-20","2",20
2712,"2024-10-20","3",20
2713,"2024-10-21","1",30
2714,"2024-10-21","2",12
2715,"2024-10-21","3",12
2716,"2024-10-22","1",3
2717,"2024-10-22","2",28
2718,"2024-10-22","3",1
2719,"2024-10-23","1",177
2720,"2024-10-23","2",26
2721,"2024-10-23","3",25
2722,"2024-10-24","1",87
2723,"2024-10-24","2",7
2724,"2024-10-24","3",70
2725,"2024-10-25","1",214
2726,"2024-10-25","2",86
2727,"2024-10-25","3",32
2728,"2024-10-26","1",397
2729,"2024-10-26","2",2
2730,"2024-10-26","3",5
2731,"2024-10-27","1",9
2732,"2024-10-27","2",5
2733,"2024-10-27","3",3
2734,"2024-10-28","1",21
2735,"2024-10-28","2",84
2736,"2024-10-28","3",2
2737,"2024-10-29","1",28
2738,"2024-10-29","2",16
2739,"2024-10-29","3",4
2740,"2024-10-30","1",44
2741,"2024-10-30","2",7
2742,"2024-10-30","3",59
2743,"2024-10-31","1",56
2744,"2024-10-31","2",127
2745,"2024-10-31","3",77
2746,"2024-11-01","1",0
2747,"2024-11-01","2",12
2748,"2024-11-01","3",95
2749,"2024-11-02","1",101
2750,"2024-11-02","2",17
2751,"2024-11-02","3",104
2752,"2024-11-03","1",68
2753,"2024-11-03","2",146
2754,"2024-11-03","3",0
2755,"2024-11-04","1",187
2756,"2024-11-04","2",125
2757,"2024-11-04","3",93
2758,"2024-11-05","1",165
2759,"2024-11-05","2",21
2760,"2024-11-05","3",25
2761,"2024-11-06","1",126
2762,"2024-11-06","2",5
2763,"2024-11-06","3",44
2764,"2024-11-07","1",5
2765,"2024-11-07","2",36
2766,"2024-11-07","3",55
2767,"2024-11-08","1",20
2768,"2024-11-08","2",46
2769,"2024-11-08","3",84
2770,"2024-11-09","1",44
2771,"2024-11-09","2",65
2772,"2024-11-09","3",63
2773,"2024-11-10","1",82
2774,"2024-11-10","2",11
2775,"2024-11-10","3",5
2776,"2024-11-11","1",21
2777,"2024-11-11","2",36
2778,"2024-11-11","3",9
2779,"2024-11-12","1",89
2780,"2024-11-12","2",26
2781,"2024-11-12","3",39
2782,"2024-11-13","1",113
2783,"2024-11-13","2",19
2784,"2024-11-13","3",5
2785,"2024-11-14","1",99
2786,"2024-11-14","2",102
2787,"2024-11-14","3",0
2788,"2024-11-15","1",5
2789,"2024-11-15","2",49
2790,"2024-11-15","3",97
2791,"2024-11-16","1",258
2792,"2024-11-16","2",61
2793,"2024-11-16","3",5
2794,"2024-11-17","1",64
2795,"2024-11-17","2",3
2796,"2024-11-17","3",1
2797,"2024-11-18","1",330
2798,"2024-11-18","2",54
2799,"2024-11-18","3",22
2800,"2024-11-19","1",43
2801,"2024-11-19","2",35
2802,"2024-11-19","3",14
2803,"2024-11-20","1",60
2804,"2024-11-20","2",18
2805,"2024-11-20","3",16
2806,"2024-11-21","1",125
2807,"2024-11-21","2",20
2808,"2024-11-21","3",239
2809,"2024-11-22","1",0
2810,"2024-11-22","2",11
2811,"2024-11-22","3",6
2812,"2024-11-23","1",58
2813,"2024-11-23","2",11
2814,"2024-11-23","3",18
2815,"2024-11-24","1",23
2816,"2024-11-24","2",0
2817,"2024-11-24","3",2
2818,"2024-11-25","1",35
2819,"2024-11-25","2",7
2820,"2024-11-25","3",155
2821,"2024-11-26","1",72
2822,"2024-11-26","2",18
2823,"2024-11-26","3",3
2824,"2024-11-27","1",166
2825,"2024-11-27","2",210
2826,"2024-11-27","3",70
2827,"2024-11-28","1",74
2828,"2024-11-28","2",9
2829,"2024-11-28","3",12
2830,"2024-11-29","1",262
2831,"2024-11-29","2",19
2832,"2024-11-29","3",33
2833,"2024-11-30","1",148
2834,"2024-11-30","2",22
2835,"2024-11-30","3",19
2836,"2024-12-01","1",72
2837,"2024-12-01","2",114
2838,"2024-12-01","3",17
2839,"2024-12-02","1",50
2840,"2024-12-02","2",18
2841,"2024-12-02","3",8
2842,"2024-12-03","1",1
2843,"2024-12-03","2",1
2844,"2024-12-03","3",1
2845,"2024-12-04","1",11
2846,"2024-12-04","2",44
2847,"2024-12-04","3",12
2848,"2024-12-05","1",13
2849,"2024-12-05","2",4
2850,"2024-12-05","3",14
2851,"2024-12-06","1",8
2852,"2024-12-06","2",3
2853,"2024-12-06","3",4
2854,"2024-12-07","1",144
2855,"2024-12-07","2",0
2856,"2024-12-07","3",0
2857,"2024-12-08","1",171
2858,"2024-12-08","2",10
2859,"2024-12-08","3",18
2860,"2024-12-09","1",16
2861,"2024-12-09","2",27
2862,"2024-12-09","3",22
2863,"2024-12-10","1",145
2864,"2024-12-10","2",2
2865,"2024-12-10","3",47
2866,"2024-12-11","1",18
2867,"2024-12-11","2",5
2868,"2024-12-11","3",3
2869,"2024-12-12","1",79
2870,"2024-12-12","2",143
2871,"2024-12-12","3",5
2872,"2024-12-13","1",113
2873,"2024-12-13","2",9
2874,"2024-12-13","3",1
2875,"2024-12-14","1",6
2876,"2024-12-14","2",7
2877,"2024-12-14","3",64
2878,"2024-12-15","1",0
2879,"2024-12-15","2",0
2880,"2024-12-15","3",4
2881,"2024-12-16","1",62
2882,"2024-12-16","2",1
2883,"2024-12-16","3",9
2884,"2024-12-17","1",4
2885,"2024-12-17","2",8
2886,"2024-12-17","3",15
2887,"2024-12-18","1",109
2888,"2024-12-18","2",19
2889,"2024-12-18","3",22
2890,"2024-12-19","1",88
2891,"2024-12-19","2",106
2892,"2024-12-19","3",4
2893,"2024-12-20","1",26
2894,"2024-12-20","2",40
2895,"2024-12-20","3",14
2896,"2024-12-21","1",131
2897,"2024-12-21","2",49
2898,"2024-12-21","3",61
2899,"2024-12-22","1",19
2900,"2024-12-22","2",121
2901,"2024-12-22","3",14
2902,"2024-12-23","1",226
2903,"2024-12-23","2",14
2904,"2024-12-23","3",62
2905,"2024-12-24","1",28
2906,"2024-12-24","2",34
2907,"2024-12-24","3",112
2908,"2024-12-25","1",42
2909,"2024-12-25","2",4
2910,"2024-12-25","3",7
2911,"2024-12-26","1",187
2912,"2024-12-26","2",0
2913,"2024-12-26","3",12
2914,"2024-12-27","1",19
2915,"2024-12-27","2",37
2916,"2024-12-27","3",3
2917,"2024-12-28","1",8
2918,"2024-12-28","2",26
2919,"2024-12-28","3",81
2920,"2024-12-29","1",6
2921,"2024-12-29","2",9
2922,"2024-12-29","3",5
2923,"2024-12-30","1",78
2924,"2024-12-30","2",74
2925,"2024-12-30","3",54
2926,"2024-12-31","1",189
2927,"2024-12-31","2",3
2928,"2024-12-31","3",25
2929,"2025-01-01","1",111
2930,"2025-01-01","2",127
2931,"2025-01-01","3",90
2932,"2025-01-02","1",47
2933,"2025-01-02","2",110
2934,"2025-01-02","3",10
2935,"2025-01-03","1",37
2936,"2025-01-03","2",68
2937,"2025-01-03","3",9
2938,"2025-01-04","1",29
2939,"2025-01-04","2",6
2940,"2025-01-04","3",12
2941,"2025-01-05","1",212
2942,"2025-01-05","2",34
2943,"2025-01-05","3",3
2944,"2025-01-06","1",52
2945,"2025-01-06","2",80
2946,"2025-01-06","3",1
2947,"2025-01-07","1",16
2948,"2025-01-07","2",32
2949,"2025-01-07","3",28
2950,"2025-01-08","1",44
2951,"2025-01-08","2",164
2952,"2025-01-08","3",62
2953,"2025-01-09","1",24
2954,"2025-01-09","2",28
2955,"2025-01-09","3",30
2956,"2025-01-10","1",17
2957,"2025-01-10","2",2
2958,"2025-01-10","3",3
2959,"2025-01-11","1",134
2960,"2025-01-11","2",48
2961,"2025-01-11","3",0
2962,"2025-01-12","1",30
2963,"2025-01-12","2",71
2964,"2025-01-12","3",222
2965,"2025-01-13","1",17
2966,"2025-01-13","2",66
2967,"2025-01-13","3",16
2968,"2025-01-14","1",0
2969,"2025-01-14","2",20
2970,"2025-01-14","3",5
2971,"2025-01-15","1",18
2972,"2025-01-15","2",2
2973,"2025-01-15","3",2
2974,"2025-01-16","1",28
2975,"2025-01-16","2",59
2976,"2025-01-16","3",42
2977,"2025-01-17","1",84
2978,"2025-01-17","2",66
2979,"2025-01-17","3",117
2980,"2025-01-18","1",277
2981,"2025-01-18","2",25
2982,"2025-01-18","3",1
2983,"2025-01-19","1",64
2984,"2025-01-19","2",17
2985,"2025-01-19","3",48
2986,"2025-01-20","1",56
2987,"2025-01-20","2",11
2988,"2025-01-20","3",29
2989,"2025-01-21","1",3
2990,"2025-01-21","2",15
2991,"2025-01-21","3",4
2992,"2025-01-22","1",129
2993,"2025-01-22","2",14
2994,"2025-01-22","3",68
2995,"2025-01-23","1",96
2996,"2025-01-23","2",77
2997,"2025-01-23","3",41
2998,"2025-01-24","1",20
2999,"2025-01-24","2",24
3000,"2025-01-24","3",73
3001,"2025-01-25","1",211
3002,"2025-01-25","2",11
3003,"2025-01-25","3",59
3004,"2025-01-26","1",1
3005,"2025-01-26","2",1
3006,"2025-01-26","3",12
3007,"2025-01-27","1",4
3008,"2025-01-27","2",6
3009,"2025-01-27","3",3
3010,"2025-01-28","1",54
3011,"2025-01-28","2",17
3012,"2025-01-28","3",1
3013,"2025-01-29","1",123
3014,"2025-01-29","2",4
3015,"2025-01-29","3",37
3016,"2025-01-30","1",306
3017,"2025-01-30","2",20
3018,"2025-01-30","3",110
3019,"2025-01-31","1",311
3020,"2025-01-31","2",3
3021,"2025-01-31","3",1
3022,"2025-02-01","1",7
3023,"2025-02-01","2",84
3024,"2025-02-01","3",88
3025,"2025-02-02","1",50
3026,"2025-02-02","2",20
3027,"2025-02-02","3",4
3028,"2025-02-03","1",26
3029,"2025-02-03","2",94
3030,"2025-02-03","3",43
3031,"2025-02-04","1",124
3032,"2025-02-04","2",73
3033,"2025-02-04","3",0
3034,"2025-02-05","1",182
3035,"2025-02-05","2",10
3036,"2025-02-05","3",3
3037,"2025-02-06","1",90
3038,"2025-02-06","2",2
3039,"2025-02-06","3",9
3040,"2025-02-07","1",119
3041,"2025-02-07","2",1
3042,"2025-02-07","3",0
3043,"2025-02-08","1",23
3044,"2025-02-08","2",3
3045,"2025-02-08","3",2
3046,"2025-02-09","1",14
3047,"2025-02-09","2",40
3048,"2025-02-09","3",63
3049,"2025-02-10","1",19
3050,"2025-02-10","2",2
3051,"2025-02-10","3",5
3052,"2025-02-11","1",20
3053,"2025-02-11","2",116
3054,"2025-02-11","3",56
3055,"2025-02-12","1",59
3056,"2025-02-12","2",1
3057,"2025-02-12","3",131
3058,"2025-02-13","1",22
3059,"2025-02-13","2",101
3060,"2025-02-13","3",8
3061,"2025-02-14","1",4
3062,"2025-02-14","2",51
3063,"2025-02-14","3",79
3064,"2025-02-15","1",134
3065,"2025-02-15","2",32
3066,"2025-02-15","3",33
3067,"2025-02-16","1",78
3068,"2025-02-16","2",18
3069,"2025-02-16","3",1
3070,"2025-02-17","1",87
3071,"2025-02-17","2",39
3072,"2025-02-17","3",11
3073,"2025-02-18","1",75
3074,"2025-02-18","2",3
3075,"2025-02-18","3",0
3076,"2025-02-19","1",69
3077,"2025-02-19","2",22
3078,"2025-02-19","3",37
3079,"2025-02-20","1",27
3080,"2025-02-20","2",19
3081,"2025-02-20","3",4
3082,"2025-02-21","1",233
3083,"2025-02-21","2",57
3084,"2025-02-21","3",8
3085,"2025-02-22","1",43
3086,"2025-02-22","2",50
3087,"2025-02-22","3",297
3088,"2025-02-23","1",3
3089,"2025-02-23","2",0
3090,"2025-02-23","3",0
3091,"2025-02-24","1",4
3092,"2025-02-24","2",22
3093,"2025-02-24","3",73
3094,"2025-02-25","1",21
3095,"2025-02-25","2",17
3096,"2025-02-25","3",207
3097,"2025-02-26","1",36
3098,"2025-02-26","2",4
3099,"2025-02-26","3",13
3100,"2025-02-27","1",136
3101,"2025-02-27","2",84
3102,"2025-02-27","3",65
3103,"2025-02-28","1",192
3104,"2025-02-28","2",54
3105,"2025-02-28","3",12
3106,"2025-03-01","1",180
3107,"2025-03-01","2",30
3108,"2025-03-01","3",18
3109,"2025-03-02","1",65
3110,"2025-03-02","2",68
3111,"2025-03-02","3",17
3112,"2025-03-03","1",106
3113,"2025-03-03","2",0
3114,"2025-03-03","3",0
3115,"2025-03-04","1",22
3116,"2025-03-04","2",52
3117,"2025-03-04","3",49
3118,"2025-03-05","1",2
3119,"2025-03-05","2",69
3120,"2025-03-05","3",13
3121,"2025-03-06","1",94
3122,"2025-03-06","2",27
3123,"2025-03-06","3",115
3124,"2025-03-07","1",10
3125,"2025-03-07","2",2
3126,"2025-03-07","3",74
3127,"2025-03-08","1",146
3128,"2025-03-08","2",34
3129,"2025-03-08","3",15
3130,"2025-03-09","1",78
3131,"2025-03-09","2",145
3132,"2025-03-09","3",25
3133,"2025-03-10","1",101
3134,"2025-03-10","2",15
3135,"2025-03-10","3",21
3136,"2025-03-11","1",65
3137,"2025-03-11","2",32
3138,"2025-03-11","3",6
3139,"2025-03-12","1",21
3140,"2025-03-12","2",54
3141,"2025-03-12","3",0
3142,"2025-03-13","1",297
3143,"2025-03-13","2",20
3144,"2025-03-13","3",42
3145,"2025-03-14","1",5
3146,"2025-03-14","2",83
3147,"2025-03-14","3",44
3148,"2025-03-15","1",13
3149,"2025-03-15","2",27
3150,"2025-03-15","3",47
3151,"2025-03-16","1",55
3152,"2025-03-16","2",64
3153,"2025-03-16","3",4
3154,"2025-03-17","1",17
3155,"2025-03-17","2",3
3156,"2025-03-17","3",2
3157,"2025-03-18","1",12
3158,"2025-03-18","2",139
3159,"2025-03-18","3",1
3160,"2025-03-19","1",86
3161,"2025-03-19","2",79
3162,"2025-03-19","3",19
3163,"2025-03-20","1",110
3164,"2025-03-20","2",188
3165,"2025-03-20","3",36
3166,"2025-03-21","1",21
3167,"2025-03-21","2",7
3168,"2025-03-21","3",2
3169,"2025-03-22","1",8
3170,"2025-03-22","2",142
3171,"2025-03-22","3",15
3172,"2025-03-23","1",5
3173,"2025-03-23","2",29
3174,"2025-03-23","3",6
3175,"2025-03-24","1",6
3176,"2025-03-24","2",141
3177,"2025-03-24","3",9
3178,"2025-03-25","1",14
3179,"2025-03-25","2",2
3180,"2025-03-25","3",2
3181,"2025-03-26","1",8
3182,"2025-03-26","2",1
3183,"2025-03-26","3",11
3184,"2025-03-27","1",7
3185,"2025-03-27","2",29
3186,"2025-03-27","3",45
3187,"2025-03-28","1",140
3188,"2025-03-28","2",9
3189,"2025-03-28","3",17
3190,"2025-03-29","1",31
3191,"2025-03-29","2",19
3192,"2025-03-29","3",15
3193,"2025-03-30","1",51
3194,"2025-03-30","2",34
3195,"2025-03-30","3",11
3196,"2025-03-31","1",114
3197,"2025-03-31","2",0
3198,"2025-03-31","3",0
3199,"2025-04-01","1",41
3200,"2025-04-01","2",53
3201,"2025-04-01","3",40
3202,"2025-04-02","1",9
3203,"2025-04-02","2",92
3204,"2025-04-02","3",0
3205,"2025-04-03","1",18
3206,"2025-04-03","2",5
3207,"2025-04-03","3",0
3208,"2025-04-04","1",70
3209,"2025-04-04","2",87
3210,"2025-04-04","3",50
3211,"2025-04-05","1",75
3212,"2025-04-05","2",153
3213,"2025-04-05","3",164
3214,"2025-04-06","1",25
3215,"2025-04-06","2",32
3216,"2025-04-06","3",17
3217,"2025-04-07","1",18
3218,"2025-04-07","2",2
3219,"2025-04-07","3",9
3220,"2025-04-08","1",30
3221,"2025-04-08","2",19
3222,"2025-04-08","3",3
3223,"2025-04-09","1",19
3224,"2025-04-09","2",2
3225,"2025-04-09","3",1
3226,"2025-04-10","1",6
3227,"2025-04-10","2",44
3228,"2025-04-10","3",123
3229,"2025-04-11","1",39
3230,"2025-04-11","2",9
3231,"2025-04-11","3",4
3232,"2025-04-12","1",39
3233,"2025-04-12","2",27
3234,"2025-04-12","3",2
3235,"2025-04-13","1",245
3236,"2025-04-13","2",0
3237,"2025-04-13","3",1
3238,"2025-04-14","1",63
3239,"2025-04-14","2",33
3240,"2025-04-14","3",181
3241,"2025-04-15","1",42
3242,"2025-04-15","2",62
3243,"2025-04-15","3",46
3244,"2025-04-16","1",97
3245,"2025-04-16","2",118
3246,"2025-04-16","3",21
3247,"2025-04-17","1",36
3248,"2025-04-17","2",34
3249,"2025-04-17","3",105
3250,"2025-04-18","1",28
3251,"2025-04-18","2",5
3252,"2025-04-18","3",7
3253,"2025-04-19","1",30
3254,"2025-04-19","2",23
3255,"2025-04-19","3",1
3256,"2025-04-20","1",3
3257,"2025-04-20","2",1
3258,"2025-04-20","3",4
3259,"2025-04-21","1",315
3260,"2025-04-21","2",49
3261,"2025-04-21","3",7
3262,"2025-04-22","1",126
3263,"2025-04-22","2",0
3264,"2025-04-22","3",1
3265,"2025-04-23","1",120
3266,"2025-04-23","2",77
3267,"2025-04-23","3",139
3268,"2025-04-24","1",15
3269,"2025-04-24","2",248
3270,"2025-04-24","3",76
3271,"2025-04-25","1",4
3272,"2025-04-25","2",57
3273,"2025-04-25","3",303
3274,"2025-04-26","1",250
3275,"2025-04-26","2",9
3276,"2025-04-26","3",1
3277,"2025-04-27","1",14
3278,"2025-04-27","2",1
3279,"2025-04-27","3",45
3280,"2025-04-28","1",45
3281,"2025-04-28","2",8
3282,"2025-04-28","3",3
3283,"2025-04-29","1",4
3284,"2025-04-29","2",128
3285,"2025-04-29","3",47
3286,"2025-04-30","1",29
3287,"2025-04-30","2",91
3288,"2025-04-30","3",1
3289,"2025-05-01","1",24
3290,"2025-05-01","2",16
3291,"2025-05-01","3",18
3292,"2025-05-02","1",49
3293,"2025-05-02","2",54
3294,"2025-05-02","3",140
3295,"2025-05-03","1",2
3296,"2025-05-03","2",48
3297,"2025-05-03","3",15
3298,"2025-05-04","1",177
3299,"2025-05-04","2",46
3300,"2025-05-04","3",67
3301,"2025-05-05","1",1
3302,"2025-05-05","2",81
3303,"2025-05-05","3",69
3304,"2025-05-06","1",23
3305,"2025-05-06","2",69
3306,"2025-05-06","3",1
3307,"2025-05-07","1",23
3308,"2025-05-07","2",0
3309,"2025-05-07","3",3
3310,"2025-05-08","1",60
3311,"2025-05-08","2",1
3312,"2025-05-08","3",1
3313,"2025-05-09","1",37
3314,"2025-05-09","2",48
3315,"2025-05-09","3",28
3316,"2025-05-10","1",79
3317,"2025-05-10","2",28
3318,"2025-05-10","3",2
3319,"2025-05-11","1",59
3320,"2025-05-11","2",82
3321,"2025-05-11","3",9
3322,"2025-05-12","1",31
3323,"2025-05-12","2",6
3324,"2025-05-12","3",17
3325,"2025-05-13","1",77
3326,"2025-05-13","2",47
3327,"2025-05-13","3",1
3328,"2025-05-14","1",9
3329,"2025-05-14","2",12
3330,"2025-05-14","3",7
3331,"2025-05-15","1",300
3332,"2025-05-15","2",4
3333,"2025-05-15","3",5
3334,"2025-05-16","1",32
3335,"2025-05-16","2",10
3336,"2025-05-16","3",0
3337,"2025-05-17","1",78
3338,"2025-05-17","2",0
3339,"2025-05-17","3",8
3340,"2025-05-18","1",54
3341,"2025-05-18","2",107
3342,"2025-05-18","3",65
3343,"2025-05-19","1",45
3344,"2025-05-19","2",10
3345,"2025-05-19","3",40
3346,"2025-05-20","1",25
3347,"2025-05-20","2",6
3348,"2025-05-20","3",0
3349,"2025-05-21","1",79
3350,"2025-05-21","2",2
3351,"2025-05-21","3",25
3352,"2025-05-22","1",11
3353,"2025-05-22","2",112
3354,"2025-05-22","3",73
3355,"2025-05-23","1",127
3356,"2025-05-23","2",37
3357,"2025-05-23","3",40
3358,"2025-05-24","1",10
3359,"2025-05-24","2",35
3360,"2025-05-24","3",54
3361,"2025-05-25","1",186
3362,"2025-05-25","2",17
3363,"2025-05-25","3",1
3364,"2025-05-26","1",73
3365,"2025-05-26","2",59
3366,"2025-05-26","3",255
3367,"2025-05-27","1",23
3368,"2025-05-27","2",6
3369,"2025-05-27","3",50
3370,"2025-05-28","1",93
3371,"2025-05-28","2",5
3372,"2025-05-28","3",28
3373,"2025-05-29","1",24
3374,"2025-05-29","2",78
3375,"2025-05-29","3",195
3376,"2025-05-30","1",23
3377,"2025-05-30","2",54
3378,"2025-05-30","3",39
3379,"2025-05-31","1",88
3380,"2025-05-31","2",35
3381,"2025-05-31","3",24
3382,"2025-06-01","1",49
3383,"2025-06-01","2",58
3384,"2025-06-01","3",377
3385,"2025-06-02","1",62
3386,"2025-06-02","2",34
3387,"2025-06-02","3",43
3388,"2025-06-03","1",92
3389,"2025-06-03","2",109
3390,"2025-06-03","3",177
3391,"2025-06-04","1",44
3392,"2025-06-04","2",5
3393,"2025-06-04","3",189
3394,"2025-06-05","1",9
3395,"2025-06-05","2",2
3396,"2025-06-05","3",0
3397,"2025-06-06","1",51
3398,"2025-06-06","2",26
3399,"2025-06-06","3",14
3400,"2025-06-07","1",124
3401,"2025-06-07","2",35
3402,"2025-06-07","3",13
3403,"2025-06-08","1",156
3404,"2025-06-08","2",16
3405,"2025-06-08","3",5
3406,"2025-06-09","1",139
3407,"2025-06-09","2",109
3408,"2025-06-09","3",16
3409,"2025-06-10","1",31
3410,"2025-06-10","2",127
3411,"2025-06-10","3",49
3412,"2025-06-11","1",35
3413,"2025-06-11","2",39
3414,"2025-06-11","3",5
3415,"2025-06-12","1",208
3416,"2025-06-12","2",26
3417,"2025-06-12","3",103
3418,"2025-06-13","1",26
3419,"2025-06-13","2",74
3420,"2025-06-13","3",173
3421,"2025-06-14","1",71
3422,"2025-06-14","2",10
3423,"2025-06-14","3",13
3424,"2025-06-15","1",82
3425,"2025-06-15","2",9
3426,"2025-06-15","3",19
3427,"2025-06-16","1",46
3428,"2025-06-16","2",36
3429,"2025-06-16","3",80
3430,"2025-06-17","1",64
3431,"2025-06-17","2",1
3432,"2025-06-17","3",3
3433,"2025-06-18","1",80
3434,"2025-06-18","2",10
3435,"2025-06-18","3",0
3436,"2025-06-19","1",34
3437,"2025-06-19","2",88
3438,"2025-06-19","3",15
3439,"2025-06-20","1",0
3440,"2025-06-20","2",7
3441,"2025-06-20","3",7
3442,"2025-06-21","1",11
3443,"2025-06-21","2",86
3444,"2025-06-21","3",4
3445,"2025-06-22","1",167
3446,"2025-06-22","2",27
3447,"2025-06-22","3",46
3448,"2025-06-23","1",85
3449,"2025-06-23","2",39
3450,"2025-06-23","3",15
3451,"2025-06-24","1",92
3452,"2025-06-24","2",13
3453,"2025-06-24","3",1
3454,"2025-06-25","1",17
3455,"2025-06-25","2",53
3456,"2025-06-25","3",79
3457,"2025-06-26","1",20
3458,"2025-06-26","2",20
3459,"2025-06-26","3",1
3460,"2025-06-27","1",89
3461,"2025-06-27","2",11
3462,"2025-06-27","3",31
3463,"2025-06-28","1",10
3464,"2025-06-28","2",87
3465,"2025-06-28","3",48
3466,"2025-06-29","1",9
3467,"2025-06-29","2",0
3468,"2025-06-29","3",0
3469,"2025-06-30","1",57
3470,"2025-06-30","2",109
3471,"2025-06-30","3",48
3472,"2025-07-01","1",6
3473,"2025-07-01","2",1
3474,"2025-07-01","3",5
3475,"2025-07-02","1",236
3476,"2025-07-02","2",3
3477,"2025-07-02","3",69
3478,"2025-07-03","1",301
3479,"2025-07-03","2",0
3480,"2025-07-03","3",5
3481,"2025-07-04","1",54
3482,"2025-07-04","2",20
3483,"2025-07-04","3",82
3484,"2025-07-05","1",207
3485,"2025-07-05","2",6
3486,"2025-07-05","3",16
3487,"2025-07-06","1",2
3488,"2025-07-06","2",1
3489,"2025-07-06","3",0
3490,"2025-07-07","1",87
3491,"2025-07-07","2",5
3492,"2025-07-07","3",3
3493,"2025-07-08","1",8
3494,"2025-07-08","2",25
3495,"2025-07-08","3",106
3496,"2025-07-09","1",44
3497,"2025-07-09","2",49
3498,"2025-07-09","3",47
3499,"2025-07-10","1",11
3500,"2025-07-10","2",14
3501,"2025-07-10","3",14
3502,"2025-07-11","1",25
3503,"2025-07-11","2",234
3504,"2025-07-11","3",214
3505,"2025-07-12","1",225
3506,"2025-07-12","2",34
3507,"2025-07-12","3",23
3508,"2025-07-13","1",82
3509,"2025-07-13","2",230
3510,"2025-07-13","3",50
3511,"2025-07-14","1",154
3512,"2025-07-14","2",4
3513,"2025-07-14","3",0
3514,"2025-07-15","1",35
3515,"2025-07-15","2",74
3516,"2025-07-15","3",9
3517,"2025-07-16","1",48
3518,"2025-07-16","2",24
3519,"2025-07-16","3",6
3520,"2025-07-17","1",171
3521,"2025-07-17","2",27
3522,"2025-07-17","3",15
3523,"2025-07-18","1",26
3524,"2025-07-18","2",47
3525,"2025-07-18","3",7
3526,"2025-07-19","1",16
3527,"2025-07-19","2",122
3528,"2025-07-19","3",4
3529,"2025-07-20","1",108
3530,"2025-07-20","2",21
3531,"2025-07-20","3",22
3532,"2025-07-21","1",54
3533,"2025-07-21","2",12
3534,"2025-07-21","3",48
3535,"2025-07-22","1",131
3536,"2025-07-22","2",52
3537,"2025-07-22","3",41
3538,"2025-07-23","1",186
3539,"2025-07-23","2",17
3540,"2025-07-23","3",8
3541,"2025-07-24","1",1
3542,"2025-07-24","2",32
3543,"2025-07-24","3",36
3544,"2025-07-25","1",6
3545,"2025-07-25","2",11
3546,"2025-07-25","3",1
3547,"2025-07-26","1",72
3548,"2025-07-26","2",28
3549,"2025-07-26","3",10
3550,"2025-07-27","1",108
3551,"2025-07-27","2",46
3552,"2025-07-27","3",108
3553,"2025-07-28","1",132
3554,"2025-07-28","2",20
3555,"2025-07-28","3",20
3556,"2025-07-29","1",92
3557,"2025-07-29","2",37
3558,"2025-07-29","3",127
3559,"2025-07-30","1",245
3560,"2025-07-30","2",196
3561,"2025-07-30","3",1
3562,"2025-07-31","1",57
3563,"2025-07-31","2",86
3564,"2025-07-31","3",13
3565,"2025-08-01","1",3
3566,"2025-08-01","2",13
3567,"2025-08-01","3",47
