"md_id","busi_time","satisfaction_cnt","unsatisfaction_cnt","reply_on_time_cnt","call_cnt","connect_cnt"
1,"2022-05-01",17,260,149,357,179
2,"2022-05-02",103,236,18,401,6
3,"2022-05-03",52,193,211,279,186
4,"2022-05-04",105,139,310,311,176
5,"2022-05-05",27,33,4,114,16
6,"2022-05-06",102,190,211,333,28
7,"2022-05-07",106,100,282,342,226
8,"2022-05-08",19,100,180,209,135
9,"2022-05-09",59,114,16,353,314
10,"2022-05-10",136,93,313,431,135
11,"2022-05-11",127,119,224,418,351
12,"2022-05-12",59,177,2,433,54
13,"2022-05-13",117,186,236,306,19
14,"2022-05-14",21,142,6,185,156
15,"2022-05-15",33,79,17,233,225
16,"2022-05-16",200,73,438,492,181
17,"2022-05-17",51,30,23,168,94
18,"2022-05-18",13,178,35,265,175
19,"2022-05-19",74,245,56,342,251
20,"2022-05-20",96,64,205,279,47
21,"2022-05-21",52,19,55,198,144
22,"2022-05-22",8,199,27,356,182
23,"2022-05-23",28,25,50,117,19
24,"2022-05-24",188,208,73,412,245
25,"2022-05-25",106,32,241,298,272
26,"2022-05-26",4,54,143,156,147
27,"2022-05-27",139,86,105,334,107
28,"2022-05-28",4,164,86,295,120
29,"2022-05-29",72,121,165,245,204
30,"2022-05-30",13,4,13,127,17
31,"2022-05-31",149,301,383,475,464
32,"2022-06-01",50,75,66,127,45
33,"2022-06-02",79,85,197,212,189
34,"2022-06-03",65,66,69,144,77
35,"2022-06-04",91,42,129,204,134
36,"2022-06-05",56,32,230,352,137
37,"2022-06-06",81,0,55,184,14
38,"2022-06-07",39,185,3,325,254
39,"2022-06-08",32,289,269,445,422
40,"2022-06-09",165,141,46,357,46
41,"2022-06-10",23,55,52,125,99
42,"2022-06-11",92,250,94,357,42
43,"2022-06-12",72,91,25,202,103
44,"2022-06-13",97,314,189,469,105
45,"2022-06-14",8,65,105,115,108
46,"2022-06-15",94,161,108,267,201
47,"2022-06-16",22,6,194,276,270
48,"2022-06-17",3,138,66,193,79
49,"2022-06-18",215,44,115,452,334
50,"2022-06-19",132,240,359,427,297
51,"2022-06-20",44,43,116,197,71
52,"2022-06-21",77,44,91,275,35
53,"2022-06-22",193,194,235,403,292
54,"2022-06-23",80,1,111,198,68
55,"2022-06-24",19,94,38,337,173
56,"2022-06-25",88,68,64,255,95
57,"2022-06-26",20,28,33,169,57
58,"2022-06-27",67,35,44,146,108
59,"2022-06-28",111,177,134,343,51
60,"2022-06-29",122,117,199,245,225
61,"2022-06-30",29,141,65,235,137
62,"2022-07-01",186,259,76,485,48
63,"2022-07-02",175,238,467,486,228
64,"2022-07-03",24,84,7,126,40
65,"2022-07-04",143,153,131,382,275
66,"2022-07-05",5,70,104,114,45
67,"2022-07-06",191,144,381,458,354
68,"2022-07-07",60,155,213,244,158
69,"2022-07-08",190,197,410,492,263
70,"2022-07-09",23,118,168,213,34
71,"2022-07-10",103,195,119,420,302
72,"2022-07-11",15,138,56,480,215
73,"2022-07-12",39,44,132,295,284
74,"2022-07-13",96,17,31,197,127
75,"2022-07-14",75,8,235,306,21
76,"2022-07-15",31,49,105,129,100
77,"2022-07-16",112,113,242,280,4
78,"2022-07-17",107,193,66,399,387
79,"2022-07-18",43,56,25,130,109
80,"2022-07-19",25,9,184,204,70
81,"2022-07-20",151,53,150,404,335
82,"2022-07-21",92,56,89,276,141
83,"2022-07-22",26,21,45,215,85
84,"2022-07-23",13,124,157,163,160
85,"2022-07-24",15,440,305,468,129
86,"2022-07-25",67,9,232,395,294
87,"2022-07-26",19,264,58,364,124
88,"2022-07-27",8,169,15,416,333
89,"2022-07-28",9,38,148,214,163
90,"2022-07-29",20,140,44,171,80
91,"2022-07-30",78,153,55,246,245
92,"2022-07-31",164,35,66,414,57
93,"2022-08-01",74,8,199,413,283
94,"2022-08-02",87,67,16,214,21
95,"2022-08-03",178,132,263,367,157
96,"2022-08-04",71,94,14,303,99
97,"2022-08-05",63,110,93,271,0
98,"2022-08-06",111,62,171,283,152
99,"2022-08-07",17,138,134,254,119
100,"2022-08-08",72,131,44,279,33
101,"2022-08-09",80,91,37,443,430
102,"2022-08-10",134,2,141,288,39
103,"2022-08-11",87,38,41,251,65
104,"2022-08-12",175,181,271,370,191
105,"2022-08-13",40,130,114,210,4
106,"2022-08-14",6,15,107,451,48
107,"2022-08-15",48,22,23,130,44
108,"2022-08-16",54,162,177,221,204
109,"2022-08-17",40,175,162,403,332
110,"2022-08-18",39,141,36,280,144
111,"2022-08-19",159,19,374,395,92
112,"2022-08-20",142,13,51,322,41
113,"2022-08-21",29,86,70,224,158
114,"2022-08-22",25,209,235,249,1
115,"2022-08-23",38,8,6,142,103
116,"2022-08-24",156,29,5,374,327
117,"2022-08-25",95,118,61,233,170
118,"2022-08-26",131,350,127,500,353
119,"2022-08-27",68,133,270,442,65
120,"2022-08-28",96,53,36,206,187
121,"2022-08-29",184,142,50,443,97
122,"2022-08-30",44,357,57,418,124
123,"2022-08-31",11,176,136,232,129
124,"2022-09-01",232,111,180,485,159
125,"2022-09-02",111,87,294,304,50
126,"2022-09-03",137,111,41,290,77
127,"2022-09-04",16,84,41,175,129
128,"2022-09-05",33,107,27,170,0
129,"2022-09-06",123,119,344,360,221
130,"2022-09-07",38,90,113,137,114
131,"2022-09-08",69,153,102,399,383
132,"2022-09-09",60,24,146,150,20
133,"2022-09-10",32,29,75,362,68
134,"2022-09-11",77,51,40,240,196
135,"2022-09-12",134,186,175,333,292
136,"2022-09-13",96,121,187,343,112
137,"2022-09-14",20,224,258,262,213
138,"2022-09-15",3,69,159,160,14
139,"2022-09-16",4,90,21,148,17
140,"2022-09-17",28,15,154,171,38
141,"2022-09-18",68,272,21,442,260
142,"2022-09-19",49,143,39,243,203
143,"2022-09-20",103,86,116,273,35
144,"2022-09-21",28,268,302,434,182
145,"2022-09-22",57,9,109,139,138
146,"2022-09-23",10,305,184,321,48
147,"2022-09-24",50,301,176,421,239
148,"2022-09-25",43,76,1,190,34
149,"2022-09-26",153,211,365,393,106
150,"2022-09-27",130,212,141,489,161
151,"2022-09-28",49,281,199,499,293
152,"2022-09-29",37,77,261,264,227
153,"2022-09-30",63,67,73,149,2
154,"2022-10-01",52,109,329,360,189
155,"2022-10-02",49,235,34,465,116
156,"2022-10-03",9,229,176,318,276
157,"2022-10-04",160,56,6,341,31
158,"2022-10-05",45,327,260,473,37
159,"2022-10-06",235,223,292,492,326
160,"2022-10-07",134,9,156,498,221
161,"2022-10-08",104,107,30,253,28
162,"2022-10-09",9,53,58,178,99
163,"2022-10-10",3,98,62,181,50
164,"2022-10-11",68,70,356,490,393
165,"2022-10-12",6,145,419,477,49
166,"2022-10-13",82,233,35,360,43
167,"2022-10-14",47,225,105,302,96
168,"2022-10-15",63,155,23,222,155
169,"2022-10-16",37,94,34,162,90
170,"2022-10-17",105,109,330,374,31
171,"2022-10-18",25,116,142,200,1
172,"2022-10-19",1,2,106,129,84
173,"2022-10-20",177,144,28,448,432
174,"2022-10-21",57,153,395,402,308
175,"2022-10-22",127,110,249,445,220
176,"2022-10-23",176,224,100,448,39
177,"2022-10-24",41,328,422,430,66
178,"2022-10-25",138,181,357,388,236
179,"2022-10-26",146,51,106,432,19
180,"2022-10-27",59,47,75,184,24
181,"2022-10-28",75,23,224,318,90
182,"2022-10-29",21,164,103,207,138
183,"2022-10-30",164,160,127,490,106
184,"2022-10-31",119,9,13,297,255
185,"2022-11-01",7,53,387,450,220
186,"2022-11-02",43,127,165,180,180
187,"2022-11-03",6,146,117,165,141
188,"2022-11-04",70,107,41,235,231
189,"2022-11-05",169,176,302,420,349
190,"2022-11-06",3,276,293,464,213
191,"2022-11-07",75,23,124,227,134
192,"2022-11-08",42,109,78,179,102
193,"2022-11-09",1,206,183,246,13
194,"2022-11-10",145,144,2,456,308
195,"2022-11-11",17,111,71,412,246
196,"2022-11-12",213,199,442,480,328
197,"2022-11-13",6,69,19,120,7
198,"2022-11-14",0,158,98,234,78
199,"2022-11-15",7,205,382,400,35
200,"2022-11-16",192,88,261,420,206
201,"2022-11-17",5,28,29,123,32
202,"2022-11-18",31,158,61,224,2
203,"2022-11-19",69,39,105,237,164
204,"2022-11-20",44,91,200,270,157
205,"2022-11-21",69,321,199,482,71
206,"2022-11-22",104,161,73,331,288
207,"2022-11-23",102,51,91,228,4
208,"2022-11-24",191,38,238,403,128
209,"2022-11-25",94,238,133,353,229
210,"2022-11-26",25,27,29,107,9
211,"2022-11-27",110,55,176,292,202
212,"2022-11-28",33,99,128,187,115
213,"2022-11-29",43,49,7,125,30
214,"2022-11-30",69,89,188,217,189
215,"2022-12-01",21,96,27,123,115
216,"2022-12-02",105,185,250,389,137
217,"2022-12-03",0,50,21,223,177
218,"2022-12-04",30,109,98,162,16
219,"2022-12-05",15,221,335,491,393
220,"2022-12-06",103,165,352,361,311
221,"2022-12-07",74,223,288,407,12
222,"2022-12-08",25,208,45,270,251
223,"2022-12-09",28,236,439,482,21
224,"2022-12-10",27,70,54,121,73
225,"2022-12-11",149,90,150,475,421
226,"2022-12-12",112,324,323,478,85
227,"2022-12-13",31,6,21,156,129
228,"2022-12-14",107,105,371,371,271
229,"2022-12-15",32,276,96,352,311
230,"2022-12-16",160,154,224,334,8
231,"2022-12-17",72,61,77,198,20
232,"2022-12-18",103,55,134,222,28
233,"2022-12-19",62,234,29,384,210
234,"2022-12-20",13,157,2,189,94
235,"2022-12-21",57,262,123,348,128
236,"2022-12-22",37,61,103,103,31
237,"2022-12-23",206,12,13,414,402
238,"2022-12-24",163,273,361,499,252
239,"2022-12-25",71,103,94,332,53
240,"2022-12-26",195,268,185,495,133
241,"2022-12-27",45,55,233,303,280
242,"2022-12-28",28,13,118,275,38
243,"2022-12-29",135,88,26,347,169
244,"2022-12-30",6,261,125,286,44
245,"2022-12-31",2,79,19,185,24
246,"2023-01-01",83,60,86,185,183
247,"2023-01-02",67,38,169,172,34
248,"2023-01-03",54,70,56,346,87
249,"2023-01-04",9,134,76,147,37
250,"2023-01-05",99,253,374,451,126
251,"2023-01-06",35,266,4,352,129
252,"2023-01-07",51,102,22,165,66
253,"2023-01-08",0,42,57,104,16
254,"2023-01-09",45,167,206,252,228
255,"2023-01-10",98,208,216,375,310
256,"2023-01-11",73,28,135,254,15
257,"2023-01-12",39,81,121,163,107
258,"2023-01-13",113,226,134,467,461
259,"2023-01-14",111,114,186,241,171
260,"2023-01-15",214,37,348,441,199
261,"2023-01-16",87,13,108,193,71
262,"2023-01-17",56,20,71,131,28
263,"2023-01-18",32,109,70,358,104
264,"2023-01-19",25,139,59,244,144
265,"2023-01-20",36,12,79,115,84
266,"2023-01-21",37,235,267,329,48
267,"2023-01-22",84,72,247,379,373
268,"2023-01-23",24,226,79,285,60
269,"2023-01-24",30,57,29,198,71
270,"2023-01-25",10,217,290,304,163
271,"2023-01-26",16,82,116,226,6
272,"2023-01-27",44,215,27,395,50
273,"2023-01-28",88,80,190,219,48
274,"2023-01-29",27,199,304,344,183
275,"2023-01-30",57,27,98,195,153
276,"2023-01-31",56,229,72,300,127
277,"2023-02-01",75,230,194,309,298
278,"2023-02-02",32,141,204,207,20
279,"2023-02-03",19,94,229,269,230
280,"2023-02-04",22,95,233,255,237
281,"2023-02-05",41,61,39,104,48
282,"2023-02-06",27,313,102,424,362
283,"2023-02-07",55,67,0,130,95
284,"2023-02-08",23,70,169,169,137
285,"2023-02-09",41,72,116,171,117
286,"2023-02-10",34,19,94,122,83
287,"2023-02-11",84,147,61,418,229
288,"2023-02-12",136,1,291,323,146
289,"2023-02-13",84,35,94,207,121
290,"2023-02-14",124,75,248,407,369
291,"2023-02-15",54,44,41,120,12
292,"2023-02-16",71,29,28,160,24
293,"2023-02-17",67,306,317,421,179
294,"2023-02-18",112,161,276,332,132
295,"2023-02-19",112,264,337,499,444
296,"2023-02-20",35,152,150,342,281
297,"2023-02-21",97,93,95,305,35
298,"2023-02-22",87,290,228,394,44
299,"2023-02-23",39,357,250,409,18
300,"2023-02-24",88,61,51,266,38
301,"2023-02-25",59,273,382,420,76
302,"2023-02-26",89,135,221,227,54
303,"2023-02-27",81,30,63,193,29
304,"2023-02-28",3,226,271,287,127
305,"2023-03-01",0,107,20,158,114
306,"2023-03-02",11,304,302,378,131
307,"2023-03-03",67,3,157,214,116
308,"2023-03-04",79,15,96,172,60
309,"2023-03-05",128,14,261,287,222
310,"2023-03-06",0,372,112,426,118
311,"2023-03-07",133,68,185,472,422
312,"2023-03-08",30,185,235,241,195
313,"2023-03-09",50,11,232,301,159
314,"2023-03-10",19,86,77,109,26
315,"2023-03-11",29,175,131,353,88
316,"2023-03-12",117,109,93,240,1
317,"2023-03-13",95,5,4,218,201
318,"2023-03-14",35,74,3,281,180
319,"2023-03-15",56,50,73,116,90
320,"2023-03-16",47,61,192,213,5
321,"2023-03-17",93,108,200,255,93
322,"2023-03-18",93,60,162,241,159
323,"2023-03-19",108,103,77,363,271
324,"2023-03-20",43,102,191,246,242
325,"2023-03-21",104,116,169,275,93
326,"2023-03-22",10,0,248,412,43
327,"2023-03-23",99,208,299,357,318
328,"2023-03-24",200,75,114,481,426
329,"2023-03-25",84,154,164,340,157
330,"2023-03-26",1,230,64,429,84
331,"2023-03-27",26,253,94,492,35
332,"2023-03-28",209,31,261,441,240
333,"2023-03-29",66,199,219,422,400
334,"2023-03-30",123,15,84,262,151
335,"2023-03-31",29,81,84,113,16
336,"2023-04-01",30,131,252,265,39
337,"2023-04-02",46,73,121,125,85
338,"2023-04-03",89,98,114,191,57
339,"2023-04-04",58,137,76,282,128
340,"2023-04-05",1,77,69,109,87
341,"2023-04-06",83,187,263,443,330
342,"2023-04-07",119,74,244,249,44
343,"2023-04-08",56,296,287,369,308
344,"2023-04-09",36,29,280,383,362
345,"2023-04-10",122,299,400,444,189
346,"2023-04-11",74,93,113,240,206
347,"2023-04-12",25,185,77,468,264
348,"2023-04-13",17,62,23,173,11
349,"2023-04-14",28,36,44,100,29
350,"2023-04-15",65,80,109,147,99
351,"2023-04-16",4,117,110,155,120
352,"2023-04-17",72,129,175,308,118
353,"2023-04-18",130,94,62,264,47
354,"2023-04-19",5,110,98,141,17
355,"2023-04-20",57,81,132,143,59
356,"2023-04-21",89,146,310,360,117
357,"2023-04-22",176,60,252,422,347
358,"2023-04-23",127,0,168,334,116
359,"2023-04-24",123,97,106,283,212
360,"2023-04-25",80,92,20,182,100
361,"2023-04-26",94,100,65,212,109
362,"2023-04-27",22,128,195,206,110
363,"2023-04-28",26,127,118,156,38
364,"2023-04-29",43,52,91,140,24
365,"2023-04-30",54,86,315,373,122
366,"2023-05-01",105,21,263,328,308
367,"2023-05-02",163,141,237,400,160
368,"2023-05-03",151,43,256,404,150
369,"2023-05-04",189,79,383,412,183
370,"2023-05-05",71,98,136,189,130
371,"2023-05-06",139,69,270,278,47
372,"2023-05-07",6,44,62,122,10
373,"2023-05-08",95,213,392,428,329
374,"2023-05-09",5,180,199,248,190
375,"2023-05-10",47,121,7,200,171
376,"2023-05-11",28,162,54,299,268
377,"2023-05-12",39,14,34,114,78
378,"2023-05-13",150,108,73,477,434
379,"2023-05-14",11,292,186,324,237
380,"2023-05-15",99,1,162,282,175
381,"2023-05-16",64,218,66,459,402
382,"2023-05-17",22,218,228,257,76
383,"2023-05-18",191,7,152,484,190
384,"2023-05-19",107,44,235,282,178
385,"2023-05-20",76,3,111,181,96
386,"2023-05-21",83,177,15,394,77
387,"2023-05-22",99,138,61,412,216
388,"2023-05-23",12,63,124,174,13
389,"2023-05-24",26,247,57,463,239
390,"2023-05-25",106,123,99,298,250
391,"2023-05-26",44,28,233,236,159
392,"2023-05-27",45,24,110,142,14
393,"2023-05-28",26,87,18,117,25
394,"2023-05-29",3,443,74,482,393
395,"2023-05-30",78,27,196,206,202
396,"2023-05-31",124,63,207,434,340
397,"2023-06-01",46,199,399,403,119
398,"2023-06-02",67,75,227,491,429
399,"2023-06-03",89,286,383,412,60
400,"2023-06-04",53,156,207,404,17
401,"2023-06-05",76,102,195,317,90
402,"2023-06-06",191,4,135,389,331
403,"2023-06-07",56,115,98,286,196
404,"2023-06-08",43,152,224,272,215
405,"2023-06-09",96,71,2,198,132
406,"2023-06-10",17,10,108,140,83
407,"2023-06-11",47,40,7,101,38
408,"2023-06-12",149,77,255,328,267
409,"2023-06-13",16,118,58,148,127
410,"2023-06-14",15,367,262,438,45
411,"2023-06-15",20,129,261,445,32
412,"2023-06-16",74,156,209,248,243
413,"2023-06-17",5,52,103,183,127
414,"2023-06-18",65,52,39,139,28
415,"2023-06-19",105,20,54,226,138
416,"2023-06-20",171,224,382,452,332
417,"2023-06-21",23,193,208,397,348
418,"2023-06-22",40,2,29,112,75
419,"2023-06-23",134,73,143,334,188
420,"2023-06-24",203,31,406,422,49
421,"2023-06-25",23,22,16,191,185
422,"2023-06-26",9,237,290,326,79
423,"2023-06-27",67,20,222,248,205
424,"2023-06-28",15,331,119,444,443
425,"2023-06-29",4,149,49,222,70
426,"2023-06-30",75,138,46,286,77
427,"2023-07-01",95,365,109,486,83
428,"2023-07-02",75,68,130,431,327
429,"2023-07-03",143,57,257,350,86
430,"2023-07-04",43,138,109,399,12
431,"2023-07-05",61,192,2,364,46
432,"2023-07-06",9,28,253,305,203
433,"2023-07-07",76,64,297,337,290
434,"2023-07-08",114,150,452,486,435
435,"2023-07-09",61,109,181,202,52
436,"2023-07-10",97,23,205,263,10
437,"2023-07-11",13,122,115,187,142
438,"2023-07-12",87,94,179,298,112
439,"2023-07-13",134,65,271,323,1
440,"2023-07-14",7,125,159,356,148
441,"2023-07-15",18,19,140,151,122
442,"2023-07-16",158,137,83,366,282
443,"2023-07-17",99,97,235,247,236
444,"2023-07-18",159,54,93,352,11
445,"2023-07-19",15,16,69,317,74
446,"2023-07-20",71,219,295,358,145
447,"2023-07-21",52,132,362,375,287
448,"2023-07-22",61,13,90,286,15
449,"2023-07-23",104,133,302,388,233
450,"2023-07-24",21,69,3,124,90
451,"2023-07-25",17,16,32,361,209
452,"2023-07-26",40,31,1,109,42
453,"2023-07-27",57,338,333,441,69
454,"2023-07-28",187,155,292,427,374
455,"2023-07-29",50,12,16,106,74
456,"2023-07-30",43,45,42,122,92
457,"2023-07-31",70,2,83,150,63
458,"2023-08-01",31,183,138,223,3
459,"2023-08-02",53,68,139,228,97
460,"2023-08-03",25,98,195,488,207
461,"2023-08-04",71,5,169,302,125
462,"2023-08-05",182,40,94,403,164
463,"2023-08-06",104,11,201,268,121
464,"2023-08-07",51,119,55,274,183
465,"2023-08-08",161,118,337,384,377
466,"2023-08-09",71,21,207,216,197
467,"2023-08-10",183,22,256,424,399
468,"2023-08-11",31,81,119,119,85
469,"2023-08-12",43,140,131,211,83
470,"2023-08-13",5,143,118,177,0
471,"2023-08-14",0,55,145,150,45
472,"2023-08-15",10,202,109,225,206
473,"2023-08-16",4,161,159,228,71
474,"2023-08-17",139,251,37,395,243
475,"2023-08-18",16,0,38,111,105
476,"2023-08-19",56,118,80,177,31
477,"2023-08-20",71,25,92,232,90
478,"2023-08-21",24,67,132,193,104
479,"2023-08-22",53,32,88,108,55
480,"2023-08-23",57,61,127,149,116
481,"2023-08-24",200,194,78,444,116
482,"2023-08-25",182,213,395,482,183
483,"2023-08-26",30,221,29,280,199
484,"2023-08-27",0,259,47,386,188
485,"2023-08-28",52,37,104,309,276
486,"2023-08-29",3,120,40,362,143
487,"2023-08-30",115,105,194,292,173
488,"2023-08-31",78,41,29,171,18
489,"2023-09-01",59,95,148,186,95
490,"2023-09-02",59,67,206,250,13
491,"2023-09-03",151,186,305,348,127
492,"2023-09-04",147,89,227,366,90
493,"2023-09-05",28,2,82,153,7
494,"2023-09-06",40,82,93,165,103
495,"2023-09-07",71,65,85,208,169
496,"2023-09-08",73,208,54,321,302
497,"2023-09-09",49,93,102,215,85
498,"2023-09-10",208,168,218,463,51
499,"2023-09-11",197,142,89,437,72
500,"2023-09-12",189,140,167,399,245
501,"2023-09-13",8,57,86,222,103
502,"2023-09-14",21,13,82,112,60
503,"2023-09-15",4,121,23,153,100
504,"2023-09-16",20,96,42,126,9
505,"2023-09-17",8,57,454,489,272
506,"2023-09-18",18,126,112,253,243
507,"2023-09-19",72,8,18,438,411
508,"2023-09-20",58,9,186,459,15
509,"2023-09-21",21,26,122,351,211
510,"2023-09-22",79,120,452,487,428
511,"2023-09-23",51,154,85,363,54
512,"2023-09-24",7,95,18,176,68
513,"2023-09-25",122,198,138,367,329
514,"2023-09-26",178,45,108,473,41
515,"2023-09-27",39,184,3,348,141
516,"2023-09-28",7,55,129,143,64
517,"2023-09-29",32,26,75,113,90
518,"2023-09-30",1,334,8,396,174
519,"2023-10-01",76,182,224,303,7
520,"2023-10-02",61,143,237,250,54
521,"2023-10-03",161,242,231,487,266
522,"2023-10-04",102,142,235,346,87
523,"2023-10-05",127,52,21,312,141
524,"2023-10-06",17,72,129,132,111
525,"2023-10-07",127,177,93,446,394
526,"2023-10-08",171,52,324,363,318
527,"2023-10-09",31,6,55,126,85
528,"2023-10-10",79,219,153,313,220
529,"2023-10-11",164,68,153,440,34
530,"2023-10-12",107,71,182,274,80
531,"2023-10-13",90,157,83,306,16
532,"2023-10-14",56,203,283,298,56
533,"2023-10-15",160,275,226,474,418
534,"2023-10-16",49,9,4,151,130
535,"2023-10-17",174,47,79,421,270
536,"2023-10-18",31,43,124,166,33
537,"2023-10-19",58,64,100,144,66
538,"2023-10-20",39,184,98,310,70
539,"2023-10-21",85,289,308,470,455
540,"2023-10-22",72,67,175,187,156
541,"2023-10-23",147,51,116,307,123
542,"2023-10-24",49,9,75,159,55
543,"2023-10-25",79,189,41,274,252
544,"2023-10-26",2,75,206,289,14
545,"2023-10-27",60,178,11,295,167
546,"2023-10-28",17,298,111,497,322
547,"2023-10-29",169,254,455,499,197
548,"2023-10-30",113,93,63,232,178
549,"2023-10-31",26,205,65,367,319
550,"2023-11-01",51,1,102,113,21
551,"2023-11-02",20,52,185,221,129
552,"2023-11-03",84,109,103,269,147
553,"2023-11-04",174,99,138,426,55
554,"2023-11-05",166,11,164,347,153
555,"2023-11-06",87,144,72,264,156
556,"2023-11-07",37,179,256,290,62
557,"2023-11-08",180,172,303,443,344
558,"2023-11-09",61,137,223,328,159
559,"2023-11-10",61,83,95,188,85
560,"2023-11-11",59,2,29,255,88
561,"2023-11-12",42,49,76,181,49
562,"2023-11-13",51,115,119,168,77
563,"2023-11-14",104,90,210,466,155
564,"2023-11-15",16,24,95,101,52
565,"2023-11-16",28,81,108,109,43
566,"2023-11-17",3,29,159,342,263
567,"2023-11-18",98,108,178,352,299
568,"2023-11-19",113,199,14,407,242
569,"2023-11-20",18,287,225,403,97
570,"2023-11-21",79,173,71,278,207
571,"2023-11-22",30,212,30,258,156
572,"2023-11-23",128,173,370,487,420
573,"2023-11-24",82,32,79,357,285
574,"2023-11-25",75,17,84,343,34
575,"2023-11-26",121,364,426,488,343
576,"2023-11-27",56,217,99,481,146
577,"2023-11-28",50,95,51,152,129
578,"2023-11-29",125,17,129,309,225
579,"2023-11-30",5,355,358,372,154
580,"2023-12-01",122,128,87,344,11
581,"2023-12-02",84,54,84,201,181
582,"2023-12-03",25,323,173,384,274
583,"2023-12-04",65,0,66,152,101
584,"2023-12-05",94,273,345,467,384
585,"2023-12-06",113,158,85,477,319
586,"2023-12-07",86,35,148,364,74
587,"2023-12-08",64,53,31,236,169
588,"2023-12-09",11,91,118,289,256
589,"2023-12-10",47,155,257,319,249
590,"2023-12-11",11,17,18,121,112
591,"2023-12-12",57,22,59,117,3
592,"2023-12-13",28,170,133,432,224
593,"2023-12-14",139,12,76,411,20
594,"2023-12-15",14,110,153,222,32
595,"2023-12-16",15,27,103,248,223
596,"2023-12-17",63,46,242,392,330
597,"2023-12-18",19,103,8,130,65
598,"2023-12-19",22,4,113,120,7
599,"2023-12-20",51,69,190,259,20
600,"2023-12-21",132,210,336,418,296
601,"2023-12-22",47,3,7,200,152
602,"2023-12-23",112,225,381,438,42
603,"2023-12-24",57,213,173,467,433
604,"2023-12-25",36,117,40,262,11
605,"2023-12-26",39,35,13,127,22
606,"2023-12-27",182,2,206,396,96
607,"2023-12-28",21,25,171,277,83
608,"2023-12-29",14,287,411,475,67
609,"2023-12-30",27,6,36,140,30
610,"2023-12-31",191,172,121,420,167
611,"2024-01-01",135,27,277,302,30
612,"2024-01-02",55,65,31,276,49
613,"2024-01-03",28,10,144,246,204
614,"2024-01-04",55,137,185,259,64
615,"2024-01-05",5,117,243,334,24
616,"2024-01-06",117,153,196,464,264
617,"2024-01-07",111,95,165,248,65
618,"2024-01-08",88,44,38,183,12
619,"2024-01-09",68,3,71,175,173
620,"2024-01-10",79,9,205,248,122
621,"2024-01-11",133,7,213,383,131
622,"2024-01-12",54,31,36,145,130
623,"2024-01-13",13,81,37,106,67
624,"2024-01-14",101,185,231,356,17
625,"2024-01-15",16,82,69,111,1
626,"2024-01-16",6,15,106,354,39
627,"2024-01-17",51,289,104,368,85
628,"2024-01-18",104,177,176,434,361
629,"2024-01-19",47,65,76,151,52
630,"2024-01-20",44,155,399,463,287
631,"2024-01-21",20,11,45,114,76
632,"2024-01-22",4,15,6,114,90
633,"2024-01-23",89,49,93,304,159
634,"2024-01-24",19,134,46,223,28
635,"2024-01-25",98,15,3,279,118
636,"2024-01-26",81,88,224,244,190
637,"2024-01-27",23,130,105,198,161
638,"2024-01-28",35,35,87,125,2
639,"2024-01-29",56,1,74,136,25
640,"2024-01-30",1,23,212,275,160
641,"2024-01-31",46,330,436,436,359
642,"2024-02-01",170,74,362,473,359
643,"2024-02-02",159,87,288,453,323
644,"2024-02-03",175,310,88,500,23
645,"2024-02-04",24,139,14,249,235
646,"2024-02-05",102,179,44,306,198
647,"2024-02-06",54,31,40,179,133
648,"2024-02-07",92,43,156,360,93
649,"2024-02-08",3,45,27,141,122
650,"2024-02-09",19,32,122,126,60
651,"2024-02-10",126,88,149,485,169
652,"2024-02-11",24,145,296,428,140
653,"2024-02-12",226,1,264,478,88
654,"2024-02-13",188,29,161,439,294
655,"2024-02-14",214,144,321,465,80
656,"2024-02-15",90,36,406,489,242
657,"2024-02-16",14,146,49,168,148
658,"2024-02-17",121,218,300,365,330
659,"2024-02-18",170,157,139,422,172
660,"2024-02-19",94,17,284,408,285
661,"2024-02-20",5,26,77,186,96
662,"2024-02-21",106,104,17,231,8
663,"2024-02-22",55,205,143,273,189
664,"2024-02-23",140,180,42,320,79
665,"2024-02-24",13,114,136,171,113
666,"2024-02-25",47,28,122,178,74
667,"2024-02-26",66,32,141,231,211
668,"2024-02-27",90,85,201,396,240
669,"2024-02-28",123,18,55,403,271
670,"2024-02-29",76,8,9,340,286
671,"2024-03-01",103,86,173,221,45
672,"2024-03-02",131,110,113,344,319
673,"2024-03-03",102,134,311,319,252
674,"2024-03-04",19,196,66,235,127
675,"2024-03-05",59,31,281,497,384
676,"2024-03-06",5,247,125,462,95
677,"2024-03-07",14,412,123,459,344
678,"2024-03-08",11,31,175,197,160
679,"2024-03-09",78,113,104,222,77
680,"2024-03-10",95,111,407,415,97
681,"2024-03-11",12,221,252,359,49
682,"2024-03-12",241,144,407,498,45
683,"2024-03-13",13,112,13,400,123
684,"2024-03-14",24,24,106,122,116
685,"2024-03-15",232,124,458,479,186
686,"2024-03-16",45,18,123,177,67
687,"2024-03-17",92,32,164,194,150
688,"2024-03-18",126,154,230,411,304
689,"2024-03-19",1,54,98,112,104
690,"2024-03-20",89,77,134,321,227
691,"2024-03-21",4,42,48,299,72
692,"2024-03-22",64,156,304,323,118
693,"2024-03-23",12,4,77,123,24
694,"2024-03-24",86,114,56,255,41
695,"2024-03-25",86,82,87,199,111
696,"2024-03-26",144,174,299,348,251
697,"2024-03-27",26,63,26,199,113
698,"2024-03-28",32,4,6,167,8
699,"2024-03-29",139,134,25,297,129
700,"2024-03-30",232,23,355,491,382
701,"2024-03-31",24,197,99,314,47
702,"2024-04-01",158,106,190,333,312
703,"2024-04-02",91,61,41,230,174
704,"2024-04-03",162,12,229,384,196
705,"2024-04-04",24,103,111,137,102
706,"2024-04-05",88,18,13,204,53
707,"2024-04-06",62,95,350,438,253
708,"2024-04-07",98,36,200,209,85
709,"2024-04-08",40,401,434,474,171
710,"2024-04-09",51,113,138,191,146
711,"2024-04-10",90,104,44,376,323
712,"2024-04-11",155,103,189,315,173
713,"2024-04-12",193,40,16,432,174
714,"2024-04-13",98,33,181,220,48
715,"2024-04-14",3,263,145,431,212
716,"2024-04-15",137,13,457,500,206
717,"2024-04-16",9,2,18,158,75
718,"2024-04-17",61,16,35,123,52
719,"2024-04-18",62,52,125,144,104
720,"2024-04-19",8,95,5,103,78
721,"2024-04-20",24,102,456,460,296
722,"2024-04-21",13,295,269,346,76
723,"2024-04-22",76,106,60,217,1
724,"2024-04-23",33,10,13,148,69
725,"2024-04-24",58,73,229,397,128
726,"2024-04-25",12,106,16,188,57
727,"2024-04-26",132,157,107,322,242
728,"2024-04-27",34,37,74,131,16
729,"2024-04-28",63,43,136,150,5
730,"2024-04-29",37,122,106,161,65
731,"2024-04-30",7,90,242,269,5
732,"2024-05-01",3,177,245,489,425
733,"2024-05-02",56,122,10,190,70
734,"2024-05-03",223,118,77,449,112
735,"2024-05-04",21,33,32,330,263
736,"2024-05-05",29,214,241,251,47
737,"2024-05-06",39,9,106,170,18
738,"2024-05-07",196,191,171,484,235
739,"2024-05-08",79,55,339,459,347
740,"2024-05-09",56,71,141,200,84
741,"2024-05-10",58,64,276,414,273
742,"2024-05-11",6,17,75,104,0
743,"2024-05-12",0,57,71,127,55
744,"2024-05-13",62,142,222,243,242
745,"2024-05-14",169,86,277,350,347
746,"2024-05-15",83,193,226,284,184
747,"2024-05-16",168,94,57,384,67
748,"2024-05-17",28,61,64,106,25
749,"2024-05-18",105,74,168,247,207
750,"2024-05-19",122,141,116,454,166
751,"2024-05-20",49,218,38,370,124
752,"2024-05-21",170,209,260,393,191
753,"2024-05-22",115,151,124,392,67
754,"2024-05-23",184,142,376,401,173
755,"2024-05-24",0,310,282,428,260
756,"2024-05-25",35,133,43,169,53
757,"2024-05-26",97,139,5,373,267
758,"2024-05-27",24,22,49,161,112
759,"2024-05-28",100,1,96,213,31
760,"2024-05-29",52,200,177,381,263
761,"2024-05-30",10,35,213,257,117
762,"2024-05-31",49,65,133,135,128
763,"2024-06-01",80,119,62,226,187
764,"2024-06-02",61,6,97,253,81
765,"2024-06-03",186,210,437,457,332
766,"2024-06-04",28,364,312,426,256
767,"2024-06-05",17,290,321,345,212
768,"2024-06-06",21,88,23,116,53
769,"2024-06-07",149,144,350,389,206
770,"2024-06-08",86,44,153,378,348
771,"2024-06-09",35,94,101,158,56
772,"2024-06-10",184,180,271,464,22
773,"2024-06-11",9,18,98,118,65
774,"2024-06-12",76,22,136,168,27
775,"2024-06-13",56,124,264,323,47
776,"2024-06-14",123,77,134,258,191
777,"2024-06-15",26,69,192,193,126
778,"2024-06-16",12,276,34,292,282
779,"2024-06-17",47,3,0,112,58
780,"2024-06-18",86,15,462,478,327
781,"2024-06-19",51,73,58,207,109
782,"2024-06-20",60,37,72,130,87
783,"2024-06-21",113,82,180,478,178
784,"2024-06-22",87,81,63,206,100
785,"2024-06-23",133,9,31,301,193
786,"2024-06-24",166,137,437,453,354
787,"2024-06-25",18,56,18,102,10
788,"2024-06-26",19,156,257,306,292
789,"2024-06-27",86,65,101,174,14
790,"2024-06-28",28,199,53,236,61
791,"2024-06-29",32,31,37,110,12
792,"2024-06-30",57,64,176,180,128
793,"2024-07-01",16,81,22,107,33
794,"2024-07-02",4,83,17,129,31
795,"2024-07-03",133,253,299,437,112
796,"2024-07-04",11,24,15,426,317
797,"2024-07-05",86,65,46,173,172
798,"2024-07-06",151,96,193,356,329
799,"2024-07-07",24,123,164,165,3
800,"2024-07-08",20,27,194,300,142
801,"2024-07-09",55,80,42,185,47
802,"2024-07-10",114,123,31,323,283
803,"2024-07-11",100,50,265,414,7
804,"2024-07-12",9,106,61,180,62
805,"2024-07-13",167,42,126,346,153
806,"2024-07-14",193,125,459,477,435
807,"2024-07-15",146,30,239,315,4
808,"2024-07-16",48,142,195,417,338
809,"2024-07-17",104,241,367,407,364
810,"2024-07-18",7,32,195,329,42
811,"2024-07-19",127,39,107,310,8
812,"2024-07-20",119,73,5,266,81
813,"2024-07-21",186,75,116,393,257
814,"2024-07-22",7,9,401,493,123
815,"2024-07-23",137,63,281,359,257
816,"2024-07-24",110,103,57,459,360
817,"2024-07-25",198,49,202,430,4
818,"2024-07-26",21,106,249,316,103
819,"2024-07-27",6,269,187,319,3
820,"2024-07-28",4,115,242,337,140
821,"2024-07-29",13,319,307,381,318
822,"2024-07-30",95,38,33,220,128
823,"2024-07-31",34,55,209,239,215
824,"2024-08-01",103,86,117,285,106
825,"2024-08-02",0,213,142,235,45
826,"2024-08-03",172,303,299,485,19
827,"2024-08-04",0,154,117,235,170
828,"2024-08-05",43,10,256,352,246
829,"2024-08-06",33,303,39,430,240
830,"2024-08-07",43,294,217,409,192
831,"2024-08-08",13,3,93,225,3
832,"2024-08-09",157,121,137,482,170
833,"2024-08-10",235,60,116,470,79
834,"2024-08-11",32,271,14,305,298
835,"2024-08-12",57,14,115,122,36
836,"2024-08-13",19,155,165,192,44
837,"2024-08-14",178,7,260,359,204
838,"2024-08-15",5,22,217,300,218
839,"2024-08-16",47,3,12,182,15
840,"2024-08-17",61,120,88,208,151
841,"2024-08-18",166,123,264,364,140
842,"2024-08-19",17,414,306,449,121
843,"2024-08-20",64,94,94,228,111
844,"2024-08-21",74,98,144,291,81
845,"2024-08-22",49,280,122,370,145
846,"2024-08-23",57,38,53,187,182
847,"2024-08-24",37,94,195,210,113
848,"2024-08-25",11,94,137,221,17
849,"2024-08-26",89,108,103,236,225
850,"2024-08-27",105,8,209,453,154
851,"2024-08-28",75,162,162,484,72
852,"2024-08-29",94,5,227,253,11
853,"2024-08-30",180,220,234,469,452
854,"2024-08-31",22,53,41,103,53
855,"2024-09-01",98,266,79,417,319
856,"2024-09-02",93,255,366,389,297
857,"2024-09-03",74,4,98,155,37
858,"2024-09-04",157,3,321,468,17
859,"2024-09-05",53,197,12,288,111
860,"2024-09-06",96,323,232,489,145
861,"2024-09-07",99,88,214,239,179
862,"2024-09-08",34,39,134,196,82
863,"2024-09-09",10,32,58,121,64
864,"2024-09-10",44,171,315,323,313
865,"2024-09-11",152,34,197,429,427
866,"2024-09-12",90,117,195,226,139
867,"2024-09-13",68,259,140,461,217
868,"2024-09-14",49,146,177,233,14
869,"2024-09-15",35,83,139,145,23
870,"2024-09-16",116,5,266,274,247
871,"2024-09-17",188,71,132,428,394
872,"2024-09-18",24,212,165,448,110
873,"2024-09-19",67,70,102,254,14
874,"2024-09-20",89,200,186,432,176
875,"2024-09-21",62,36,127,128,44
876,"2024-09-22",125,57,122,469,48
877,"2024-09-23",30,125,292,386,41
878,"2024-09-24",78,73,118,183,71
879,"2024-09-25",61,377,31,476,411
880,"2024-09-26",79,57,135,357,126
881,"2024-09-27",53,26,100,306,281
882,"2024-09-28",51,255,167,388,96
883,"2024-09-29",106,17,47,229,153
884,"2024-09-30",166,15,6,395,250
885,"2024-10-01",17,78,2,100,92
886,"2024-10-02",55,106,42,176,141
887,"2024-10-03",39,37,15,114,72
888,"2024-10-04",27,17,240,247,92
889,"2024-10-05",60,24,133,389,63
890,"2024-10-06",16,154,220,266,51
891,"2024-10-07",159,170,160,420,83
892,"2024-10-08",167,50,200,367,34
893,"2024-10-09",52,284,306,415,163
894,"2024-10-10",22,260,275,315,88
895,"2024-10-11",55,83,165,181,158
896,"2024-10-12",6,108,268,330,171
897,"2024-10-13",73,143,144,237,74
898,"2024-10-14",76,2,184,231,211
899,"2024-10-15",18,125,131,241,230
900,"2024-10-16",62,97,38,168,121
901,"2024-10-17",57,65,162,413,59
902,"2024-10-18",40,363,45,477,258
903,"2024-10-19",46,80,18,200,111
904,"2024-10-20",32,102,47,150,73
905,"2024-10-21",48,106,152,265,54
906,"2024-10-22",88,180,86,285,32
907,"2024-10-23",92,88,202,234,228
908,"2024-10-24",176,50,296,432,164
909,"2024-10-25",41,229,130,345,332
910,"2024-10-26",71,124,155,485,404
911,"2024-10-27",60,70,78,201,17
912,"2024-10-28",4,218,134,253,107
913,"2024-10-29",130,104,232,274,48
914,"2024-10-30",64,63,14,154,110
915,"2024-10-31",77,118,78,264,260
916,"2024-11-01",60,225,69,370,107
917,"2024-11-02",56,182,260,372,222
918,"2024-11-03",40,158,135,217,214
919,"2024-11-04",133,166,386,427,405
920,"2024-11-05",101,46,58,246,211
921,"2024-11-06",71,283,99,381,175
922,"2024-11-07",64,24,197,319,96
923,"2024-11-08",28,112,169,188,150
924,"2024-11-09",55,13,179,204,172
925,"2024-11-10",30,77,44,168,98
926,"2024-11-11",116,142,63,321,66
927,"2024-11-12",71,1,76,165,154
928,"2024-11-13",26,15,240,419,137
929,"2024-11-14",85,218,183,421,201
930,"2024-11-15",67,18,81,163,151
931,"2024-11-16",124,189,262,339,324
932,"2024-11-17",20,155,100,195,68
933,"2024-11-18",56,128,415,449,406
934,"2024-11-19",6,1,106,112,92
935,"2024-11-20",29,99,103,145,94
936,"2024-11-21",149,251,320,400,384
937,"2024-11-22",16,26,97,106,17
938,"2024-11-23",37,145,22,220,87
939,"2024-11-24",37,256,58,386,25
940,"2024-11-25",37,44,142,216,197
941,"2024-11-26",35,41,77,114,93
942,"2024-11-27",148,220,212,497,446
943,"2024-11-28",37,418,230,486,95
944,"2024-11-29",139,335,197,493,314
945,"2024-11-30",56,38,219,466,189
946,"2024-12-01",3,39,152,248,203
947,"2024-12-02",19,12,97,171,76
948,"2024-12-03",31,69,16,137,3
949,"2024-12-04",171,63,134,349,67
950,"2024-12-05",18,226,240,248,31
951,"2024-12-06",29,71,53,114,15
952,"2024-12-07",8,264,289,500,144
953,"2024-12-08",111,154,163,292,199
954,"2024-12-09",21,100,96,161,65
955,"2024-12-10",49,204,228,479,194
956,"2024-12-11",46,334,60,403,26
957,"2024-12-12",132,37,46,339,227
958,"2024-12-13",32,182,24,339,123
959,"2024-12-14",18,134,5,191,77
960,"2024-12-15",81,187,175,347,4
961,"2024-12-16",35,155,258,332,72
962,"2024-12-17",5,254,270,275,27
963,"2024-12-18",55,115,172,192,150
964,"2024-12-19",9,61,111,416,198
965,"2024-12-20",91,78,26,291,80
966,"2024-12-21",120,31,54,267,241
967,"2024-12-22",203,76,430,432,154
968,"2024-12-23",98,246,62,347,302
969,"2024-12-24",87,69,147,233,174
970,"2024-12-25",17,57,160,183,53
971,"2024-12-26",76,69,141,204,199
972,"2024-12-27",95,160,215,326,59
973,"2024-12-28",95,135,175,247,115
974,"2024-12-29",118,65,113,244,20
975,"2024-12-30",92,134,169,238,206
976,"2024-12-31",82,122,202,299,217
977,"2025-01-01",175,37,230,495,328
978,"2025-01-02",65,59,131,254,167
979,"2025-01-03",52,133,31,388,114
980,"2025-01-04",57,165,0,233,47
981,"2025-01-05",66,44,257,273,249
982,"2025-01-06",192,52,416,467,133
983,"2025-01-07",63,124,239,382,76
984,"2025-01-08",112,41,220,308,270
985,"2025-01-09",31,11,79,112,82
986,"2025-01-10",92,74,18,185,22
987,"2025-01-11",187,61,315,425,182
988,"2025-01-12",93,74,369,450,323
989,"2025-01-13",14,81,76,133,99
990,"2025-01-14",16,84,122,128,25
991,"2025-01-15",48,21,35,130,22
992,"2025-01-16",6,192,72,360,129
993,"2025-01-17",16,360,407,411,267
994,"2025-01-18",51,273,69,422,303
995,"2025-01-19",34,0,102,159,129
996,"2025-01-20",40,130,179,252,96
997,"2025-01-21",48,250,185,302,22
998,"2025-01-22",8,74,73,212,211
999,"2025-01-23",59,326,14,437,214
1000,"2025-01-24",55,76,64,131,117
1001,"2025-01-25",106,104,86,308,281
1002,"2025-01-26",45,68,45,117,14
1003,"2025-01-27",32,151,168,220,13
1004,"2025-01-28",43,22,35,119,72
1005,"2025-01-29",30,75,193,223,164
1006,"2025-01-30",177,38,316,445,436
1007,"2025-01-31",198,234,210,479,315
1008,"2025-02-01",49,67,248,320,179
1009,"2025-02-02",10,73,186,233,74
1010,"2025-02-03",59,132,206,232,163
1011,"2025-02-04",22,9,179,237,197
1012,"2025-02-05",32,111,224,295,195
1013,"2025-02-06",15,17,73,110,101
1014,"2025-02-07",161,266,323,499,120
1015,"2025-02-08",22,143,21,499,28
1016,"2025-02-09",70,293,311,396,117
1017,"2025-02-10",35,170,190,237,26
1018,"2025-02-11",187,218,195,488,192
1019,"2025-02-12",77,47,0,246,191
1020,"2025-02-13",79,79,196,357,131
1021,"2025-02-14",24,40,133,213,134
1022,"2025-02-15",27,67,22,256,199
1023,"2025-02-16",164,78,301,373,97
1024,"2025-02-17",24,144,193,272,137
1025,"2025-02-18",129,127,87,265,78
1026,"2025-02-19",134,87,181,298,128
1027,"2025-02-20",9,99,61,127,50
1028,"2025-02-21",187,221,259,458,298
1029,"2025-02-22",29,97,336,407,390
1030,"2025-02-23",133,47,172,290,3
1031,"2025-02-24",19,266,173,369,99
1032,"2025-02-25",9,263,109,284,245
1033,"2025-02-26",6,87,84,140,53
1034,"2025-02-27",124,28,20,319,285
1035,"2025-02-28",47,147,251,286,258
1036,"2025-03-01",48,13,153,265,228
1037,"2025-03-02",36,82,33,175,150
1038,"2025-03-03",123,11,212,375,106
1039,"2025-03-04",8,9,51,141,123
1040,"2025-03-05",33,80,1,134,84
1041,"2025-03-06",113,115,68,261,236
1042,"2025-03-07",67,122,234,412,86
1043,"2025-03-08",80,196,222,316,195
1044,"2025-03-09",79,67,55,483,248
1045,"2025-03-10",137,173,350,398,137
1046,"2025-03-11",63,35,126,131,103
1047,"2025-03-12",47,0,90,170,75
1048,"2025-03-13",171,42,371,478,359
1049,"2025-03-14",29,117,51,186,132
1050,"2025-03-15",38,3,62,166,87
1051,"2025-03-16",74,15,109,201,123
1052,"2025-03-17",74,91,144,204,22
1053,"2025-03-18",168,29,162,371,152
1054,"2025-03-19",8,163,121,224,184
1055,"2025-03-20",2,17,322,489,334
1056,"2025-03-21",37,215,229,323,30
1057,"2025-03-22",124,77,1,282,165
1058,"2025-03-23",75,46,252,257,40
1059,"2025-03-24",50,358,112,493,156
1060,"2025-03-25",18,141,5,205,18
1061,"2025-03-26",10,7,239,339,20
1062,"2025-03-27",111,75,393,487,81
1063,"2025-03-28",1,203,105,214,166
1064,"2025-03-29",70,4,126,146,65
1065,"2025-03-30",83,6,87,168,96
1066,"2025-03-31",83,76,155,187,114
1067,"2025-04-01",68,22,154,173,134
1068,"2025-04-02",79,13,235,344,101
1069,"2025-04-03",28,102,202,273,23
1070,"2025-04-04",122,191,159,491,207
1071,"2025-04-05",38,25,237,401,392
1072,"2025-04-06",165,72,159,359,74
1073,"2025-04-07",14,345,291,382,29
1074,"2025-04-08",114,57,63,283,52
1075,"2025-04-09",7,71,120,124,22
1076,"2025-04-10",100,118,127,241,173
1077,"2025-04-11",10,152,56,167,52
1078,"2025-04-12",44,16,62,129,68
1079,"2025-04-13",158,60,63,450,246
1080,"2025-04-14",71,15,196,278,277
1081,"2025-04-15",91,219,9,334,150
1082,"2025-04-16",95,87,30,272,236
1083,"2025-04-17",52,327,196,451,175
1084,"2025-04-18",57,37,25,124,40
1085,"2025-04-19",28,241,59,477,54
1086,"2025-04-20",113,103,49,302,8
1087,"2025-04-21",60,168,289,443,371
1088,"2025-04-22",95,99,19,243,127
1089,"2025-04-23",108,136,290,373,336
1090,"2025-04-24",144,262,58,420,339
1091,"2025-04-25",20,165,394,433,364
1092,"2025-04-26",162,100,46,380,260
1093,"2025-04-27",2,48,15,108,60
1094,"2025-04-28",52,58,26,140,56
1095,"2025-04-29",13,22,176,182,179
1096,"2025-04-30",39,12,56,169,121
1097,"2025-05-01",66,22,24,140,58
1098,"2025-05-02",190,259,329,487,243
1099,"2025-05-03",107,216,6,335,65
1100,"2025-05-04",20,101,337,400,290
1101,"2025-05-05",142,9,273,294,151
1102,"2025-05-06",108,68,204,228,93
1103,"2025-05-07",26,143,62,293,26
1104,"2025-05-08",175,125,445,483,62
1105,"2025-05-09",57,277,129,383,113
1106,"2025-05-10",54,58,34,129,109
1107,"2025-05-11",25,45,122,163,150
1108,"2025-05-12",13,200,238,331,54
1109,"2025-05-13",14,216,296,373,125
1110,"2025-05-14",1,152,53,246,28
1111,"2025-05-15",48,153,93,385,309
1112,"2025-05-16",36,4,103,109,42
1113,"2025-05-17",107,168,170,382,86
1114,"2025-05-18",136,63,211,279,226
1115,"2025-05-19",46,187,193,406,95
1116,"2025-05-20",29,90,5,145,31
1117,"2025-05-21",120,49,152,248,106
1118,"2025-05-22",19,179,98,312,196
1119,"2025-05-23",90,139,160,362,204
1120,"2025-05-24",20,57,67,207,99
1121,"2025-05-25",107,166,243,274,204
1122,"2025-05-26",72,23,37,424,387
1123,"2025-05-27",82,15,173,245,79
1124,"2025-05-28",90,45,134,231,126
1125,"2025-05-29",169,179,283,388,297
1126,"2025-05-30",72,84,81,174,116
1127,"2025-05-31",83,102,186,453,147
1128,"2025-06-01",187,181,143,499,484
1129,"2025-06-02",69,88,19,293,139
1130,"2025-06-03",9,191,305,415,378
1131,"2025-06-04",77,162,39,258,238
1132,"2025-06-05",57,10,58,224,11
1133,"2025-06-06",137,75,262,341,91
1134,"2025-06-07",72,37,52,187,172
1135,"2025-06-08",105,126,116,288,177
1136,"2025-06-09",41,175,50,496,264
1137,"2025-06-10",74,91,149,310,207
1138,"2025-06-11",120,299,170,427,79
1139,"2025-06-12",29,249,32,401,337
1140,"2025-06-13",26,184,32,289,273
1141,"2025-06-14",17,8,259,286,94
1142,"2025-06-15",30,135,113,168,110
1143,"2025-06-16",171,253,14,471,162
1144,"2025-06-17",31,24,74,134,68
1145,"2025-06-18",17,85,114,117,90
1146,"2025-06-19",166,177,157,362,137
1147,"2025-06-20",51,135,178,240,14
1148,"2025-06-21",49,38,131,180,101
1149,"2025-06-22",7,23,209,424,240
1150,"2025-06-23",52,50,65,357,139
1151,"2025-06-24",84,239,219,386,106
1152,"2025-06-25",1,219,132,349,149
1153,"2025-06-26",10,112,10,133,41
1154,"2025-06-27",30,20,344,478,131
1155,"2025-06-28",134,40,226,299,145
1156,"2025-06-29",28,84,118,128,9
1157,"2025-06-30",236,58,150,486,214
1158,"2025-07-01",15,17,39,223,12
1159,"2025-07-02",2,288,303,466,308
1160,"2025-07-03",166,37,48,375,306
1161,"2025-07-04",78,36,92,169,156
1162,"2025-07-05",41,218,243,312,229
1163,"2025-07-06",0,194,5,227,3
1164,"2025-07-07",88,75,181,307,95
1165,"2025-07-08",38,13,190,250,139
1166,"2025-07-09",56,145,182,334,140
1167,"2025-07-10",24,49,162,303,39
1168,"2025-07-11",49,38,193,487,473
1169,"2025-07-12",5,58,352,377,282
1170,"2025-07-13",46,161,274,372,362
1171,"2025-07-14",98,171,63,396,158
1172,"2025-07-15",7,143,164,313,118
1173,"2025-07-16",83,123,67,209,78
1174,"2025-07-17",108,109,13,365,213
1175,"2025-07-18",95,32,210,340,80
1176,"2025-07-19",78,55,56,321,142
1177,"2025-07-20",27,151,22,183,151
1178,"2025-07-21",49,62,257,296,114
1179,"2025-07-22",187,140,229,447,224
1180,"2025-07-23",178,204,386,431,211
1181,"2025-07-24",53,76,36,159,69
1182,"2025-07-25",74,206,87,318,18
1183,"2025-07-26",49,161,189,228,110
1184,"2025-07-27",153,34,242,353,262
1185,"2025-07-28",52,29,95,217,172
1186,"2025-07-29",97,133,185,278,256
1187,"2025-07-30",170,165,73,470,442
1188,"2025-07-31",51,93,258,418,156
1189,"2025-08-01",148,63,290,413,63
