"md_id","busi_time","reply_total","receive_cnt","handle_cnt","hot_line_handle_cnt","reply_on_time_cnt","chan_type"
1,"2022-05-01",152,605,282,223,42.0,1
2,"2022-05-01",523,568,294,215,514.0,2
3,"2022-05-02",315,696,216,282,170.0,1
4,"2022-05-02",812,831,199,309,262.0,2
5,"2022-05-03",374,718,99,574,315.0,1
6,"2022-05-03",745,912,74,395,431.0,2
7,"2022-05-04",224,425,195,173,192.0,1
8,"2022-05-04",257,469,50,147,222.0,2
9,"2022-05-05",15,343,95,88,6.0,1
10,"2022-05-05",144,203,76,78,104.0,2
11,"2022-05-06",553,805,335,350,185.0,1
12,"2022-05-06",276,290,114,161,20.0,2
13,"2022-05-07",142,240,75,25,92.0,1
14,"2022-05-07",36,729,285,268,4.0,2
15,"2022-05-08",162,781,401,104,44.0,1
16,"2022-05-08",273,674,182,460,94.0,2
17,"2022-05-09",139,322,107,105,102.0,1
18,"2022-05-09",72,540,209,71,44.0,2
19,"2022-05-10",630,693,44,124,573.0,1
20,"2022-05-10",599,832,307,372,378.0,2
21,"2022-05-11",185,417,1,34,109.0,1
22,"2022-05-11",415,687,313,302,326.0,2
23,"2022-05-12",89,531,3,400,29.0,1
24,"2022-05-12",267,374,76,270,47.0,2
25,"2022-05-13",432,440,203,45,254.0,1
26,"2022-05-13",53,680,196,195,20.0,2
27,"2022-05-14",10,459,2,282,5.0,1
28,"2022-05-14",778,973,268,416,304.0,2
29,"2022-05-15",59,884,114,35,50.0,1
30,"2022-05-15",204,256,130,117,98.0,2
31,"2022-05-16",360,390,141,46,8.0,1
32,"2022-05-16",57,970,97,682,19.0,2
33,"2022-05-17",90,620,346,145,11.0,1
34,"2022-05-17",346,883,176,68,213.0,2
35,"2022-05-18",169,797,94,225,96.0,1
36,"2022-05-18",476,664,140,375,460.0,2
37,"2022-05-19",234,539,58,317,89.0,1
38,"2022-05-19",337,686,347,57,116.0,2
39,"2022-05-20",609,876,286,161,159.0,1
40,"2022-05-20",703,778,350,287,445.0,2
41,"2022-05-21",899,936,522,278,787.0,1
42,"2022-05-21",234,504,37,292,178.0,2
43,"2022-05-22",92,273,8,211,87.0,1
44,"2022-05-22",130,351,178,58,11.0,2
45,"2022-05-23",227,233,129,102,173.0,1
46,"2022-05-23",54,339,74,41,39.0,2
47,"2022-05-24",41,604,37,102,8.0,1
48,"2022-05-24",299,489,214,273,48.0,2
49,"2022-05-25",148,734,5,478,102.0,1
50,"2022-05-25",243,984,218,193,123.0,2
51,"2022-05-26",38,970,395,477,36.0,1
52,"2022-05-26",266,421,8,288,37.0,2
53,"2022-05-27",278,309,152,98,91.0,1
54,"2022-05-27",616,869,139,508,27.0,2
55,"2022-05-28",97,299,12,132,60.0,1
56,"2022-05-28",424,855,188,268,219.0,2
57,"2022-05-29",622,826,221,150,617.0,1
58,"2022-05-29",304,462,255,202,48.0,2
59,"2022-05-30",324,399,110,246,185.0,1
60,"2022-05-30",116,202,55,114,103.0,2
61,"2022-05-31",157,373,149,51,99.0,1
62,"2022-05-31",3,399,5,239,2.0,2
63,"2022-06-01",237,764,422,273,38.0,1
64,"2022-06-01",380,388,220,10,270.0,2
65,"2022-06-02",814,824,153,62,279.0,1
66,"2022-06-02",351,421,44,55,94.0,2
67,"2022-06-03",470,920,505,263,435.0,1
68,"2022-06-03",238,967,328,299,43.0,2
69,"2022-06-04",201,294,139,66,120.0,1
70,"2022-06-04",808,937,208,405,388.0,2
71,"2022-06-05",189,534,56,199,36.0,1
72,"2022-06-05",441,449,43,49,164.0,2
73,"2022-06-06",67,217,93,110,42.0,1
74,"2022-06-06",797,826,449,220,694.0,2
75,"2022-06-07",144,254,88,99,95.0,1
76,"2022-06-07",914,930,275,64,875.0,2
77,"2022-06-08",771,852,271,250,323.0,1
78,"2022-06-08",318,620,201,300,244.0,2
79,"2022-06-09",204,556,207,34,67.0,1
80,"2022-06-09",43,366,186,58,28.0,2
81,"2022-06-10",40,545,19,332,19.0,1
82,"2022-06-10",314,579,63,504,148.0,2
83,"2022-06-11",315,454,208,56,22.0,1
84,"2022-06-11",764,874,426,392,217.0,2
85,"2022-06-12",215,222,91,11,158.0,1
86,"2022-06-12",654,870,436,94,105.0,2
87,"2022-06-13",325,648,211,402,241.0,1
88,"2022-06-13",356,453,55,155,107.0,2
89,"2022-06-14",537,587,321,31,228.0,1
90,"2022-06-14",286,339,104,18,148.0,2
91,"2022-06-15",155,542,83,219,120.0,1
92,"2022-06-15",203,236,35,130,79.0,2
93,"2022-06-16",443,878,171,458,292.0,1
94,"2022-06-16",418,649,330,233,76.0,2
95,"2022-06-17",268,933,70,278,51.0,1
96,"2022-06-17",135,995,142,24,90.0,2
97,"2022-06-18",369,541,291,38,72.0,1
98,"2022-06-18",328,595,291,71,124.0,2
99,"2022-06-19",511,643,111,424,465.0,1
100,"2022-06-19",387,460,256,165,365.0,2
101,"2022-06-20",52,561,176,356,19.0,1
102,"2022-06-20",51,296,100,161,34.0,2
103,"2022-06-21",605,921,316,525,111.0,1
104,"2022-06-21",353,383,20,159,284.0,2
105,"2022-06-22",700,838,418,239,421.0,1
106,"2022-06-22",226,493,82,92,174.0,2
107,"2022-06-23",122,392,119,178,95.0,1
108,"2022-06-23",186,985,470,497,52.0,2
109,"2022-06-24",274,454,142,61,11.0,1
110,"2022-06-24",401,839,271,271,335.0,2
111,"2022-06-25",250,420,171,37,156.0,1
112,"2022-06-25",30,869,195,464,24.0,2
113,"2022-06-26",111,355,211,129,0.0,1
114,"2022-06-26",61,703,175,90,49.0,2
115,"2022-06-27",289,611,252,246,36.0,1
116,"2022-06-27",231,310,11,129,53.0,2
117,"2022-06-28",29,408,137,270,6.0,1
118,"2022-06-28",418,826,303,149,369.0,2
119,"2022-06-29",546,801,188,500,200.0,1
120,"2022-06-29",553,704,126,322,266.0,2
121,"2022-06-30",419,763,45,99,383.0,1
122,"2022-06-30",83,277,52,110,4.0,2
123,"2022-07-01",562,596,299,19,319.0,1
124,"2022-07-01",80,947,248,380,51.0,2
125,"2022-07-02",188,447,117,191,177.0,1
126,"2022-07-02",209,414,91,25,33.0,2
127,"2022-07-03",844,847,37,434,840.0,1
128,"2022-07-03",269,318,127,150,4.0,2
129,"2022-07-04",629,971,362,153,621.0,1
130,"2022-07-04",534,562,290,36,63.0,2
131,"2022-07-05",685,860,176,225,16.0,1
132,"2022-07-05",200,787,470,245,105.0,2
133,"2022-07-06",324,822,357,114,91.0,1
134,"2022-07-06",183,939,124,757,92.0,2
135,"2022-07-07",367,390,222,140,195.0,1
136,"2022-07-07",453,577,39,431,149.0,2
137,"2022-07-08",662,953,380,269,283.0,1
138,"2022-07-08",111,776,393,209,110.0,2
139,"2022-07-09",15,447,81,240,11.0,1
140,"2022-07-09",459,823,401,414,125.0,2
141,"2022-07-10",36,448,38,53,10.0,1
142,"2022-07-10",181,250,36,36,175.0,2
143,"2022-07-11",692,981,249,649,133.0,1
144,"2022-07-11",226,715,336,329,104.0,2
145,"2022-07-12",108,259,33,24,22.0,1
146,"2022-07-12",858,974,448,51,331.0,2
147,"2022-07-13",167,855,99,408,77.0,1
148,"2022-07-13",412,928,455,360,264.0,2
149,"2022-07-14",149,200,83,44,58.0,1
150,"2022-07-14",66,971,382,546,18.0,2
151,"2022-07-15",189,227,81,43,37.0,1
152,"2022-07-15",235,290,154,58,183.0,2
153,"2022-07-16",77,280,18,53,30.0,1
154,"2022-07-16",694,730,360,52,387.0,2
155,"2022-07-17",167,655,317,269,166.0,1
156,"2022-07-17",95,256,117,138,46.0,2
157,"2022-07-18",160,465,146,297,127.0,1
158,"2022-07-18",313,357,167,125,292.0,2
159,"2022-07-19",468,704,213,94,305.0,1
160,"2022-07-19",170,772,173,327,49.0,2
161,"2022-07-20",1,329,49,33,1.0,1
162,"2022-07-20",212,654,370,111,208.0,2
163,"2022-07-21",105,532,61,129,31.0,1
164,"2022-07-21",156,206,42,95,154.0,2
165,"2022-07-22",388,563,55,200,380.0,1
166,"2022-07-22",311,394,208,131,155.0,2
167,"2022-07-23",125,813,206,34,48.0,1
168,"2022-07-23",99,263,6,173,98.0,2
169,"2022-07-24",47,455,203,103,12.0,1
170,"2022-07-24",129,392,136,199,100.0,2
171,"2022-07-25",171,226,125,93,125.0,1
172,"2022-07-25",410,422,85,259,257.0,2
173,"2022-07-26",114,423,95,225,41.0,1
174,"2022-07-26",71,564,33,62,29.0,2
175,"2022-07-27",145,300,105,165,83.0,1
176,"2022-07-27",558,925,307,563,144.0,2
177,"2022-07-28",116,692,57,249,85.0,1
178,"2022-07-28",85,307,35,73,25.0,2
179,"2022-07-29",110,372,125,154,67.0,1
180,"2022-07-29",728,854,105,341,702.0,2
181,"2022-07-30",116,418,169,237,114.0,1
182,"2022-07-30",108,588,199,148,82.0,2
183,"2022-07-31",742,836,70,259,691.0,1
184,"2022-07-31",680,771,276,81,457.0,2
185,"2022-08-01",242,628,280,32,135.0,1
186,"2022-08-01",26,821,436,18,24.0,2
187,"2022-08-02",101,671,317,164,75.0,1
188,"2022-08-02",117,251,21,53,16.0,2
189,"2022-08-03",208,331,4,231,111.0,1
190,"2022-08-03",753,807,71,582,725.0,2
191,"2022-08-04",166,919,289,557,26.0,1
192,"2022-08-04",47,294,60,162,45.0,2
193,"2022-08-05",214,460,42,92,193.0,1
194,"2022-08-05",484,594,209,256,428.0,2
195,"2022-08-06",145,227,19,177,103.0,1
196,"2022-08-06",76,321,143,44,72.0,2
197,"2022-08-07",578,660,174,207,507.0,1
198,"2022-08-07",315,719,12,366,269.0,2
199,"2022-08-08",27,271,131,20,8.0,1
200,"2022-08-08",29,414,18,35,14.0,2
201,"2022-08-09",920,984,506,90,56.0,1
202,"2022-08-09",681,847,252,145,337.0,2
203,"2022-08-10",316,703,302,158,297.0,1
204,"2022-08-10",119,487,250,80,65.0,2
205,"2022-08-11",271,881,148,688,19.0,1
206,"2022-08-11",9,381,190,188,0.0,2
207,"2022-08-12",272,729,291,3,41.0,1
208,"2022-08-12",190,771,436,176,108.0,2
209,"2022-08-13",35,325,86,170,0.0,1
210,"2022-08-13",345,413,164,205,293.0,2
211,"2022-08-14",184,394,95,24,106.0,1
212,"2022-08-14",684,820,422,66,274.0,2
213,"2022-08-15",474,630,139,153,322.0,1
214,"2022-08-15",49,281,118,137,32.0,2
215,"2022-08-16",847,907,272,534,431.0,1
216,"2022-08-16",31,690,182,392,9.0,2
217,"2022-08-17",426,459,251,23,86.0,1
218,"2022-08-17",19,327,145,157,12.0,2
219,"2022-08-18",511,673,204,291,188.0,1
220,"2022-08-18",126,549,154,197,52.0,2
221,"2022-08-19",387,947,367,218,311.0,1
222,"2022-08-19",229,270,15,224,110.0,2
223,"2022-08-20",277,284,61,130,192.0,1
224,"2022-08-20",150,394,167,67,66.0,2
225,"2022-08-21",303,425,69,123,146.0,1
226,"2022-08-21",359,385,86,29,141.0,2
227,"2022-08-22",492,814,51,597,94.0,1
228,"2022-08-22",9,577,215,19,1.0,2
229,"2022-08-23",177,704,295,406,110.0,1
230,"2022-08-23",513,822,121,264,71.0,2
231,"2022-08-24",359,398,12,46,17.0,1
232,"2022-08-24",441,506,249,243,366.0,2
233,"2022-08-25",190,417,48,254,5.0,1
234,"2022-08-25",688,869,343,224,176.0,2
235,"2022-08-26",373,399,230,86,149.0,1
236,"2022-08-26",355,366,108,8,195.0,2
237,"2022-08-27",205,231,37,15,187.0,1
238,"2022-08-27",557,916,220,66,354.0,2
239,"2022-08-28",118,733,308,68,19.0,1
240,"2022-08-28",186,442,251,114,166.0,2
241,"2022-08-29",332,432,79,182,110.0,1
242,"2022-08-29",273,489,49,260,268.0,2
243,"2022-08-30",26,551,22,359,15.0,1
244,"2022-08-30",153,336,7,205,101.0,2
245,"2022-08-31",16,598,204,325,0.0,1
246,"2022-08-31",127,959,100,567,42.0,2
247,"2022-09-01",48,939,544,292,29.0,1
248,"2022-09-01",148,251,133,31,69.0,2
249,"2022-09-02",372,989,149,50,287.0,1
250,"2022-09-02",278,301,10,258,61.0,2
251,"2022-09-03",215,233,39,149,182.0,1
252,"2022-09-03",100,253,109,7,60.0,2
253,"2022-09-04",20,558,106,447,13.0,1
254,"2022-09-04",284,482,61,300,244.0,2
255,"2022-09-05",200,222,75,43,47.0,1
256,"2022-09-05",209,620,288,271,48.0,2
257,"2022-09-06",114,968,86,97,112.0,1
258,"2022-09-06",382,389,87,113,8.0,2
259,"2022-09-07",497,860,305,361,234.0,1
260,"2022-09-07",7,360,141,141,1.0,2
261,"2022-09-08",781,784,72,503,645.0,1
262,"2022-09-08",49,942,362,101,36.0,2
263,"2022-09-09",198,955,74,618,41.0,1
264,"2022-09-09",370,769,100,623,9.0,2
265,"2022-09-10",203,278,17,84,189.0,1
266,"2022-09-10",112,297,94,63,110.0,2
267,"2022-09-11",343,554,126,178,206.0,1
268,"2022-09-11",246,458,221,175,63.0,2
269,"2022-09-12",634,701,157,162,62.0,1
270,"2022-09-12",770,894,318,377,597.0,2
271,"2022-09-13",21,428,127,72,7.0,1
272,"2022-09-13",223,600,113,116,214.0,2
273,"2022-09-14",216,259,113,51,205.0,1
274,"2022-09-14",596,983,292,607,373.0,2
275,"2022-09-15",254,263,69,165,27.0,1
276,"2022-09-15",140,309,88,173,61.0,2
277,"2022-09-16",437,937,427,14,155.0,1
278,"2022-09-16",460,703,174,16,390.0,2
279,"2022-09-17",247,257,52,159,174.0,1
280,"2022-09-17",92,417,156,177,43.0,2
281,"2022-09-18",159,222,56,89,18.0,1
282,"2022-09-18",241,258,67,64,104.0,2
283,"2022-09-19",400,688,378,257,326.0,1
284,"2022-09-19",71,371,92,107,26.0,2
285,"2022-09-20",280,990,398,354,24.0,1
286,"2022-09-20",442,941,196,350,274.0,2
287,"2022-09-21",473,748,52,362,3.0,1
288,"2022-09-21",168,254,23,224,111.0,2
289,"2022-09-22",166,560,204,176,42.0,1
290,"2022-09-22",128,211,27,38,85.0,2
291,"2022-09-23",201,525,274,52,17.0,1
292,"2022-09-23",439,510,201,247,361.0,2
293,"2022-09-24",346,430,31,46,100.0,1
294,"2022-09-24",220,425,27,225,32.0,2
295,"2022-09-25",41,289,141,31,11.0,1
296,"2022-09-25",299,554,199,99,44.0,2
297,"2022-09-26",422,897,436,152,384.0,1
298,"2022-09-26",55,589,86,112,45.0,2
299,"2022-09-27",188,691,93,570,123.0,1
300,"2022-09-27",634,868,371,43,588.0,2
301,"2022-09-28",690,813,185,566,136.0,1
302,"2022-09-28",260,837,442,96,143.0,2
303,"2022-09-29",149,225,17,162,38.0,1
304,"2022-09-29",100,203,115,2,54.0,2
305,"2022-09-30",500,803,204,428,371.0,1
306,"2022-09-30",124,494,159,73,9.0,2
307,"2022-10-01",461,499,286,207,326.0,1
308,"2022-10-01",156,982,204,418,6.0,2
309,"2022-10-02",565,876,284,508,355.0,1
310,"2022-10-02",828,962,562,12,424.0,2
311,"2022-10-03",507,530,57,447,114.0,1
312,"2022-10-03",29,444,187,160,5.0,2
313,"2022-10-04",729,927,538,47,403.0,1
314,"2022-10-04",237,259,53,199,58.0,2
315,"2022-10-05",467,634,99,120,354.0,1
316,"2022-10-05",348,587,341,81,167.0,2
317,"2022-10-06",612,904,108,374,244.0,1
318,"2022-10-06",627,818,1,211,495.0,2
319,"2022-10-07",452,581,172,3,296.0,1
320,"2022-10-07",331,748,244,91,6.0,2
321,"2022-10-08",71,556,319,113,46.0,1
322,"2022-10-08",166,732,248,455,61.0,2
323,"2022-10-09",67,332,106,189,54.0,1
324,"2022-10-09",214,508,204,285,192.0,2
325,"2022-10-10",518,667,114,250,362.0,1
326,"2022-10-10",199,250,5,184,107.0,2
327,"2022-10-11",560,673,206,102,475.0,1
328,"2022-10-11",231,602,258,41,63.0,2
329,"2022-10-12",277,313,124,93,121.0,1
330,"2022-10-12",476,751,32,558,202.0,2
331,"2022-10-13",205,229,24,38,108.0,1
332,"2022-10-13",266,376,31,6,142.0,2
333,"2022-10-14",138,429,101,176,28.0,1
334,"2022-10-14",570,742,150,296,309.0,2
335,"2022-10-15",639,643,363,182,449.0,1
336,"2022-10-15",596,680,233,50,435.0,2
337,"2022-10-16",741,828,206,241,555.0,1
338,"2022-10-16",308,546,122,246,266.0,2
339,"2022-10-17",102,209,29,124,62.0,1
340,"2022-10-17",117,202,30,24,28.0,2
341,"2022-10-18",387,899,296,479,353.0,1
342,"2022-10-18",262,269,136,119,231.0,2
343,"2022-10-19",313,585,72,175,36.0,1
344,"2022-10-19",370,869,445,266,120.0,2
345,"2022-10-20",187,755,258,331,54.0,1
346,"2022-10-20",602,741,215,239,54.0,2
347,"2022-10-21",261,572,316,196,176.0,1
348,"2022-10-21",30,536,160,154,8.0,2
349,"2022-10-22",77,275,119,87,12.0,1
350,"2022-10-22",632,811,447,72,479.0,2
351,"2022-10-23",482,942,165,67,23.0,1
352,"2022-10-23",445,550,315,109,82.0,2
353,"2022-10-24",267,727,225,151,47.0,1
354,"2022-10-24",155,496,75,86,145.0,2
355,"2022-10-25",287,473,76,160,162.0,1
356,"2022-10-25",16,310,121,167,13.0,2
357,"2022-10-26",355,652,347,179,143.0,1
358,"2022-10-26",220,265,30,131,57.0,2
359,"2022-10-27",465,810,356,73,437.0,1
360,"2022-10-27",243,429,157,58,9.0,2
361,"2022-10-28",229,276,104,31,154.0,1
362,"2022-10-28",307,649,333,197,125.0,2
363,"2022-10-29",493,620,134,9,50.0,1
364,"2022-10-29",743,832,331,107,60.0,2
365,"2022-10-30",379,885,241,640,159.0,1
366,"2022-10-30",25,997,300,194,9.0,2
367,"2022-10-31",476,536,158,15,93.0,1
368,"2022-10-31",353,455,29,168,272.0,2
369,"2022-11-01",340,636,162,173,256.0,1
370,"2022-11-01",368,393,107,6,64.0,2
371,"2022-11-02",290,648,174,387,195.0,1
372,"2022-11-02",275,313,22,53,35.0,2
373,"2022-11-03",240,826,309,285,189.0,1
374,"2022-11-03",164,221,123,48,141.0,2
375,"2022-11-04",345,763,179,185,106.0,1
376,"2022-11-04",338,958,90,732,151.0,2
377,"2022-11-05",79,394,149,24,6.0,1
378,"2022-11-05",515,789,472,276,132.0,2
379,"2022-11-06",208,996,342,359,164.0,1
380,"2022-11-06",107,524,223,1,50.0,2
381,"2022-11-07",21,313,121,30,7.0,1
382,"2022-11-07",175,278,19,10,105.0,2
383,"2022-11-08",703,966,137,150,565.0,1
384,"2022-11-08",143,238,115,60,6.0,2
385,"2022-11-09",515,697,117,459,248.0,1
386,"2022-11-09",113,473,9,311,32.0,2
387,"2022-11-10",501,742,396,281,275.0,1
388,"2022-11-10",261,723,66,172,238.0,2
389,"2022-11-11",797,862,157,464,706.0,1
390,"2022-11-11",246,354,27,198,91.0,2
391,"2022-11-12",15,539,123,276,12.0,1
392,"2022-11-12",343,365,87,140,98.0,2
393,"2022-11-13",369,395,27,109,306.0,1
394,"2022-11-13",174,377,204,113,81.0,2
395,"2022-11-14",437,519,8,190,408.0,1
396,"2022-11-14",267,454,205,60,191.0,2
397,"2022-11-15",510,578,340,4,198.0,1
398,"2022-11-15",388,751,422,198,85.0,2
399,"2022-11-16",56,383,88,273,43.0,1
400,"2022-11-16",211,241,131,39,83.0,2
401,"2022-11-17",190,722,175,328,153.0,1
402,"2022-11-17",116,1000,597,137,104.0,2
403,"2022-11-18",250,405,106,161,174.0,1
404,"2022-11-18",374,513,237,242,21.0,2
405,"2022-11-19",154,377,128,182,30.0,1
406,"2022-11-19",105,686,104,178,38.0,2
407,"2022-11-20",108,871,320,397,47.0,1
408,"2022-11-20",94,795,239,67,59.0,2
409,"2022-11-21",116,802,293,402,31.0,1
410,"2022-11-21",168,355,182,89,19.0,2
411,"2022-11-22",797,999,158,609,106.0,1
412,"2022-11-22",264,364,169,93,63.0,2
413,"2022-11-23",240,626,19,279,77.0,1
414,"2022-11-23",75,285,13,51,69.0,2
415,"2022-11-24",107,365,102,207,65.0,1
416,"2022-11-24",131,384,60,133,48.0,2
417,"2022-11-25",96,429,152,118,69.0,1
418,"2022-11-25",489,771,326,201,370.0,2
419,"2022-11-26",44,957,308,504,32.0,1
420,"2022-11-26",46,771,75,551,15.0,2
421,"2022-11-27",128,352,88,256,15.0,1
422,"2022-11-27",308,652,279,44,282.0,2
423,"2022-11-28",133,263,92,126,118.0,1
424,"2022-11-28",500,908,189,581,30.0,2
425,"2022-11-29",53,489,220,202,52.0,1
426,"2022-11-29",577,977,240,628,178.0,2
427,"2022-11-30",290,892,143,164,236.0,1
428,"2022-11-30",157,353,57,195,137.0,2
429,"2022-12-01",31,403,25,0,23.0,1
430,"2022-12-01",38,954,461,318,37.0,2
431,"2022-12-02",485,778,421,245,423.0,1
432,"2022-12-02",866,885,421,281,571.0,2
433,"2022-12-03",232,622,122,404,9.0,1
434,"2022-12-03",193,389,178,172,144.0,2
435,"2022-12-04",34,370,205,91,26.0,1
436,"2022-12-04",681,704,94,135,152.0,2
437,"2022-12-05",836,978,465,510,101.0,1
438,"2022-12-05",17,909,127,455,1.0,2
439,"2022-12-06",730,747,351,14,118.0,1
440,"2022-12-06",133,231,99,20,95.0,2
441,"2022-12-07",301,423,6,72,3.0,1
442,"2022-12-07",10,223,32,47,2.0,2
443,"2022-12-08",131,243,86,133,72.0,1
444,"2022-12-08",388,677,88,579,388.0,2
445,"2022-12-09",428,629,65,195,339.0,1
446,"2022-12-09",315,772,161,69,100.0,2
447,"2022-12-10",8,754,201,0,7.0,1
448,"2022-12-10",170,323,62,126,34.0,2
449,"2022-12-11",164,700,350,4,56.0,1
450,"2022-12-11",402,549,50,10,374.0,2
451,"2022-12-12",4,495,188,159,4.0,1
452,"2022-12-12",90,576,138,128,63.0,2
453,"2022-12-13",210,237,8,143,170.0,1
454,"2022-12-13",773,911,486,24,134.0,2
455,"2022-12-14",637,722,187,300,58.0,1
456,"2022-12-14",316,406,88,131,123.0,2
457,"2022-12-15",313,974,95,277,199.0,1
458,"2022-12-15",340,823,52,578,185.0,2
459,"2022-12-16",240,516,244,200,66.0,1
460,"2022-12-16",605,837,131,572,573.0,2
461,"2022-12-17",7,864,315,495,3.0,1
462,"2022-12-17",423,490,114,70,358.0,2
463,"2022-12-18",471,652,201,429,417.0,1
464,"2022-12-18",260,622,368,115,235.0,2
465,"2022-12-19",121,289,79,74,102.0,1
466,"2022-12-19",73,809,29,65,30.0,2
467,"2022-12-20",289,381,149,204,92.0,1
468,"2022-12-20",135,736,390,308,98.0,2
469,"2022-12-21",329,714,405,272,219.0,1
470,"2022-12-21",393,762,89,648,34.0,2
471,"2022-12-22",107,328,111,1,22.0,1
472,"2022-12-22",308,599,118,158,47.0,2
473,"2022-12-23",184,432,73,149,109.0,1
474,"2022-12-23",249,292,11,20,96.0,2
475,"2022-12-24",497,522,61,279,341.0,1
476,"2022-12-24",505,978,260,318,203.0,2
477,"2022-12-25",178,913,195,330,91.0,1
478,"2022-12-25",131,544,157,49,103.0,2
479,"2022-12-26",631,711,269,136,359.0,1
480,"2022-12-26",698,902,441,395,636.0,2
481,"2022-12-27",368,958,3,298,331.0,1
482,"2022-12-27",108,680,375,218,40.0,2
483,"2022-12-28",402,798,57,10,180.0,1
484,"2022-12-28",172,213,100,96,2.0,2
485,"2022-12-29",131,721,276,67,28.0,1
486,"2022-12-29",91,251,104,79,6.0,2
487,"2022-12-30",134,681,241,267,13.0,1
488,"2022-12-30",150,246,130,17,91.0,2
489,"2022-12-31",79,802,267,69,30.0,1
490,"2022-12-31",189,232,74,55,94.0,2
491,"2023-01-01",40,364,79,230,35.0,1
492,"2023-01-01",57,266,48,198,51.0,2
493,"2023-01-02",32,535,103,290,3.0,1
494,"2023-01-02",102,491,27,171,67.0,2
495,"2023-01-03",45,260,84,72,12.0,1
496,"2023-01-03",588,771,100,478,175.0,2
497,"2023-01-04",106,285,157,17,8.0,1
498,"2023-01-04",88,667,170,160,6.0,2
499,"2023-01-05",101,698,270,221,58.0,1
500,"2023-01-05",163,850,367,181,147.0,2
501,"2023-01-06",178,413,27,265,54.0,1
502,"2023-01-06",437,615,229,124,206.0,2
503,"2023-01-07",103,559,162,318,15.0,1
504,"2023-01-07",277,897,214,348,150.0,2
505,"2023-01-08",253,844,245,578,72.0,1
506,"2023-01-08",416,779,178,418,223.0,2
507,"2023-01-09",580,633,196,46,38.0,1
508,"2023-01-09",335,515,55,67,6.0,2
509,"2023-01-10",831,955,359,289,254.0,1
510,"2023-01-10",474,749,28,55,400.0,2
511,"2023-01-11",167,377,20,136,124.0,1
512,"2023-01-11",742,809,367,373,607.0,2
513,"2023-01-12",206,663,135,170,200.0,1
514,"2023-01-12",704,728,231,170,431.0,2
515,"2023-01-13",19,608,227,56,0.0,1
516,"2023-01-13",952,952,374,161,309.0,2
517,"2023-01-14",294,620,43,19,52.0,1
518,"2023-01-14",17,411,202,143,11.0,2
519,"2023-01-15",706,791,335,12,608.0,1
520,"2023-01-15",733,911,112,215,178.0,2
521,"2023-01-16",282,719,280,134,60.0,1
522,"2023-01-16",790,963,501,135,235.0,2
523,"2023-01-17",495,549,6,492,382.0,1
524,"2023-01-17",23,329,191,85,22.0,2
525,"2023-01-18",149,201,25,127,19.0,1
526,"2023-01-18",232,363,136,55,39.0,2
527,"2023-01-19",264,493,30,46,21.0,1
528,"2023-01-19",326,676,67,327,87.0,2
529,"2023-01-20",853,972,273,619,568.0,1
530,"2023-01-20",442,810,392,301,122.0,2
531,"2023-01-21",584,875,503,56,356.0,1
532,"2023-01-21",301,311,182,7,19.0,2
533,"2023-01-22",219,873,368,20,98.0,1
534,"2023-01-22",186,777,19,577,130.0,2
535,"2023-01-23",4,364,129,116,3.0,1
536,"2023-01-23",231,430,115,168,82.0,2
537,"2023-01-24",775,890,492,61,583.0,1
538,"2023-01-24",294,693,227,415,292.0,2
539,"2023-01-25",347,356,169,92,85.0,1
540,"2023-01-25",256,265,157,17,25.0,2
541,"2023-01-26",310,574,253,225,170.0,1
542,"2023-01-26",689,695,385,9,241.0,2
543,"2023-01-27",439,449,249,138,57.0,1
544,"2023-01-27",591,934,242,458,207.0,2
545,"2023-01-28",479,899,132,630,454.0,1
546,"2023-01-28",53,773,350,262,52.0,2
547,"2023-01-29",1,317,87,130,1.0,1
548,"2023-01-29",519,558,138,80,120.0,2
549,"2023-01-30",211,507,155,251,88.0,1
550,"2023-01-30",230,792,121,596,230.0,2
551,"2023-01-31",96,834,253,117,89.0,1
552,"2023-01-31",515,620,1,188,298.0,2
553,"2023-02-01",419,529,237,199,100.0,1
554,"2023-02-01",221,813,161,214,16.0,2
555,"2023-02-02",90,671,150,148,19.0,1
556,"2023-02-02",27,223,111,70,0.0,2
557,"2023-02-03",204,856,143,258,102.0,1
558,"2023-02-03",461,963,150,122,15.0,2
559,"2023-02-04",19,766,147,24,8.0,1
560,"2023-02-04",431,532,144,154,384.0,2
561,"2023-02-05",8,727,53,270,4.0,1
562,"2023-02-05",45,462,60,50,19.0,2
563,"2023-02-06",434,464,210,198,201.0,1
564,"2023-02-06",350,408,23,362,200.0,2
565,"2023-02-07",405,734,238,321,349.0,1
566,"2023-02-07",332,684,264,130,224.0,2
567,"2023-02-08",167,942,426,491,98.0,1
568,"2023-02-08",132,302,8,0,82.0,2
569,"2023-02-09",202,730,13,254,200.0,1
570,"2023-02-09",134,876,2,686,104.0,2
571,"2023-02-10",84,207,91,70,24.0,1
572,"2023-02-10",103,282,161,75,83.0,2
573,"2023-02-11",476,928,220,358,91.0,1
574,"2023-02-11",425,491,261,13,85.0,2
575,"2023-02-12",76,598,54,382,6.0,1
576,"2023-02-12",640,736,143,414,68.0,2
577,"2023-02-13",30,227,125,9,24.0,1
578,"2023-02-13",146,429,109,162,10.0,2
579,"2023-02-14",113,410,157,86,66.0,1
580,"2023-02-14",429,451,48,294,222.0,2
581,"2023-02-15",241,788,359,309,113.0,1
582,"2023-02-15",451,873,164,682,135.0,2
583,"2023-02-16",177,386,41,0,94.0,1
584,"2023-02-16",385,917,354,531,40.0,2
585,"2023-02-17",285,715,332,182,238.0,1
586,"2023-02-17",58,632,314,298,8.0,2
587,"2023-02-18",132,205,23,90,70.0,1
588,"2023-02-18",2,340,174,35,2.0,2
589,"2023-02-19",31,979,449,294,19.0,1
590,"2023-02-19",76,931,221,15,58.0,2
591,"2023-02-20",21,214,2,111,15.0,1
592,"2023-02-20",156,280,137,49,87.0,2
593,"2023-02-21",223,790,278,238,220.0,1
594,"2023-02-21",222,337,98,220,100.0,2
595,"2023-02-22",136,754,143,203,3.0,1
596,"2023-02-22",190,334,179,84,117.0,2
597,"2023-02-23",125,796,224,259,14.0,1
598,"2023-02-23",195,231,133,46,75.0,2
599,"2023-02-24",176,291,93,17,116.0,1
600,"2023-02-24",104,585,301,153,22.0,2
601,"2023-02-25",55,409,93,183,44.0,1
602,"2023-02-25",362,457,17,163,115.0,2
603,"2023-02-26",164,444,150,191,2.0,1
604,"2023-02-26",165,222,28,64,101.0,2
605,"2023-02-27",187,346,116,120,55.0,1
606,"2023-02-27",60,360,135,21,59.0,2
607,"2023-02-28",159,687,115,524,39.0,1
608,"2023-02-28",127,989,17,107,50.0,2
609,"2023-03-01",303,790,418,305,302.0,1
610,"2023-03-01",481,599,126,17,385.0,2
611,"2023-03-02",910,972,545,93,590.0,1
612,"2023-03-02",127,374,46,265,8.0,2
613,"2023-03-03",877,949,287,458,138.0,1
614,"2023-03-03",317,709,323,300,284.0,2
615,"2023-03-04",221,458,227,150,104.0,1
616,"2023-03-04",695,953,52,350,377.0,2
617,"2023-03-05",63,736,72,162,48.0,1
618,"2023-03-05",169,282,96,105,43.0,2
619,"2023-03-06",948,959,269,290,349.0,1
620,"2023-03-06",340,780,449,176,198.0,2
621,"2023-03-07",299,299,74,189,225.0,1
622,"2023-03-07",39,570,40,272,34.0,2
623,"2023-03-08",718,850,186,70,643.0,1
624,"2023-03-08",86,386,204,8,83.0,2
625,"2023-03-09",22,334,30,288,5.0,1
626,"2023-03-09",91,391,39,317,70.0,2
627,"2023-03-10",424,603,299,54,373.0,1
628,"2023-03-10",3,276,18,14,0.0,2
629,"2023-03-11",939,944,234,476,916.0,1
630,"2023-03-11",68,342,90,105,39.0,2
631,"2023-03-12",95,493,3,111,77.0,1
632,"2023-03-12",196,401,200,179,65.0,2
633,"2023-03-13",371,569,155,142,191.0,1
634,"2023-03-13",451,787,77,301,178.0,2
635,"2023-03-14",319,335,15,221,192.0,1
636,"2023-03-14",302,481,275,67,98.0,2
637,"2023-03-15",719,808,193,9,234.0,1
638,"2023-03-15",332,547,50,284,16.0,2
639,"2023-03-16",65,647,190,248,45.0,1
640,"2023-03-16",118,332,79,171,24.0,2
641,"2023-03-17",346,857,110,231,129.0,1
642,"2023-03-17",252,896,37,635,214.0,2
643,"2023-03-18",727,904,412,312,420.0,1
644,"2023-03-18",261,531,191,294,157.0,2
645,"2023-03-19",71,347,48,8,30.0,1
646,"2023-03-19",49,846,493,48,23.0,2
647,"2023-03-20",468,883,92,689,289.0,1
648,"2023-03-20",144,357,44,252,112.0,2
649,"2023-03-21",865,979,341,282,528.0,1
650,"2023-03-21",265,543,297,221,233.0,2
651,"2023-03-22",46,323,44,272,31.0,1
652,"2023-03-22",50,214,43,10,17.0,2
653,"2023-03-23",314,861,212,124,55.0,1
654,"2023-03-23",8,483,109,29,6.0,2
655,"2023-03-24",813,994,236,709,236.0,1
656,"2023-03-24",213,961,463,15,124.0,2
657,"2023-03-25",313,926,282,449,6.0,1
658,"2023-03-25",119,374,221,46,90.0,2
659,"2023-03-26",420,468,185,241,248.0,1
660,"2023-03-26",180,221,7,135,2.0,2
661,"2023-03-27",118,983,104,581,17.0,1
662,"2023-03-27",338,468,63,52,62.0,2
663,"2023-03-28",316,432,212,128,24.0,1
664,"2023-03-28",634,775,281,357,284.0,2
665,"2023-03-29",18,872,325,332,14.0,1
666,"2023-03-29",391,415,246,129,180.0,2
667,"2023-03-30",452,936,134,199,308.0,1
668,"2023-03-30",106,690,39,199,48.0,2
669,"2023-03-31",508,566,14,232,149.0,1
670,"2023-03-31",139,932,256,630,120.0,2
671,"2023-04-01",265,468,249,122,30.0,1
672,"2023-04-01",51,327,3,141,12.0,2
673,"2023-04-02",118,365,102,57,19.0,1
674,"2023-04-02",84,866,240,269,13.0,2
675,"2023-04-03",426,725,247,333,320.0,1
676,"2023-04-03",254,257,96,98,112.0,2
677,"2023-04-04",571,712,413,21,289.0,1
678,"2023-04-04",5,306,69,192,1.0,2
679,"2023-04-05",106,963,141,44,37.0,1
680,"2023-04-05",18,340,139,187,18.0,2
681,"2023-04-06",614,860,401,80,434.0,1
682,"2023-04-06",350,492,119,357,337.0,2
683,"2023-04-07",164,218,126,73,143.0,1
684,"2023-04-07",327,580,153,77,25.0,2
685,"2023-04-08",380,474,205,94,224.0,1
686,"2023-04-08",77,421,10,278,47.0,2
687,"2023-04-09",216,369,14,200,151.0,1
688,"2023-04-09",461,473,46,177,31.0,2
689,"2023-04-10",18,267,120,0,7.0,1
690,"2023-04-10",228,239,84,96,22.0,2
691,"2023-04-11",7,507,53,326,7.0,1
692,"2023-04-11",350,447,107,288,227.0,2
693,"2023-04-12",684,692,14,596,260.0,1
694,"2023-04-12",123,348,23,323,21.0,2
695,"2023-04-13",47,214,90,100,8.0,1
696,"2023-04-13",179,447,39,234,111.0,2
697,"2023-04-14",374,985,256,556,324.0,1
698,"2023-04-14",570,668,138,140,282.0,2
699,"2023-04-15",352,545,221,42,252.0,1
700,"2023-04-15",63,315,146,117,41.0,2
701,"2023-04-16",564,670,5,439,71.0,1
702,"2023-04-16",454,541,33,445,144.0,2
703,"2023-04-17",61,420,181,32,3.0,1
704,"2023-04-17",35,211,84,66,19.0,2
705,"2023-04-18",719,940,2,224,345.0,1
706,"2023-04-18",123,202,36,21,22.0,2
707,"2023-04-19",295,688,313,117,9.0,1
708,"2023-04-19",18,466,40,185,13.0,2
709,"2023-04-20",813,873,281,5,453.0,1
710,"2023-04-20",148,592,241,214,30.0,2
711,"2023-04-21",168,594,98,204,6.0,1
712,"2023-04-21",685,897,307,139,301.0,2
713,"2023-04-22",754,756,408,121,494.0,1
714,"2023-04-22",213,471,136,85,119.0,2
715,"2023-04-23",337,363,42,37,328.0,1
716,"2023-04-23",387,420,211,163,386.0,2
717,"2023-04-24",19,799,233,507,0.0,1
718,"2023-04-24",157,738,143,492,49.0,2
719,"2023-04-25",210,290,145,131,209.0,1
720,"2023-04-25",422,555,118,345,54.0,2
721,"2023-04-26",302,869,336,296,250.0,1
722,"2023-04-26",6,211,119,46,6.0,2
723,"2023-04-27",826,934,438,487,556.0,1
724,"2023-04-27",15,525,50,364,7.0,2
725,"2023-04-28",424,939,443,94,139.0,1
726,"2023-04-28",38,560,116,132,32.0,2
727,"2023-04-29",289,575,208,181,88.0,1
728,"2023-04-29",178,944,492,212,48.0,2
729,"2023-04-30",288,475,65,143,36.0,1
730,"2023-04-30",198,757,363,77,170.0,2
731,"2023-05-01",359,850,34,13,35.0,1
732,"2023-05-01",46,885,388,153,23.0,2
733,"2023-05-02",203,359,151,107,66.0,1
734,"2023-05-02",506,999,294,183,45.0,2
735,"2023-05-03",564,787,293,219,12.0,1
736,"2023-05-03",567,851,217,54,72.0,2
737,"2023-05-04",205,234,115,2,150.0,1
738,"2023-05-04",425,921,65,506,412.0,2
739,"2023-05-05",94,684,76,90,17.0,1
740,"2023-05-05",96,605,46,229,9.0,2
741,"2023-05-06",12,991,436,317,4.0,1
742,"2023-05-06",516,989,80,738,402.0,2
743,"2023-05-07",255,697,255,291,188.0,1
744,"2023-05-07",101,288,33,143,101.0,2
745,"2023-05-08",22,286,119,38,17.0,1
746,"2023-05-08",520,664,194,310,405.0,2
747,"2023-05-09",31,538,164,120,10.0,1
748,"2023-05-09",5,549,266,38,1.0,2
749,"2023-05-10",185,793,370,361,183.0,1
750,"2023-05-10",27,220,102,105,16.0,2
751,"2023-05-11",412,807,431,67,220.0,1
752,"2023-05-11",159,993,549,333,132.0,2
753,"2023-05-12",131,887,160,522,81.0,1
754,"2023-05-12",502,788,96,115,500.0,2
755,"2023-05-13",740,851,500,257,669.0,1
756,"2023-05-13",17,360,204,22,16.0,2
757,"2023-05-14",467,744,277,395,376.0,1
758,"2023-05-14",354,566,331,230,160.0,2
759,"2023-05-15",193,349,43,82,84.0,1
760,"2023-05-15",347,846,71,224,129.0,2
761,"2023-05-16",166,330,189,39,22.0,1
762,"2023-05-16",451,959,172,299,350.0,2
763,"2023-05-17",228,692,337,44,189.0,1
764,"2023-05-17",805,821,48,87,756.0,2
765,"2023-05-18",19,696,326,20,10.0,1
766,"2023-05-18",264,397,171,216,135.0,2
767,"2023-05-19",162,842,488,316,97.0,1
768,"2023-05-19",144,402,28,197,135.0,2
769,"2023-05-20",35,292,138,70,20.0,1
770,"2023-05-20",480,591,115,33,330.0,2
771,"2023-05-21",488,713,94,51,322.0,1
772,"2023-05-21",235,238,11,195,7.0,2
773,"2023-05-22",489,853,55,279,120.0,1
774,"2023-05-22",19,257,78,27,5.0,2
775,"2023-05-23",301,630,54,216,108.0,1
776,"2023-05-23",549,753,352,178,58.0,2
777,"2023-05-24",79,729,117,130,26.0,1
778,"2023-05-24",380,718,394,3,264.0,2
779,"2023-05-25",269,734,143,328,20.0,1
780,"2023-05-25",449,990,50,620,300.0,2
781,"2023-05-26",187,247,94,25,95.0,1
782,"2023-05-26",387,419,152,40,289.0,2
783,"2023-05-27",8,702,303,315,3.0,1
784,"2023-05-27",137,979,224,389,94.0,2
785,"2023-05-28",128,357,139,41,102.0,1
786,"2023-05-28",191,759,59,159,169.0,2
787,"2023-05-29",533,787,445,188,70.0,1
788,"2023-05-29",144,256,58,133,7.0,2
789,"2023-05-30",673,674,215,282,494.0,1
790,"2023-05-30",450,761,56,329,168.0,2
791,"2023-05-31",314,691,230,278,79.0,1
792,"2023-05-31",220,415,183,217,137.0,2
793,"2023-06-01",118,861,158,202,29.0,1
794,"2023-06-01",485,619,22,378,422.0,2
795,"2023-06-02",389,736,274,431,247.0,1
796,"2023-06-02",98,309,4,172,83.0,2
797,"2023-06-03",108,382,34,218,26.0,1
798,"2023-06-03",410,884,230,227,304.0,2
799,"2023-06-04",432,443,115,121,270.0,1
800,"2023-06-04",119,206,15,63,74.0,2
801,"2023-06-05",249,428,215,160,39.0,1
802,"2023-06-05",359,531,186,270,143.0,2
803,"2023-06-06",389,593,17,252,82.0,1
804,"2023-06-06",187,816,420,162,146.0,2
805,"2023-06-07",360,563,88,460,73.0,1
806,"2023-06-07",170,225,63,24,130.0,2
807,"2023-06-08",514,630,299,159,366.0,1
808,"2023-06-08",340,411,177,30,232.0,2
809,"2023-06-09",471,611,286,214,384.0,1
810,"2023-06-09",198,498,284,91,9.0,2
811,"2023-06-10",129,280,95,106,68.0,1
812,"2023-06-10",799,956,357,449,79.0,2
813,"2023-06-11",353,805,407,362,189.0,1
814,"2023-06-11",275,800,470,197,97.0,2
815,"2023-06-12",249,283,35,125,84.0,1
816,"2023-06-12",112,291,12,259,11.0,2
817,"2023-06-13",788,869,151,468,241.0,1
818,"2023-06-13",366,388,218,91,121.0,2
819,"2023-06-14",341,417,147,47,121.0,1
820,"2023-06-14",434,512,296,25,328.0,2
821,"2023-06-15",234,690,230,162,56.0,1
822,"2023-06-15",387,835,497,12,38.0,2
823,"2023-06-16",248,379,42,320,189.0,1
824,"2023-06-16",345,672,78,426,282.0,2
825,"2023-06-17",566,743,57,71,396.0,1
826,"2023-06-17",492,521,171,198,154.0,2
827,"2023-06-18",494,588,22,150,355.0,1
828,"2023-06-18",258,415,244,48,57.0,2
829,"2023-06-19",565,861,396,458,229.0,1
830,"2023-06-19",560,804,145,281,32.0,2
831,"2023-06-20",175,278,40,197,74.0,1
832,"2023-06-20",439,672,254,8,326.0,2
833,"2023-06-21",383,616,331,196,334.0,1
834,"2023-06-21",333,855,191,80,168.0,2
835,"2023-06-22",131,392,136,135,43.0,1
836,"2023-06-22",544,951,392,32,351.0,2
837,"2023-06-23",87,754,448,230,9.0,1
838,"2023-06-23",1,277,39,42,0.0,2
839,"2023-06-24",410,528,160,135,87.0,1
840,"2023-06-24",466,651,167,453,191.0,2
841,"2023-06-25",581,625,46,324,87.0,1
842,"2023-06-25",547,837,121,5,217.0,2
843,"2023-06-26",536,781,464,80,11.0,1
844,"2023-06-26",130,361,165,56,115.0,2
845,"2023-06-27",103,636,100,260,60.0,1
846,"2023-06-27",602,811,460,198,321.0,2
847,"2023-06-28",37,849,212,335,12.0,1
848,"2023-06-28",149,277,4,45,122.0,2
849,"2023-06-29",41,261,84,46,33.0,1
850,"2023-06-29",401,827,279,138,246.0,2
851,"2023-06-30",139,821,66,19,85.0,1
852,"2023-06-30",322,577,45,353,29.0,2
853,"2023-07-01",805,944,290,484,175.0,1
854,"2023-07-01",207,246,97,128,158.0,2
855,"2023-07-02",146,318,169,116,72.0,1
856,"2023-07-02",173,221,29,9,53.0,2
857,"2023-07-03",267,915,520,219,39.0,1
858,"2023-07-03",362,983,390,241,275.0,2
859,"2023-07-04",15,464,111,139,10.0,1
860,"2023-07-04",255,790,329,204,175.0,2
861,"2023-07-05",112,424,254,41,66.0,1
862,"2023-07-05",718,879,188,537,436.0,2
863,"2023-07-06",205,530,302,83,188.0,1
864,"2023-07-06",577,752,367,101,255.0,2
865,"2023-07-07",450,666,125,164,240.0,1
866,"2023-07-07",56,293,68,29,28.0,2
867,"2023-07-08",2,525,254,108,1.0,1
868,"2023-07-08",157,936,542,181,96.0,2
869,"2023-07-09",649,878,422,408,478.0,1
870,"2023-07-09",200,326,53,220,36.0,2
871,"2023-07-10",222,734,283,234,136.0,1
872,"2023-07-10",3,278,84,22,0.0,2
873,"2023-07-11",109,320,48,79,67.0,1
874,"2023-07-11",173,446,13,20,65.0,2
875,"2023-07-12",45,946,225,345,44.0,1
876,"2023-07-12",110,438,234,186,29.0,2
877,"2023-07-13",186,294,1,270,73.0,1
878,"2023-07-13",435,722,104,547,162.0,2
879,"2023-07-14",89,744,390,346,60.0,1
880,"2023-07-14",201,254,112,112,195.0,2
881,"2023-07-15",520,608,137,462,121.0,1
882,"2023-07-15",52,202,14,139,12.0,2
883,"2023-07-16",123,861,90,590,93.0,1
884,"2023-07-16",120,357,194,31,32.0,2
885,"2023-07-17",515,987,442,436,368.0,1
886,"2023-07-17",216,512,199,4,184.0,2
887,"2023-07-18",368,396,160,103,306.0,1
888,"2023-07-18",24,344,159,120,17.0,2
889,"2023-07-19",381,461,232,198,166.0,1
890,"2023-07-19",501,866,496,137,311.0,2
891,"2023-07-20",186,246,21,67,60.0,1
892,"2023-07-20",212,245,34,37,168.0,2
893,"2023-07-21",834,891,465,162,351.0,1
894,"2023-07-21",9,345,203,113,3.0,2
895,"2023-07-22",141,543,154,29,45.0,1
896,"2023-07-22",49,908,443,17,15.0,2
897,"2023-07-23",13,213,103,73,6.0,1
898,"2023-07-23",849,947,524,129,812.0,2
899,"2023-07-24",391,420,112,155,113.0,1
900,"2023-07-24",293,628,285,149,26.0,2
901,"2023-07-25",307,333,104,224,285.0,1
902,"2023-07-25",526,592,234,311,64.0,2
903,"2023-07-26",333,393,184,36,317.0,1
904,"2023-07-26",463,597,215,53,80.0,2
905,"2023-07-27",168,213,29,94,155.0,1
906,"2023-07-27",25,575,79,268,11.0,2
907,"2023-07-28",452,942,564,18,446.0,1
908,"2023-07-28",299,930,258,278,116.0,2
909,"2023-07-29",661,854,238,257,587.0,1
910,"2023-07-29",354,644,56,266,51.0,2
911,"2023-07-30",97,831,494,324,35.0,1
912,"2023-07-30",501,535,148,285,385.0,2
913,"2023-07-31",560,908,107,227,169.0,1
914,"2023-07-31",337,793,90,405,254.0,2
915,"2023-08-01",94,668,263,392,42.0,1
916,"2023-08-01",288,679,39,406,112.0,2
917,"2023-08-02",349,739,433,287,173.0,1
918,"2023-08-02",94,288,60,186,32.0,2
919,"2023-08-03",222,266,128,63,175.0,1
920,"2023-08-03",124,307,23,108,91.0,2
921,"2023-08-04",96,503,191,116,57.0,1
922,"2023-08-04",710,812,374,325,389.0,2
923,"2023-08-05",89,673,46,438,10.0,1
924,"2023-08-05",161,739,119,315,95.0,2
925,"2023-08-06",66,605,86,31,13.0,1
926,"2023-08-06",278,407,62,129,7.0,2
927,"2023-08-07",203,239,112,10,64.0,1
928,"2023-08-07",155,753,331,361,63.0,2
929,"2023-08-08",133,567,105,116,60.0,1
930,"2023-08-08",501,601,2,471,372.0,2
931,"2023-08-09",245,653,373,45,243.0,1
932,"2023-08-09",203,264,40,93,90.0,2
933,"2023-08-10",17,420,201,55,2.0,1
934,"2023-08-10",242,973,239,58,50.0,2
935,"2023-08-11",793,816,393,150,26.0,1
936,"2023-08-11",189,264,111,102,22.0,2
937,"2023-08-12",125,714,108,458,17.0,1
938,"2023-08-12",452,457,264,185,267.0,2
939,"2023-08-13",272,729,226,271,263.0,1
940,"2023-08-13",642,721,219,114,144.0,2
941,"2023-08-14",399,401,233,9,174.0,1
942,"2023-08-14",492,964,315,211,308.0,2
943,"2023-08-15",120,368,10,91,115.0,1
944,"2023-08-15",620,872,514,225,267.0,2
945,"2023-08-16",259,683,257,328,79.0,1
946,"2023-08-16",551,863,339,340,153.0,2
947,"2023-08-17",116,299,113,109,109.0,1
948,"2023-08-17",392,487,26,234,244.0,2
949,"2023-08-18",64,212,39,170,26.0,1
950,"2023-08-18",249,316,60,194,90.0,2
951,"2023-08-19",152,218,8,67,141.0,1
952,"2023-08-19",272,432,248,4,52.0,2
953,"2023-08-20",178,611,103,329,33.0,1
954,"2023-08-20",775,995,187,401,173.0,2
955,"2023-08-21",42,385,23,12,0.0,1
956,"2023-08-21",106,244,78,125,54.0,2
957,"2023-08-22",227,232,29,22,48.0,1
958,"2023-08-22",173,490,5,215,50.0,2
959,"2023-08-23",616,851,183,420,506.0,1
960,"2023-08-23",49,408,121,78,12.0,2
961,"2023-08-24",646,748,346,280,354.0,1
962,"2023-08-24",320,990,105,764,173.0,2
963,"2023-08-25",619,648,68,14,295.0,1
964,"2023-08-25",234,360,53,35,190.0,2
965,"2023-08-26",59,824,78,437,28.0,1
966,"2023-08-26",313,355,37,173,300.0,2
967,"2023-08-27",300,433,206,81,260.0,1
968,"2023-08-27",586,780,85,72,71.0,2
969,"2023-08-28",404,534,182,11,121.0,1
970,"2023-08-28",133,632,75,200,87.0,2
971,"2023-08-29",57,635,327,299,52.0,1
972,"2023-08-29",79,264,6,32,53.0,2
973,"2023-08-30",305,999,328,661,126.0,1
974,"2023-08-30",0,951,420,132,0.0,2
975,"2023-08-31",463,893,486,381,43.0,1
976,"2023-08-31",414,580,334,116,26.0,2
977,"2023-09-01",24,409,134,129,3.0,1
978,"2023-09-01",17,818,365,89,10.0,2
979,"2023-09-02",187,700,343,320,180.0,1
980,"2023-09-02",139,620,142,26,26.0,2
981,"2023-09-03",443,755,319,335,161.0,1
982,"2023-09-03",660,707,219,367,286.0,2
983,"2023-09-04",374,842,101,110,122.0,1
984,"2023-09-04",60,644,186,208,50.0,2
985,"2023-09-05",91,393,95,144,48.0,1
986,"2023-09-05",482,982,357,399,479.0,2
987,"2023-09-06",189,404,210,66,180.0,1
988,"2023-09-06",433,581,336,58,290.0,2
989,"2023-09-07",579,912,240,665,288.0,1
990,"2023-09-07",472,524,163,333,382.0,2
991,"2023-09-08",892,929,189,576,396.0,1
992,"2023-09-08",453,961,191,308,133.0,2
993,"2023-09-09",26,427,8,363,26.0,1
994,"2023-09-09",346,770,422,136,266.0,2
995,"2023-09-10",121,785,17,390,52.0,1
996,"2023-09-10",96,286,112,170,37.0,2
997,"2023-09-11",11,287,114,10,6.0,1
998,"2023-09-11",630,883,330,538,558.0,2
999,"2023-09-12",179,592,210,231,125.0,1
1000,"2023-09-12",369,972,291,439,369.0,2
1001,"2023-09-13",88,562,127,236,55.0,1
1002,"2023-09-13",226,267,5,3,67.0,2
1003,"2023-09-14",151,922,37,99,109.0,1
1004,"2023-09-14",27,200,65,13,8.0,2
1005,"2023-09-15",89,573,145,415,1.0,1
1006,"2023-09-15",463,498,209,220,209.0,2
1007,"2023-09-16",14,229,50,148,0.0,1
1008,"2023-09-16",40,450,175,218,12.0,2
1009,"2023-09-17",248,639,373,217,179.0,1
1010,"2023-09-17",277,403,190,112,88.0,2
1011,"2023-09-18",535,734,100,578,311.0,1
1012,"2023-09-18",103,932,209,469,65.0,2
1013,"2023-09-19",155,332,81,246,144.0,1
1014,"2023-09-19",31,461,128,290,3.0,2
1015,"2023-09-20",454,472,31,419,264.0,1
1016,"2023-09-20",655,797,65,42,365.0,2
1017,"2023-09-21",265,818,126,130,261.0,1
1018,"2023-09-21",139,253,90,60,49.0,2
1019,"2023-09-22",517,706,380,50,142.0,1
1020,"2023-09-22",298,393,124,138,253.0,2
1021,"2023-09-23",76,220,128,4,71.0,1
1022,"2023-09-23",78,289,104,13,26.0,2
1023,"2023-09-24",214,427,205,216,24.0,1
1024,"2023-09-24",523,671,17,538,50.0,2
1025,"2023-09-25",72,203,86,71,11.0,1
1026,"2023-09-25",200,366,189,104,122.0,2
1027,"2023-09-26",252,601,192,231,157.0,1
1028,"2023-09-26",433,715,183,90,358.0,2
1029,"2023-09-27",712,861,432,166,578.0,1
1030,"2023-09-27",298,464,81,203,274.0,2
1031,"2023-09-28",459,786,186,506,323.0,1
1032,"2023-09-28",827,971,130,462,112.0,2
1033,"2023-09-29",401,488,201,166,72.0,1
1034,"2023-09-29",682,705,252,162,551.0,2
1035,"2023-09-30",32,798,221,227,4.0,1
1036,"2023-09-30",402,453,216,224,399.0,2
1037,"2023-10-01",373,623,17,283,149.0,1
1038,"2023-10-01",128,849,165,235,37.0,2
1039,"2023-10-02",271,288,33,102,204.0,1
1040,"2023-10-02",144,569,285,18,98.0,2
1041,"2023-10-03",487,594,326,5,188.0,1
1042,"2023-10-03",118,420,101,309,40.0,2
1043,"2023-10-04",197,627,199,88,159.0,1
1044,"2023-10-04",158,312,14,285,84.0,2
1045,"2023-10-05",684,770,399,299,16.0,1
1046,"2023-10-05",460,480,210,91,108.0,2
1047,"2023-10-06",513,742,343,205,435.0,1
1048,"2023-10-06",183,762,153,374,92.0,2
1049,"2023-10-07",101,857,501,91,48.0,1
1050,"2023-10-07",612,901,516,94,15.0,2
1051,"2023-10-08",223,400,36,191,38.0,1
1052,"2023-10-08",16,295,52,207,5.0,2
1053,"2023-10-09",450,770,28,433,401.0,1
1054,"2023-10-09",656,773,308,203,495.0,2
1055,"2023-10-10",303,806,480,21,94.0,1
1056,"2023-10-10",327,396,187,165,48.0,2
1057,"2023-10-11",340,402,206,32,39.0,1
1058,"2023-10-11",370,518,124,121,192.0,2
1059,"2023-10-12",586,624,36,57,580.0,1
1060,"2023-10-12",224,484,243,215,116.0,2
1061,"2023-10-13",503,583,233,285,46.0,1
1062,"2023-10-13",673,824,210,364,533.0,2
1063,"2023-10-14",86,822,481,224,11.0,1
1064,"2023-10-14",332,791,213,42,6.0,2
1065,"2023-10-15",434,495,80,258,371.0,1
1066,"2023-10-15",315,678,350,123,193.0,2
1067,"2023-10-16",628,850,420,385,175.0,1
1068,"2023-10-16",673,933,300,86,653.0,2
1069,"2023-10-17",342,589,195,110,127.0,1
1070,"2023-10-17",199,353,55,146,192.0,2
1071,"2023-10-18",192,280,53,88,149.0,1
1072,"2023-10-18",8,202,7,75,5.0,2
1073,"2023-10-19",224,241,137,2,109.0,1
1074,"2023-10-19",76,240,84,44,68.0,2
1075,"2023-10-20",230,597,119,209,221.0,1
1076,"2023-10-20",50,540,171,65,11.0,2
1077,"2023-10-21",11,229,66,128,7.0,1
1078,"2023-10-21",21,833,336,95,21.0,2
1079,"2023-10-22",1,600,121,362,0.0,1
1080,"2023-10-22",134,845,399,324,30.0,2
1081,"2023-10-23",215,852,109,224,205.0,1
1082,"2023-10-23",904,997,225,502,332.0,2
1083,"2023-10-24",857,963,231,677,326.0,1
1084,"2023-10-24",109,238,62,63,0.0,2
1085,"2023-10-25",158,472,154,20,0.0,1
1086,"2023-10-25",534,690,329,182,284.0,2
1087,"2023-10-26",286,833,348,396,199.0,1
1088,"2023-10-26",309,338,102,61,41.0,2
1089,"2023-10-27",739,784,321,254,439.0,1
1090,"2023-10-27",143,832,30,69,76.0,2
1091,"2023-10-28",753,814,178,508,521.0,1
1092,"2023-10-28",22,670,223,37,0.0,2
1093,"2023-10-29",268,568,27,356,193.0,1
1094,"2023-10-29",574,967,532,58,333.0,2
1095,"2023-10-30",228,758,139,299,131.0,1
1096,"2023-10-30",179,564,9,95,5.0,2
1097,"2023-10-31",161,482,201,146,66.0,1
1098,"2023-10-31",475,503,184,194,39.0,2
1099,"2023-11-01",210,358,116,169,28.0,1
1100,"2023-11-01",90,279,29,232,86.0,2
1101,"2023-11-02",222,298,133,66,125.0,1
1102,"2023-11-02",691,975,499,22,426.0,2
1103,"2023-11-03",205,294,142,46,118.0,1
1104,"2023-11-03",186,285,55,106,144.0,2
1105,"2023-11-04",59,353,122,73,53.0,1
1106,"2023-11-04",290,290,152,136,138.0,2
1107,"2023-11-05",91,249,99,10,9.0,1
1108,"2023-11-05",37,722,5,461,15.0,2
1109,"2023-11-06",431,618,354,76,367.0,1
1110,"2023-11-06",81,215,18,60,70.0,2
1111,"2023-11-07",268,364,191,86,146.0,1
1112,"2023-11-07",188,672,121,358,137.0,2
1113,"2023-11-08",52,862,15,246,2.0,1
1114,"2023-11-08",430,669,150,472,339.0,2
1115,"2023-11-09",272,397,179,60,104.0,1
1116,"2023-11-09",541,740,64,319,144.0,2
1117,"2023-11-10",125,651,259,202,4.0,1
1118,"2023-11-10",300,387,130,253,143.0,2
1119,"2023-11-11",348,597,38,428,45.0,1
1120,"2023-11-11",14,786,294,49,10.0,2
1121,"2023-11-12",78,251,3,219,38.0,1
1122,"2023-11-12",638,741,126,514,109.0,2
1123,"2023-11-13",768,838,4,309,89.0,1
1124,"2023-11-13",62,226,51,95,24.0,2
1125,"2023-11-14",87,460,105,0,67.0,1
1126,"2023-11-14",50,746,39,507,44.0,2
1127,"2023-11-15",163,746,2,159,138.0,1
1128,"2023-11-15",399,642,197,281,310.0,2
1129,"2023-11-16",57,964,441,82,40.0,1
1130,"2023-11-16",414,495,246,249,307.0,2
1131,"2023-11-17",38,200,84,24,13.0,1
1132,"2023-11-17",57,650,93,136,42.0,2
1133,"2023-11-18",273,312,0,104,201.0,1
1134,"2023-11-18",100,389,111,276,17.0,2
1135,"2023-11-19",437,768,353,319,259.0,1
1136,"2023-11-19",470,670,196,7,256.0,2
1137,"2023-11-20",553,690,285,67,153.0,1
1138,"2023-11-20",297,564,125,175,111.0,2
1139,"2023-11-21",33,207,88,42,6.0,1
1140,"2023-11-21",742,878,129,176,586.0,2
1141,"2023-11-22",145,378,217,85,16.0,1
1142,"2023-11-22",856,921,187,273,824.0,2
1143,"2023-11-23",166,774,434,231,58.0,1
1144,"2023-11-23",700,741,162,201,420.0,2
1145,"2023-11-24",140,765,326,89,18.0,1
1146,"2023-11-24",63,325,125,136,57.0,2
1147,"2023-11-25",682,876,50,251,475.0,1
1148,"2023-11-25",120,868,326,108,15.0,2
1149,"2023-11-26",402,638,330,156,35.0,1
1150,"2023-11-26",283,390,125,105,55.0,2
1151,"2023-11-27",206,745,269,230,201.0,1
1152,"2023-11-27",346,730,153,101,160.0,2
1153,"2023-11-28",531,902,398,352,94.0,1
1154,"2023-11-28",170,887,23,858,87.0,2
1155,"2023-11-29",652,861,434,413,486.0,1
1156,"2023-11-29",55,211,95,43,50.0,2
1157,"2023-11-30",69,240,16,103,53.0,1
1158,"2023-11-30",262,686,214,157,219.0,2
1159,"2023-12-01",354,894,114,766,137.0,1
1160,"2023-12-01",192,369,213,12,25.0,2
1161,"2023-12-02",15,215,124,74,4.0,1
1162,"2023-12-02",20,300,11,144,15.0,2
1163,"2023-12-03",47,664,217,19,15.0,1
1164,"2023-12-03",514,919,183,675,407.0,2
1165,"2023-12-04",130,348,13,97,85.0,1
1166,"2023-12-04",895,997,179,175,497.0,2
1167,"2023-12-05",163,627,274,67,70.0,1
1168,"2023-12-05",518,666,32,535,8.0,2
1169,"2023-12-06",619,703,243,56,147.0,1
1170,"2023-12-06",90,444,33,193,87.0,2
1171,"2023-12-07",111,349,71,210,3.0,1
1172,"2023-12-07",299,601,55,433,106.0,2
1173,"2023-12-08",67,419,95,272,58.0,1
1174,"2023-12-08",724,928,363,341,84.0,2
1175,"2023-12-09",79,390,44,128,46.0,1
1176,"2023-12-09",657,698,320,281,279.0,2
1177,"2023-12-10",77,355,134,4,35.0,1
1178,"2023-12-10",276,781,23,285,58.0,2
1179,"2023-12-11",495,769,254,268,494.0,1
1180,"2023-12-11",470,883,234,524,369.0,2
1181,"2023-12-12",160,680,250,384,88.0,1
1182,"2023-12-12",630,701,291,380,32.0,2
1183,"2023-12-13",578,683,273,147,377.0,1
1184,"2023-12-13",406,941,466,100,354.0,2
1185,"2023-12-14",165,221,31,176,36.0,1
1186,"2023-12-14",240,952,512,383,73.0,2
1187,"2023-12-15",102,840,411,195,65.0,1
1188,"2023-12-15",262,855,341,45,26.0,2
1189,"2023-12-16",234,632,20,387,144.0,1
1190,"2023-12-16",2,900,140,155,1.0,2
1191,"2023-12-17",51,666,82,438,46.0,1
1192,"2023-12-17",303,954,121,823,2.0,2
1193,"2023-12-18",691,940,237,230,656.0,1
1194,"2023-12-18",537,613,311,33,45.0,2
1195,"2023-12-19",196,400,10,45,106.0,1
1196,"2023-12-19",247,326,121,193,151.0,2
1197,"2023-12-20",143,208,44,16,18.0,1
1198,"2023-12-20",314,553,313,166,304.0,2
1199,"2023-12-21",146,579,72,118,18.0,1
1200,"2023-12-21",224,444,118,150,4.0,2
1201,"2023-12-22",362,734,357,17,360.0,1
1202,"2023-12-22",282,938,413,69,139.0,2
1203,"2023-12-23",834,889,39,850,815.0,1
1204,"2023-12-23",137,377,1,14,13.0,2
1205,"2023-12-24",423,831,441,60,194.0,1
1206,"2023-12-24",208,517,10,298,122.0,2
1207,"2023-12-25",114,729,363,3,50.0,1
1208,"2023-12-25",762,945,391,242,212.0,2
1209,"2023-12-26",412,874,73,516,87.0,1
1210,"2023-12-26",203,492,231,44,193.0,2
1211,"2023-12-27",85,326,146,67,49.0,1
1212,"2023-12-27",264,779,77,217,152.0,2
1213,"2023-12-28",2,715,329,68,0.0,1
1214,"2023-12-28",69,658,259,177,12.0,2
1215,"2023-12-29",324,451,241,16,174.0,1
1216,"2023-12-29",540,547,326,129,518.0,2
1217,"2023-12-30",107,830,17,251,92.0,1
1218,"2023-12-30",56,746,81,525,19.0,2
1219,"2023-12-31",150,872,357,514,54.0,1
1220,"2023-12-31",358,400,22,292,19.0,2
1221,"2024-01-01",119,334,62,139,42.0,1
1222,"2024-01-01",489,564,206,113,97.0,2
1223,"2024-01-02",347,935,53,618,308.0,1
1224,"2024-01-02",134,836,215,314,52.0,2
1225,"2024-01-03",18,280,143,30,16.0,1
1226,"2024-01-03",789,895,342,72,513.0,2
1227,"2024-01-04",413,420,62,27,181.0,1
1228,"2024-01-04",90,301,26,180,33.0,2
1229,"2024-01-05",250,586,196,349,38.0,1
1230,"2024-01-05",159,327,1,237,132.0,2
1231,"2024-01-06",248,299,60,74,104.0,1
1232,"2024-01-06",265,500,69,296,95.0,2
1233,"2024-01-07",151,564,236,142,131.0,1
1234,"2024-01-07",6,341,27,243,1.0,2
1235,"2024-01-08",351,552,99,225,313.0,1
1236,"2024-01-08",269,418,180,127,263.0,2
1237,"2024-01-09",30,357,121,219,5.0,1
1238,"2024-01-09",74,229,117,12,13.0,2
1239,"2024-01-10",117,613,304,101,45.0,1
1240,"2024-01-10",124,739,333,273,38.0,2
1241,"2024-01-11",181,221,125,57,46.0,1
1242,"2024-01-11",423,507,10,5,385.0,2
1243,"2024-01-12",179,957,445,256,39.0,1
1244,"2024-01-12",347,856,450,49,141.0,2
1245,"2024-01-13",293,687,36,254,240.0,1
1246,"2024-01-13",255,316,152,92,142.0,2
1247,"2024-01-14",274,568,286,75,27.0,1
1248,"2024-01-14",128,964,62,64,87.0,2
1249,"2024-01-15",12,209,42,68,7.0,1
1250,"2024-01-15",657,970,393,56,214.0,2
1251,"2024-01-16",153,624,93,147,38.0,1
1252,"2024-01-16",340,411,178,219,115.0,2
1253,"2024-01-17",572,792,285,395,230.0,1
1254,"2024-01-17",57,224,64,159,15.0,2
1255,"2024-01-18",535,758,91,545,41.0,1
1256,"2024-01-18",519,526,89,10,51.0,2
1257,"2024-01-19",302,438,96,21,235.0,1
1258,"2024-01-19",433,684,337,46,2.0,2
1259,"2024-01-20",200,596,140,114,188.0,1
1260,"2024-01-20",223,695,302,349,103.0,2
1261,"2024-01-21",170,309,177,71,81.0,1
1262,"2024-01-21",176,546,71,200,59.0,2
1263,"2024-01-22",101,528,175,130,53.0,1
1264,"2024-01-22",283,307,57,247,164.0,2
1265,"2024-01-23",468,471,202,152,30.0,1
1266,"2024-01-23",418,420,95,8,270.0,2
1267,"2024-01-24",138,387,69,208,126.0,1
1268,"2024-01-24",534,681,378,179,510.0,2
1269,"2024-01-25",257,419,91,95,101.0,1
1270,"2024-01-25",680,708,220,328,494.0,2
1271,"2024-01-26",68,221,127,48,27.0,1
1272,"2024-01-26",252,339,97,138,98.0,2
1273,"2024-01-27",1,358,44,87,1.0,1
1274,"2024-01-27",241,820,149,106,27.0,2
1275,"2024-01-28",193,406,24,307,10.0,1
1276,"2024-01-28",487,588,278,128,380.0,2
1277,"2024-01-29",319,726,359,304,21.0,1
1278,"2024-01-29",306,339,198,33,46.0,2
1279,"2024-01-30",477,675,357,308,62.0,1
1280,"2024-01-30",641,680,21,553,122.0,2
1281,"2024-01-31",54,472,89,350,41.0,1
1282,"2024-01-31",116,977,80,566,30.0,2
1283,"2024-02-01",475,651,187,367,408.0,1
1284,"2024-02-01",203,283,116,127,156.0,2
1285,"2024-02-02",104,500,211,174,94.0,1
1286,"2024-02-02",297,843,453,183,108.0,2
1287,"2024-02-03",6,329,147,108,6.0,1
1288,"2024-02-03",139,441,7,127,112.0,2
1289,"2024-02-04",380,504,7,7,99.0,1
1290,"2024-02-04",230,654,278,136,191.0,2
1291,"2024-02-05",123,459,71,96,51.0,1
1292,"2024-02-05",446,809,201,189,249.0,2
1293,"2024-02-06",316,486,286,127,45.0,1
1294,"2024-02-06",87,235,89,46,26.0,2
1295,"2024-02-07",425,499,260,29,263.0,1
1296,"2024-02-07",36,290,59,111,32.0,2
1297,"2024-02-08",520,591,293,275,339.0,1
1298,"2024-02-08",166,214,29,160,107.0,2
1299,"2024-02-09",188,883,211,212,13.0,1
1300,"2024-02-09",359,464,131,104,334.0,2
1301,"2024-02-10",177,254,127,42,162.0,1
1302,"2024-02-10",132,454,145,172,45.0,2
1303,"2024-02-11",182,411,46,299,58.0,1
1304,"2024-02-11",120,719,149,512,14.0,2
1305,"2024-02-12",146,816,19,685,44.0,1
1306,"2024-02-12",130,202,109,87,20.0,2
1307,"2024-02-13",371,643,136,102,170.0,1
1308,"2024-02-13",171,564,326,13,110.0,2
1309,"2024-02-14",775,957,417,367,528.0,1
1310,"2024-02-14",363,421,194,18,2.0,2
1311,"2024-02-15",742,819,62,289,652.0,1
1312,"2024-02-15",253,807,206,175,12.0,2
1313,"2024-02-16",722,748,187,528,332.0,1
1314,"2024-02-16",591,664,148,414,441.0,2
1315,"2024-02-17",32,911,335,365,4.0,1
1316,"2024-02-17",633,716,342,50,228.0,2
1317,"2024-02-18",145,684,35,396,2.0,1
1318,"2024-02-18",211,308,166,26,84.0,2
1319,"2024-02-19",424,657,342,235,51.0,1
1320,"2024-02-19",381,996,236,646,346.0,2
1321,"2024-02-20",147,380,65,256,98.0,1
1322,"2024-02-20",163,320,111,101,110.0,2
1323,"2024-02-21",811,980,531,389,575.0,1
1324,"2024-02-21",359,684,262,322,119.0,2
1325,"2024-02-22",185,212,57,109,171.0,1
1326,"2024-02-22",212,552,331,163,49.0,2
1327,"2024-02-23",95,275,96,55,80.0,1
1328,"2024-02-23",53,550,83,423,26.0,2
1329,"2024-02-24",587,636,327,125,132.0,1
1330,"2024-02-24",41,800,446,268,0.0,2
1331,"2024-02-25",63,415,159,216,5.0,1
1332,"2024-02-25",192,732,325,133,52.0,2
1333,"2024-02-26",115,425,253,137,31.0,1
1334,"2024-02-26",393,536,40,191,202.0,2
1335,"2024-02-27",431,912,541,92,14.0,1
1336,"2024-02-27",322,445,186,48,255.0,2
1337,"2024-02-28",175,322,12,243,143.0,1
1338,"2024-02-28",435,480,109,264,309.0,2
1339,"2024-02-29",12,659,270,145,7.0,1
1340,"2024-02-29",439,612,38,45,132.0,2
1341,"2024-03-01",233,449,134,103,170.0,1
1342,"2024-03-01",15,908,231,671,6.0,2
1343,"2024-03-02",61,205,8,129,36.0,1
1344,"2024-03-02",157,405,193,146,118.0,2
1345,"2024-03-03",135,597,72,486,110.0,1
1346,"2024-03-03",203,376,184,16,196.0,2
1347,"2024-03-04",18,949,554,316,8.0,1
1348,"2024-03-04",269,524,63,225,131.0,2
1349,"2024-03-05",179,355,129,141,43.0,1
1350,"2024-03-05",226,242,61,170,190.0,2
1351,"2024-03-06",498,549,220,217,374.0,1
1352,"2024-03-06",603,980,10,194,276.0,2
1353,"2024-03-07",622,784,391,139,509.0,1
1354,"2024-03-07",513,803,288,452,203.0,2
1355,"2024-03-08",88,792,258,421,60.0,1
1356,"2024-03-08",181,327,59,144,163.0,2
1357,"2024-03-09",86,780,392,182,42.0,1
1358,"2024-03-09",378,479,11,21,105.0,2
1359,"2024-03-10",10,681,269,213,1.0,1
1360,"2024-03-10",16,323,125,138,7.0,2
1361,"2024-03-11",308,365,63,238,179.0,1
1362,"2024-03-11",473,482,156,236,335.0,2
1363,"2024-03-12",225,387,19,5,183.0,1
1364,"2024-03-12",228,810,207,378,118.0,2
1365,"2024-03-13",38,953,433,325,1.0,1
1366,"2024-03-13",436,567,179,309,353.0,2
1367,"2024-03-14",228,917,392,268,164.0,1
1368,"2024-03-14",172,398,18,227,27.0,2
1369,"2024-03-15",224,294,29,174,26.0,1
1370,"2024-03-15",497,702,145,102,436.0,2
1371,"2024-03-16",207,774,424,313,207.0,1
1372,"2024-03-16",266,608,268,142,93.0,2
1373,"2024-03-17",135,581,152,420,106.0,1
1374,"2024-03-17",312,789,419,228,200.0,2
1375,"2024-03-18",167,842,184,122,85.0,1
1376,"2024-03-18",45,231,100,65,38.0,2
1377,"2024-03-19",826,904,379,509,664.0,1
1378,"2024-03-19",79,202,16,72,61.0,2
1379,"2024-03-20",53,435,245,21,3.0,1
1380,"2024-03-20",721,804,377,105,348.0,2
1381,"2024-03-21",347,813,305,249,257.0,1
1382,"2024-03-21",580,594,4,35,476.0,2
1383,"2024-03-22",225,689,129,335,173.0,1
1384,"2024-03-22",91,879,382,7,43.0,2
1385,"2024-03-23",213,584,326,224,20.0,1
1386,"2024-03-23",45,799,359,16,36.0,2
1387,"2024-03-24",673,985,509,338,140.0,1
1388,"2024-03-24",409,802,258,227,256.0,2
1389,"2024-03-25",147,729,134,197,0.0,1
1390,"2024-03-25",714,769,383,350,38.0,2
1391,"2024-03-26",42,833,222,14,14.0,1
1392,"2024-03-26",59,726,298,190,11.0,2
1393,"2024-03-27",125,620,1,392,104.0,1
1394,"2024-03-27",170,446,69,345,170.0,2
1395,"2024-03-28",345,590,90,307,89.0,1
1396,"2024-03-28",395,983,36,215,100.0,2
1397,"2024-03-29",218,279,20,228,48.0,1
1398,"2024-03-29",382,825,211,427,170.0,2
1399,"2024-03-30",495,799,373,424,327.0,1
1400,"2024-03-30",60,472,0,276,49.0,2
1401,"2024-03-31",48,314,95,85,27.0,1
1402,"2024-03-31",98,246,4,53,57.0,2
1403,"2024-04-01",369,881,397,410,316.0,1
1404,"2024-04-01",850,884,210,118,541.0,2
1405,"2024-04-02",94,470,61,198,34.0,1
1406,"2024-04-02",173,215,68,63,57.0,2
1407,"2024-04-03",538,556,190,195,516.0,1
1408,"2024-04-03",165,859,353,380,79.0,2
1409,"2024-04-04",480,605,346,31,259.0,1
1410,"2024-04-04",462,555,269,194,38.0,2
1411,"2024-04-05",107,707,15,515,74.0,1
1412,"2024-04-05",806,911,1,763,496.0,2
1413,"2024-04-06",748,975,581,129,395.0,1
1414,"2024-04-06",264,776,301,455,237.0,2
1415,"2024-04-07",182,341,116,15,148.0,1
1416,"2024-04-07",247,889,250,81,146.0,2
1417,"2024-04-08",263,609,15,518,91.0,1
1418,"2024-04-08",91,414,1,105,90.0,2
1419,"2024-04-09",72,816,15,290,26.0,1
1420,"2024-04-09",164,464,167,41,124.0,2
1421,"2024-04-10",99,214,101,19,67.0,1
1422,"2024-04-10",41,766,357,214,8.0,2
1423,"2024-04-11",275,406,47,33,126.0,1
1424,"2024-04-11",295,350,146,111,224.0,2
1425,"2024-04-12",221,447,114,252,215.0,1
1426,"2024-04-12",484,831,491,37,228.0,2
1427,"2024-04-13",15,914,119,214,5.0,1
1428,"2024-04-13",411,615,163,321,241.0,2
1429,"2024-04-14",23,423,100,294,21.0,1
1430,"2024-04-14",221,896,309,184,84.0,2
1431,"2024-04-15",157,237,74,66,147.0,1
1432,"2024-04-15",626,820,66,72,18.0,2
1433,"2024-04-16",318,542,229,264,26.0,1
1434,"2024-04-16",199,441,218,161,124.0,2
1435,"2024-04-17",190,407,46,200,23.0,1
1436,"2024-04-17",103,227,21,188,91.0,2
1437,"2024-04-18",928,953,511,32,271.0,1
1438,"2024-04-18",395,418,99,9,141.0,2
1439,"2024-04-19",268,453,115,287,209.0,1
1440,"2024-04-19",681,852,436,150,620.0,2
1441,"2024-04-20",164,483,24,398,57.0,1
1442,"2024-04-20",293,405,183,122,21.0,2
1443,"2024-04-21",12,583,134,218,12.0,1
1444,"2024-04-21",165,560,284,26,24.0,2
1445,"2024-04-22",606,643,174,371,287.0,1
1446,"2024-04-22",643,848,328,448,619.0,2
1447,"2024-04-23",571,597,28,457,260.0,1
1448,"2024-04-23",363,401,75,10,325.0,2
1449,"2024-04-24",144,427,145,221,58.0,1
1450,"2024-04-24",71,412,105,24,19.0,2
1451,"2024-04-25",840,883,462,85,819.0,1
1452,"2024-04-25",342,635,161,463,13.0,2
1453,"2024-04-26",292,786,248,208,93.0,1
1454,"2024-04-26",116,360,160,135,2.0,2
1455,"2024-04-27",52,552,190,137,31.0,1
1456,"2024-04-27",187,671,71,573,158.0,2
1457,"2024-04-28",462,560,197,184,169.0,1
1458,"2024-04-28",198,688,86,485,176.0,2
1459,"2024-04-29",63,663,161,281,14.0,1
1460,"2024-04-29",446,604,244,211,222.0,2
1461,"2024-04-30",244,417,136,252,16.0,1
1462,"2024-04-30",221,432,136,235,11.0,2
1463,"2024-05-01",329,593,322,200,14.0,1
1464,"2024-05-01",472,759,92,15,330.0,2
1465,"2024-05-02",134,545,76,299,8.0,1
1466,"2024-05-02",136,367,90,82,51.0,2
1467,"2024-05-03",790,984,223,242,442.0,1
1468,"2024-05-03",99,340,152,39,16.0,2
1469,"2024-05-04",263,575,30,465,241.0,1
1470,"2024-05-04",10,615,83,511,8.0,2
1471,"2024-05-05",114,875,339,15,2.0,1
1472,"2024-05-05",632,709,363,151,631.0,2
1473,"2024-05-06",203,417,12,286,24.0,1
1474,"2024-05-06",156,771,159,170,135.0,2
1475,"2024-05-07",226,718,414,16,223.0,1
1476,"2024-05-07",231,373,62,143,47.0,2
1477,"2024-05-08",157,629,323,99,99.0,1
1478,"2024-05-08",450,515,34,436,108.0,2
1479,"2024-05-09",319,497,100,188,92.0,1
1480,"2024-05-09",75,758,185,498,57.0,2
1481,"2024-05-10",485,895,514,268,267.0,1
1482,"2024-05-10",210,823,403,279,104.0,2
1483,"2024-05-11",129,254,132,33,116.0,1
1484,"2024-05-11",695,782,318,276,327.0,2
1485,"2024-05-12",154,689,41,595,112.0,1
1486,"2024-05-12",111,565,36,53,34.0,2
1487,"2024-05-13",334,500,169,314,4.0,1
1488,"2024-05-13",233,308,56,5,63.0,2
1489,"2024-05-14",145,395,8,322,78.0,1
1490,"2024-05-14",100,239,20,119,59.0,2
1491,"2024-05-15",305,639,71,26,55.0,1
1492,"2024-05-15",296,425,72,14,285.0,2
1493,"2024-05-16",589,765,393,335,288.0,1
1494,"2024-05-16",794,955,234,564,322.0,2
1495,"2024-05-17",120,564,144,241,72.0,1
1496,"2024-05-17",285,587,299,34,74.0,2
1497,"2024-05-18",273,801,123,294,229.0,1
1498,"2024-05-18",363,622,263,31,117.0,2
1499,"2024-05-19",40,508,60,95,30.0,1
1500,"2024-05-19",395,700,223,130,387.0,2
1501,"2024-05-20",3,791,204,62,2.0,1
1502,"2024-05-20",403,974,347,169,4.0,2
1503,"2024-05-21",301,717,256,363,235.0,1
1504,"2024-05-21",435,509,98,65,253.0,2
1505,"2024-05-22",2,433,85,181,0.0,1
1506,"2024-05-22",239,478,168,272,59.0,2
1507,"2024-05-23",359,747,62,210,298.0,1
1508,"2024-05-23",576,927,51,573,516.0,2
1509,"2024-05-24",166,298,110,46,56.0,1
1510,"2024-05-24",820,885,393,294,427.0,2
1511,"2024-05-25",818,864,213,643,398.0,1
1512,"2024-05-25",351,466,223,104,81.0,2
1513,"2024-05-26",110,476,255,218,3.0,1
1514,"2024-05-26",170,253,139,77,8.0,2
1515,"2024-05-27",623,886,362,468,579.0,1
1516,"2024-05-27",145,671,263,253,13.0,2
1517,"2024-05-28",434,800,177,464,44.0,1
1518,"2024-05-28",343,589,98,106,195.0,2
1519,"2024-05-29",638,723,318,40,158.0,1
1520,"2024-05-29",358,561,164,311,156.0,2
1521,"2024-05-30",278,278,159,52,142.0,1
1522,"2024-05-30",13,396,93,130,0.0,2
1523,"2024-05-31",153,225,9,211,59.0,1
1524,"2024-05-31",405,805,202,77,398.0,2
1525,"2024-06-01",680,736,230,332,271.0,1
1526,"2024-06-01",616,738,262,361,482.0,2
1527,"2024-06-02",540,919,499,370,359.0,1
1528,"2024-06-02",239,317,132,185,21.0,2
1529,"2024-06-03",503,590,211,169,87.0,1
1530,"2024-06-03",87,416,99,289,82.0,2
1531,"2024-06-04",383,468,110,204,304.0,1
1532,"2024-06-04",808,994,228,204,513.0,2
1533,"2024-06-05",341,547,188,92,283.0,1
1534,"2024-06-05",65,822,471,235,39.0,2
1535,"2024-06-06",155,223,63,106,103.0,1
1536,"2024-06-06",35,223,111,21,11.0,2
1537,"2024-06-07",208,655,170,161,66.0,1
1538,"2024-06-07",603,818,251,70,590.0,2
1539,"2024-06-08",260,396,146,53,21.0,1
1540,"2024-06-08",454,976,346,529,445.0,2
1541,"2024-06-09",428,880,514,133,409.0,1
1542,"2024-06-09",374,465,52,71,285.0,2
1543,"2024-06-10",364,718,17,167,122.0,1
1544,"2024-06-10",610,888,466,10,327.0,2
1545,"2024-06-11",130,649,181,235,121.0,1
1546,"2024-06-11",73,374,96,89,25.0,2
1547,"2024-06-12",291,437,197,55,219.0,1
1548,"2024-06-12",143,633,358,107,129.0,2
1549,"2024-06-13",681,832,362,91,170.0,1
1550,"2024-06-13",381,500,298,201,92.0,2
1551,"2024-06-14",95,460,16,330,21.0,1
1552,"2024-06-14",233,599,182,29,7.0,2
1553,"2024-06-15",208,709,406,58,118.0,1
1554,"2024-06-15",599,849,37,648,303.0,2
1555,"2024-06-16",178,255,18,18,102.0,1
1556,"2024-06-16",150,627,273,110,1.0,2
1557,"2024-06-17",447,531,211,285,265.0,1
1558,"2024-06-17",100,236,91,19,18.0,2
1559,"2024-06-18",148,775,286,328,52.0,1
1560,"2024-06-18",94,282,46,221,73.0,2
1561,"2024-06-19",218,802,56,42,0.0,1
1562,"2024-06-19",294,553,73,105,185.0,2
1563,"2024-06-20",156,320,147,68,140.0,1
1564,"2024-06-20",84,399,173,117,30.0,2
1565,"2024-06-21",215,630,165,209,147.0,1
1566,"2024-06-21",184,530,123,371,31.0,2
1567,"2024-06-22",167,631,197,257,11.0,1
1568,"2024-06-22",698,928,517,71,239.0,2
1569,"2024-06-23",112,550,263,118,82.0,1
1570,"2024-06-23",680,779,310,412,527.0,2
1571,"2024-06-24",228,284,133,58,55.0,1
1572,"2024-06-24",206,772,116,292,173.0,2
1573,"2024-06-25",75,361,163,17,67.0,1
1574,"2024-06-25",111,202,33,44,24.0,2
1575,"2024-06-26",401,650,318,253,344.0,1
1576,"2024-06-26",197,269,152,21,179.0,2
1577,"2024-06-27",456,710,107,581,152.0,1
1578,"2024-06-27",535,954,85,492,464.0,2
1579,"2024-06-28",43,221,100,3,30.0,1
1580,"2024-06-28",192,744,108,341,119.0,2
1581,"2024-06-29",321,669,189,152,37.0,1
1582,"2024-06-29",62,471,91,143,17.0,2
1583,"2024-06-30",116,225,56,72,78.0,1
1584,"2024-06-30",115,844,247,540,88.0,2
1585,"2024-07-01",285,730,143,521,188.0,1
1586,"2024-07-01",208,992,226,401,132.0,2
1587,"2024-07-02",463,916,126,221,83.0,1
1588,"2024-07-02",26,676,110,490,26.0,2
1589,"2024-07-03",429,558,54,265,235.0,1
1590,"2024-07-03",185,519,23,122,157.0,2
1591,"2024-07-04",458,822,3,69,310.0,1
1592,"2024-07-04",13,233,121,35,3.0,2
1593,"2024-07-05",26,685,87,196,23.0,1
1594,"2024-07-05",93,823,56,278,56.0,2
1595,"2024-07-06",256,743,127,227,205.0,1
1596,"2024-07-06",596,600,28,16,121.0,2
1597,"2024-07-07",219,716,378,311,23.0,1
1598,"2024-07-07",337,529,114,380,129.0,2
1599,"2024-07-08",53,301,8,2,36.0,1
1600,"2024-07-08",321,775,389,350,186.0,2
1601,"2024-07-09",181,707,267,93,107.0,1
1602,"2024-07-09",519,559,98,435,271.0,2
1603,"2024-07-10",137,504,259,85,127.0,1
1604,"2024-07-10",614,765,251,382,278.0,2
1605,"2024-07-11",131,466,151,267,27.0,1
1606,"2024-07-11",19,797,36,117,1.0,2
1607,"2024-07-12",171,283,160,105,60.0,1
1608,"2024-07-12",557,772,447,61,376.0,2
1609,"2024-07-13",212,493,5,198,198.0,1
1610,"2024-07-13",114,294,173,25,42.0,2
1611,"2024-07-14",20,333,115,171,13.0,1
1612,"2024-07-14",908,930,20,451,719.0,2
1613,"2024-07-15",152,327,140,175,42.0,1
1614,"2024-07-15",607,714,342,74,1.0,2
1615,"2024-07-16",336,743,299,3,187.0,1
1616,"2024-07-16",83,254,103,19,43.0,2
1617,"2024-07-17",31,321,146,79,22.0,1
1618,"2024-07-17",50,720,193,466,33.0,2
1619,"2024-07-18",432,846,230,561,403.0,1
1620,"2024-07-18",374,464,157,40,334.0,2
1621,"2024-07-19",958,992,454,317,427.0,1
1622,"2024-07-19",51,441,223,191,38.0,2
1623,"2024-07-20",209,568,262,102,83.0,1
1624,"2024-07-20",144,242,51,77,69.0,2
1625,"2024-07-21",114,507,81,158,19.0,1
1626,"2024-07-21",241,399,216,44,7.0,2
1627,"2024-07-22",50,891,191,648,19.0,1
1628,"2024-07-22",613,756,269,180,11.0,2
1629,"2024-07-23",267,284,162,41,117.0,1
1630,"2024-07-23",153,558,124,382,129.0,2
1631,"2024-07-24",932,959,420,21,210.0,1
1632,"2024-07-24",1,716,305,384,0.0,2
1633,"2024-07-25",124,350,23,261,31.0,1
1634,"2024-07-25",205,796,35,497,160.0,2
1635,"2024-07-26",116,602,137,374,2.0,1
1636,"2024-07-26",403,742,335,281,302.0,2
1637,"2024-07-27",455,979,526,155,343.0,1
1638,"2024-07-27",604,856,335,369,372.0,2
1639,"2024-07-28",74,361,104,88,34.0,1
1640,"2024-07-28",134,558,108,97,96.0,2
1641,"2024-07-29",31,678,91,44,16.0,1
1642,"2024-07-29",406,501,22,321,130.0,2
1643,"2024-07-30",137,343,170,80,128.0,1
1644,"2024-07-30",86,506,270,103,42.0,2
1645,"2024-07-31",114,413,78,176,47.0,1
1646,"2024-07-31",4,217,65,133,2.0,2
1647,"2024-08-01",295,452,167,188,155.0,1
1648,"2024-08-01",161,228,79,23,34.0,2
1649,"2024-08-02",271,466,105,88,197.0,1
1650,"2024-08-02",65,495,286,148,4.0,2
1651,"2024-08-03",314,698,394,24,293.0,1
1652,"2024-08-03",102,229,83,132,98.0,2
1653,"2024-08-04",49,353,21,316,21.0,1
1654,"2024-08-04",126,289,30,180,71.0,2
1655,"2024-08-05",130,698,246,186,94.0,1
1656,"2024-08-05",889,992,502,341,211.0,2
1657,"2024-08-06",589,603,299,119,336.0,1
1658,"2024-08-06",30,903,181,402,22.0,2
1659,"2024-08-07",16,969,312,71,2.0,1
1660,"2024-08-07",140,462,181,218,20.0,2
1661,"2024-08-08",239,643,330,119,170.0,1
1662,"2024-08-08",18,363,174,141,13.0,2
1663,"2024-08-09",251,680,382,150,190.0,1
1664,"2024-08-09",317,635,188,302,308.0,2
1665,"2024-08-10",397,453,178,65,106.0,1
1666,"2024-08-10",35,331,25,67,13.0,2
1667,"2024-08-11",540,766,24,210,68.0,1
1668,"2024-08-11",374,675,292,33,255.0,2
1669,"2024-08-12",690,906,11,808,430.0,1
1670,"2024-08-12",400,451,37,268,201.0,2
1671,"2024-08-13",318,878,191,440,255.0,1
1672,"2024-08-13",59,495,211,142,28.0,2
1673,"2024-08-14",875,901,49,244,758.0,1
1674,"2024-08-14",384,960,462,235,266.0,2
1675,"2024-08-15",332,360,52,175,104.0,1
1676,"2024-08-15",620,855,105,567,560.0,2
1677,"2024-08-16",119,476,187,139,16.0,1
1678,"2024-08-16",116,289,122,76,104.0,2
1679,"2024-08-17",371,705,151,302,68.0,1
1680,"2024-08-17",218,224,73,144,15.0,2
1681,"2024-08-18",259,413,25,275,210.0,1
1682,"2024-08-18",298,880,290,314,269.0,2
1683,"2024-08-19",406,899,232,18,110.0,1
1684,"2024-08-19",120,225,105,16,38.0,2
1685,"2024-08-20",630,955,83,495,371.0,1
1686,"2024-08-20",687,758,143,106,317.0,2
1687,"2024-08-21",146,516,27,45,131.0,1
1688,"2024-08-21",38,933,262,455,24.0,2
1689,"2024-08-22",341,567,152,224,30.0,1
1690,"2024-08-22",138,237,131,95,70.0,2
1691,"2024-08-23",281,339,118,136,170.0,1
1692,"2024-08-23",736,763,394,296,424.0,2
1693,"2024-08-24",401,843,476,362,79.0,1
1694,"2024-08-24",676,777,1,216,358.0,2
1695,"2024-08-25",150,662,384,41,42.0,1
1696,"2024-08-25",137,959,285,621,5.0,2
1697,"2024-08-26",223,486,176,47,85.0,1
1698,"2024-08-26",914,964,439,412,11.0,2
1699,"2024-08-27",33,218,96,88,31.0,1
1700,"2024-08-27",288,627,327,220,212.0,2
1701,"2024-08-28",39,663,354,117,3.0,1
1702,"2024-08-28",22,357,41,102,9.0,2
1703,"2024-08-29",406,521,102,198,35.0,1
1704,"2024-08-29",10,848,25,590,7.0,2
1705,"2024-08-30",531,635,172,413,265.0,1
1706,"2024-08-30",198,790,423,139,183.0,2
1707,"2024-08-31",601,677,129,451,180.0,1
1708,"2024-08-31",603,953,468,256,2.0,2
1709,"2024-09-01",66,597,208,220,32.0,1
1710,"2024-09-01",646,766,22,37,80.0,2
1711,"2024-09-02",72,213,66,80,42.0,1
1712,"2024-09-02",288,547,232,182,148.0,2
1713,"2024-09-03",34,596,160,380,21.0,1
1714,"2024-09-03",241,308,81,181,177.0,2
1715,"2024-09-04",266,624,38,37,126.0,1
1716,"2024-09-04",670,926,101,547,24.0,2
1717,"2024-09-05",361,681,145,63,171.0,1
1718,"2024-09-05",192,616,158,424,70.0,2
1719,"2024-09-06",790,954,162,677,391.0,1
1720,"2024-09-06",59,230,124,34,31.0,2
1721,"2024-09-07",163,565,266,78,65.0,1
1722,"2024-09-07",684,809,43,585,27.0,2
1723,"2024-09-08",12,663,362,130,6.0,1
1724,"2024-09-08",69,373,149,74,49.0,2
1725,"2024-09-09",177,277,38,109,81.0,1
1726,"2024-09-09",323,706,280,131,261.0,2
1727,"2024-09-10",103,228,46,52,36.0,1
1728,"2024-09-10",80,221,57,123,74.0,2
1729,"2024-09-11",222,523,245,254,77.0,1
1730,"2024-09-11",176,630,195,378,152.0,2
1731,"2024-09-12",218,599,314,228,129.0,1
1732,"2024-09-12",30,382,170,190,5.0,2
1733,"2024-09-13",546,579,196,29,244.0,1
1734,"2024-09-13",56,202,102,53,20.0,2
1735,"2024-09-14",609,651,315,159,318.0,1
1736,"2024-09-14",659,762,179,212,149.0,2
1737,"2024-09-15",490,858,111,428,56.0,1
1738,"2024-09-15",220,344,14,280,106.0,2
1739,"2024-09-16",212,339,105,191,110.0,1
1740,"2024-09-16",104,621,195,187,92.0,2
1741,"2024-09-17",167,442,100,104,134.0,1
1742,"2024-09-17",64,229,87,19,64.0,2
1743,"2024-09-18",379,700,365,73,274.0,1
1744,"2024-09-18",221,245,95,146,117.0,2
1745,"2024-09-19",102,213,122,9,26.0,1
1746,"2024-09-19",785,999,278,44,525.0,2
1747,"2024-09-20",616,835,151,565,266.0,1
1748,"2024-09-20",271,401,131,124,168.0,2
1749,"2024-09-21",136,555,68,400,80.0,1
1750,"2024-09-21",362,593,247,277,295.0,2
1751,"2024-09-22",508,977,403,333,305.0,1
1752,"2024-09-22",763,894,388,16,167.0,2
1753,"2024-09-23",690,973,44,709,14.0,1
1754,"2024-09-23",321,571,301,6,168.0,2
1755,"2024-09-24",81,698,31,366,5.0,1
1756,"2024-09-24",526,641,167,189,401.0,2
1757,"2024-09-25",5,764,324,330,2.0,1
1758,"2024-09-25",359,708,332,186,252.0,2
1759,"2024-09-26",25,582,161,303,19.0,1
1760,"2024-09-26",446,799,24,687,364.0,2
1761,"2024-09-27",553,565,139,365,218.0,1
1762,"2024-09-27",796,851,456,285,445.0,2
1763,"2024-09-28",557,713,202,486,468.0,1
1764,"2024-09-28",320,673,272,220,79.0,2
1765,"2024-09-29",27,535,225,283,15.0,1
1766,"2024-09-29",14,404,85,48,5.0,2
1767,"2024-09-30",38,821,157,102,14.0,1
1768,"2024-09-30",50,454,107,114,36.0,2
1769,"2024-10-01",782,789,419,41,600.0,1
1770,"2024-10-01",407,596,167,278,255.0,2
1771,"2024-10-02",706,838,406,201,641.0,1
1772,"2024-10-02",109,734,369,45,105.0,2
1773,"2024-10-03",150,305,32,123,50.0,1
1774,"2024-10-03",59,522,33,118,5.0,2
1775,"2024-10-04",124,309,93,21,23.0,1
1776,"2024-10-04",473,624,134,463,15.0,2
1777,"2024-10-05",234,508,267,172,17.0,1
1778,"2024-10-05",328,746,349,356,97.0,2
1779,"2024-10-06",228,280,91,145,27.0,1
1780,"2024-10-06",212,349,184,148,167.0,2
1781,"2024-10-07",681,782,73,103,54.0,1
1782,"2024-10-07",222,666,367,274,126.0,2
1783,"2024-10-08",119,317,122,181,56.0,1
1784,"2024-10-08",120,296,48,94,81.0,2
1785,"2024-10-09",14,595,194,53,5.0,1
1786,"2024-10-09",228,268,109,104,112.0,2
1787,"2024-10-10",422,940,373,5,151.0,1
1788,"2024-10-10",81,871,205,47,8.0,2
1789,"2024-10-11",222,943,163,324,219.0,1
1790,"2024-10-11",240,326,27,212,198.0,2
1791,"2024-10-12",64,275,75,72,4.0,1
1792,"2024-10-12",105,272,154,88,12.0,2
1793,"2024-10-13",143,320,77,5,38.0,1
1794,"2024-10-13",525,766,345,40,170.0,2
1795,"2024-10-14",321,709,297,217,71.0,1
1796,"2024-10-14",17,267,160,19,9.0,2
1797,"2024-10-15",167,494,152,21,55.0,1
1798,"2024-10-15",339,635,39,147,280.0,2
1799,"2024-10-16",220,858,473,380,174.0,1
1800,"2024-10-16",288,610,110,369,110.0,2
1801,"2024-10-17",797,952,407,150,112.0,1
1802,"2024-10-17",1,843,392,171,0.0,2
1803,"2024-10-18",19,346,12,19,4.0,1
1804,"2024-10-18",156,457,26,57,57.0,2
1805,"2024-10-19",228,297,85,170,92.0,1
1806,"2024-10-19",414,533,303,98,224.0,2
1807,"2024-10-20",470,527,50,214,185.0,1
1808,"2024-10-20",125,303,143,139,27.0,2
1809,"2024-10-21",264,597,248,119,249.0,1
1810,"2024-10-21",228,885,71,33,123.0,2
1811,"2024-10-22",241,682,395,67,3.0,1
1812,"2024-10-22",333,795,19,261,19.0,2
1813,"2024-10-23",225,634,269,294,218.0,1
1814,"2024-10-23",162,589,249,20,70.0,2
1815,"2024-10-24",90,328,65,262,6.0,1
1816,"2024-10-24",73,500,254,25,11.0,2
1817,"2024-10-25",208,738,409,240,45.0,1
1818,"2024-10-25",15,378,14,279,15.0,2
1819,"2024-10-26",46,378,171,68,7.0,1
1820,"2024-10-26",18,508,179,88,18.0,2
1821,"2024-10-27",436,546,5,319,172.0,1
1822,"2024-10-27",655,928,414,99,311.0,2
1823,"2024-10-28",479,578,276,287,342.0,1
1824,"2024-10-28",307,390,43,190,248.0,2
1825,"2024-10-29",335,615,368,75,0.0,1
1826,"2024-10-29",307,450,236,132,98.0,2
1827,"2024-10-30",94,341,25,278,57.0,1
1828,"2024-10-30",470,993,405,236,90.0,2
1829,"2024-10-31",141,272,23,97,139.0,1
1830,"2024-10-31",56,386,96,229,19.0,2
1831,"2024-11-01",128,511,122,151,68.0,1
1832,"2024-11-01",864,885,135,519,210.0,2
1833,"2024-11-02",652,926,431,209,473.0,1
1834,"2024-11-02",111,275,128,52,7.0,2
1835,"2024-11-03",296,503,140,319,215.0,1
1836,"2024-11-03",120,952,463,96,95.0,2
1837,"2024-11-04",246,346,5,26,88.0,1
1838,"2024-11-04",15,386,126,141,11.0,2
1839,"2024-11-05",194,820,386,386,6.0,1
1840,"2024-11-05",883,947,541,371,406.0,2
1841,"2024-11-06",579,658,216,341,515.0,1
1842,"2024-11-06",181,212,57,25,174.0,2
1843,"2024-11-07",215,481,171,59,73.0,1
1844,"2024-11-07",480,966,212,297,137.0,2
1845,"2024-11-08",150,288,159,65,76.0,1
1846,"2024-11-08",317,349,168,64,109.0,2
1847,"2024-11-09",326,548,314,132,217.0,1
1848,"2024-11-09",177,257,131,49,0.0,2
1849,"2024-11-10",450,558,239,286,221.0,1
1850,"2024-11-10",348,435,82,323,219.0,2
1851,"2024-11-11",339,884,437,173,184.0,1
1852,"2024-11-11",169,991,49,57,148.0,2
1853,"2024-11-12",64,265,129,75,30.0,1
1854,"2024-11-12",353,371,46,99,221.0,2
1855,"2024-11-13",75,318,93,170,9.0,1
1856,"2024-11-13",217,947,198,331,89.0,2
1857,"2024-11-14",598,944,463,237,415.0,1
1858,"2024-11-14",382,831,106,362,251.0,2
1859,"2024-11-15",207,226,130,76,52.0,1
1860,"2024-11-15",249,325,152,90,4.0,2
1861,"2024-11-16",442,442,182,119,358.0,1
1862,"2024-11-16",709,915,90,604,671.0,2
1863,"2024-11-17",290,844,466,55,197.0,1
1864,"2024-11-17",366,717,58,313,146.0,2
1865,"2024-11-18",737,808,354,412,684.0,1
1866,"2024-11-18",591,821,412,2,0.0,2
1867,"2024-11-19",790,898,516,81,42.0,1
1868,"2024-11-19",314,463,259,83,83.0,2
1869,"2024-11-20",23,510,114,143,16.0,1
1870,"2024-11-20",194,279,30,120,68.0,2
1871,"2024-11-21",450,846,440,184,345.0,1
1872,"2024-11-21",38,686,393,247,15.0,2
1873,"2024-11-22",114,462,197,108,2.0,1
1874,"2024-11-22",298,375,211,39,150.0,2
1875,"2024-11-23",560,636,197,47,186.0,1
1876,"2024-11-23",260,446,173,92,172.0,2
1877,"2024-11-24",257,732,300,265,143.0,1
1878,"2024-11-24",167,779,443,37,159.0,2
1879,"2024-11-25",711,904,234,387,26.0,1
1880,"2024-11-25",55,439,15,129,9.0,2
1881,"2024-11-26",622,911,340,39,107.0,1
1882,"2024-11-26",204,257,133,41,55.0,2
1883,"2024-11-27",650,800,399,90,581.0,1
1884,"2024-11-27",105,255,32,152,74.0,2
1885,"2024-11-28",118,939,330,590,66.0,1
1886,"2024-11-28",349,928,324,150,204.0,2
1887,"2024-11-29",248,306,122,23,170.0,1
1888,"2024-11-29",432,903,31,224,262.0,2
1889,"2024-11-30",133,322,149,116,105.0,1
1890,"2024-11-30",57,403,90,202,37.0,2
1891,"2024-12-01",32,654,191,220,21.0,1
1892,"2024-12-01",65,409,98,79,26.0,2
1893,"2024-12-02",5,679,181,5,1.0,1
1894,"2024-12-02",220,576,40,505,85.0,2
1895,"2024-12-03",178,548,218,121,109.0,1
1896,"2024-12-03",178,833,296,188,1.0,2
1897,"2024-12-04",67,303,57,27,56.0,1
1898,"2024-12-04",11,395,225,65,9.0,2
1899,"2024-12-05",48,827,321,121,8.0,1
1900,"2024-12-05",10,667,11,292,3.0,2
1901,"2024-12-06",319,853,198,457,161.0,1
1902,"2024-12-06",18,893,8,117,14.0,2
1903,"2024-12-07",642,723,73,454,57.0,1
1904,"2024-12-07",462,807,224,252,180.0,2
1905,"2024-12-08",796,944,320,273,60.0,1
1906,"2024-12-08",460,987,591,185,363.0,2
1907,"2024-12-09",337,514,20,155,116.0,1
1908,"2024-12-09",52,254,49,194,38.0,2
1909,"2024-12-10",607,657,48,411,419.0,1
1910,"2024-12-10",700,934,225,575,17.0,2
1911,"2024-12-11",135,820,330,168,70.0,1
1912,"2024-12-11",510,527,215,292,304.0,2
1913,"2024-12-12",378,484,150,268,154.0,1
1914,"2024-12-12",140,513,176,293,40.0,2
1915,"2024-12-13",235,616,214,298,206.0,1
1916,"2024-12-13",901,944,44,512,598.0,2
1917,"2024-12-14",434,573,75,32,231.0,1
1918,"2024-12-14",546,643,217,187,152.0,2
1919,"2024-12-15",602,684,136,98,124.0,1
1920,"2024-12-15",298,859,19,321,21.0,2
1921,"2024-12-16",195,475,61,249,135.0,1
1922,"2024-12-16",508,694,226,255,330.0,2
1923,"2024-12-17",249,541,297,196,97.0,1
1924,"2024-12-17",326,335,151,175,172.0,2
1925,"2024-12-18",685,995,271,286,473.0,1
1926,"2024-12-18",338,730,382,161,48.0,2
1927,"2024-12-19",168,353,50,288,37.0,1
1928,"2024-12-19",280,490,21,189,214.0,2
1929,"2024-12-20",502,644,304,197,119.0,1
1930,"2024-12-20",48,650,78,182,5.0,2
1931,"2024-12-21",337,888,410,51,306.0,1
1932,"2024-12-21",25,341,44,274,4.0,2
1933,"2024-12-22",254,320,170,12,60.0,1
1934,"2024-12-22",169,272,115,137,112.0,2
1935,"2024-12-23",207,802,17,161,16.0,1
1936,"2024-12-23",58,485,136,78,1.0,2
1937,"2024-12-24",199,776,238,318,118.0,1
1938,"2024-12-24",223,604,272,102,55.0,2
1939,"2024-12-25",80,296,11,139,19.0,1
1940,"2024-12-25",133,234,27,112,107.0,2
1941,"2024-12-26",148,590,291,113,137.0,1
1942,"2024-12-26",543,776,33,603,170.0,2
1943,"2024-12-27",110,804,322,205,6.0,1
1944,"2024-12-27",168,231,99,109,9.0,2
1945,"2024-12-28",0,591,225,102,0.0,1
1946,"2024-12-28",160,645,27,311,29.0,2
1947,"2024-12-29",345,873,480,65,3.0,1
1948,"2024-12-29",547,814,418,60,219.0,2
1949,"2024-12-30",420,601,220,287,119.0,1
1950,"2024-12-30",498,921,50,525,209.0,2
1951,"2024-12-31",235,784,121,603,213.0,1
1952,"2024-12-31",257,385,34,71,36.0,2
1953,"2025-01-01",670,812,202,319,514.0,1
1954,"2025-01-01",243,510,262,19,79.0,2
1955,"2025-01-02",148,860,9,579,148.0,1
1956,"2025-01-02",139,927,470,347,129.0,2
1957,"2025-01-03",144,617,234,28,24.0,1
1958,"2025-01-03",345,446,246,155,308.0,2
1959,"2025-01-04",204,688,319,1,172.0,1
1960,"2025-01-04",270,925,388,407,225.0,2
1961,"2025-01-05",57,954,60,361,36.0,1
1962,"2025-01-05",114,764,11,220,74.0,2
1963,"2025-01-06",401,888,78,694,35.0,1
1964,"2025-01-06",87,291,143,9,52.0,2
1965,"2025-01-07",434,809,219,326,372.0,1
1966,"2025-01-07",252,655,240,110,33.0,2
1967,"2025-01-08",217,325,118,44,165.0,1
1968,"2025-01-08",48,418,100,227,40.0,2
1969,"2025-01-09",322,796,180,604,21.0,1
1970,"2025-01-09",259,399,218,19,221.0,2
1971,"2025-01-10",272,898,326,269,54.0,1
1972,"2025-01-10",896,976,125,545,868.0,2
1973,"2025-01-11",273,490,44,314,22.0,1
1974,"2025-01-11",11,532,121,230,10.0,2
1975,"2025-01-12",188,445,1,228,28.0,1
1976,"2025-01-12",465,596,109,129,228.0,2
1977,"2025-01-13",572,827,168,290,487.0,1
1978,"2025-01-13",243,381,12,37,93.0,2
1979,"2025-01-14",12,930,453,27,5.0,1
1980,"2025-01-14",124,883,222,591,53.0,2
1981,"2025-01-15",3,406,125,31,1.0,1
1982,"2025-01-15",98,223,38,52,36.0,2
1983,"2025-01-16",434,878,226,145,252.0,1
1984,"2025-01-16",207,855,116,38,134.0,2
1985,"2025-01-17",282,533,153,287,205.0,1
1986,"2025-01-17",336,442,213,163,99.0,2
1987,"2025-01-18",608,813,353,136,456.0,1
1988,"2025-01-18",323,889,14,425,168.0,2
1989,"2025-01-19",588,863,197,133,181.0,1
1990,"2025-01-19",293,811,335,306,34.0,2
1991,"2025-01-20",34,689,208,295,19.0,1
1992,"2025-01-20",919,959,357,441,570.0,2
1993,"2025-01-21",50,783,22,288,35.0,1
1994,"2025-01-21",442,512,91,246,243.0,2
1995,"2025-01-22",292,393,83,81,132.0,1
1996,"2025-01-22",42,221,44,63,12.0,2
1997,"2025-01-23",565,598,358,140,478.0,1
1998,"2025-01-23",155,687,21,570,64.0,2
1999,"2025-01-24",337,455,212,117,44.0,1
2000,"2025-01-24",443,623,273,19,155.0,2
2001,"2025-01-25",472,912,224,99,128.0,1
2002,"2025-01-25",154,788,136,177,28.0,2
2003,"2025-01-26",205,223,53,143,108.0,1
2004,"2025-01-26",479,793,308,403,363.0,2
2005,"2025-01-27",229,894,68,325,218.0,1
2006,"2025-01-27",231,861,218,99,122.0,2
2007,"2025-01-28",622,803,456,322,527.0,1
2008,"2025-01-28",435,577,270,106,150.0,2
2009,"2025-01-29",56,487,250,218,30.0,1
2010,"2025-01-29",58,255,15,7,24.0,2
2011,"2025-01-30",439,650,208,437,179.0,1
2012,"2025-01-30",454,914,228,74,94.0,2
2013,"2025-01-31",292,418,153,231,229.0,1
2014,"2025-01-31",326,395,182,112,273.0,2
2015,"2025-02-01",20,634,99,125,18.0,1
2016,"2025-02-01",626,772,53,60,501.0,2
2017,"2025-02-02",59,442,108,223,6.0,1
2018,"2025-02-02",279,994,578,405,35.0,2
2019,"2025-02-03",275,295,108,104,221.0,1
2020,"2025-02-03",238,949,268,250,61.0,2
2021,"2025-02-04",219,518,169,106,93.0,1
2022,"2025-02-04",354,437,185,72,209.0,2
2023,"2025-02-05",57,666,280,64,23.0,1
2024,"2025-02-05",125,296,14,212,25.0,2
2025,"2025-02-06",163,919,434,321,84.0,1
2026,"2025-02-06",451,686,40,486,108.0,2
2027,"2025-02-07",58,571,131,355,36.0,1
2028,"2025-02-07",205,525,139,275,169.0,2
2029,"2025-02-08",32,746,189,503,10.0,1
2030,"2025-02-08",438,563,179,6,342.0,2
2031,"2025-02-09",303,575,303,36,45.0,1
2032,"2025-02-09",173,477,46,355,166.0,2
2033,"2025-02-10",286,756,248,111,37.0,1
2034,"2025-02-10",288,362,210,23,139.0,2
2035,"2025-02-11",719,958,33,405,30.0,1
2036,"2025-02-11",72,495,39,336,10.0,2
2037,"2025-02-12",377,471,196,52,188.0,1
2038,"2025-02-12",594,851,108,559,37.0,2
2039,"2025-02-13",284,395,82,260,140.0,1
2040,"2025-02-13",0,390,169,27,0.0,2
2041,"2025-02-14",387,1000,358,270,336.0,1
2042,"2025-02-14",421,462,42,227,102.0,2
2043,"2025-02-15",48,281,144,51,3.0,1
2044,"2025-02-15",558,717,4,294,175.0,2
2045,"2025-02-16",395,548,80,198,377.0,1
2046,"2025-02-16",374,613,191,242,365.0,2
2047,"2025-02-17",564,656,249,14,420.0,1
2048,"2025-02-17",618,782,350,146,450.0,2
2049,"2025-02-18",54,414,175,74,35.0,1
2050,"2025-02-18",317,429,157,119,190.0,2
2051,"2025-02-19",11,319,109,54,5.0,1
2052,"2025-02-19",75,268,134,125,0.0,2
2053,"2025-02-20",586,968,53,623,577.0,1
2054,"2025-02-20",145,355,33,100,128.0,2
2055,"2025-02-21",338,911,34,803,108.0,1
2056,"2025-02-21",299,798,317,40,48.0,2
2057,"2025-02-22",327,904,364,381,170.0,1
2058,"2025-02-22",185,521,198,30,91.0,2
2059,"2025-02-23",336,339,122,13,318.0,1
2060,"2025-02-23",29,720,428,263,17.0,2
2061,"2025-02-24",126,374,84,275,14.0,1
2062,"2025-02-24",275,331,26,226,246.0,2
2063,"2025-02-25",883,891,218,544,246.0,1
2064,"2025-02-25",264,627,193,252,238.0,2
2065,"2025-02-26",553,897,467,212,495.0,1
2066,"2025-02-26",265,912,246,311,98.0,2
2067,"2025-02-27",47,428,108,55,17.0,1
2068,"2025-02-27",127,884,509,37,23.0,2
2069,"2025-02-28",908,999,79,166,646.0,1
2070,"2025-02-28",485,707,136,49,4.0,2
2071,"2025-03-01",650,843,348,190,331.0,1
2072,"2025-03-01",528,922,377,153,3.0,2
2073,"2025-03-02",242,472,234,215,178.0,1
2074,"2025-03-02",179,763,245,50,161.0,2
2075,"2025-03-03",18,234,76,10,8.0,1
2076,"2025-03-03",92,251,112,112,90.0,2
2077,"2025-03-04",251,361,153,186,49.0,1
2078,"2025-03-04",329,676,295,25,147.0,2
2079,"2025-03-05",200,288,86,11,6.0,1
2080,"2025-03-05",393,472,8,392,309.0,2
2081,"2025-03-06",795,906,253,603,724.0,1
2082,"2025-03-06",108,292,125,79,86.0,2
2083,"2025-03-07",480,705,178,471,119.0,1
2084,"2025-03-07",116,585,209,376,1.0,2
2085,"2025-03-08",461,909,76,485,350.0,1
2086,"2025-03-08",72,283,33,200,63.0,2
2087,"2025-03-09",103,610,164,370,57.0,1
2088,"2025-03-09",97,316,160,120,9.0,2
2089,"2025-03-10",589,956,393,342,151.0,1
2090,"2025-03-10",210,236,3,167,144.0,2
2091,"2025-03-11",122,991,125,820,30.0,1
2092,"2025-03-11",18,818,320,151,17.0,2
2093,"2025-03-12",587,859,218,81,205.0,1
2094,"2025-03-12",406,562,89,144,227.0,2
2095,"2025-03-13",38,560,183,75,38.0,1
2096,"2025-03-13",362,414,3,372,67.0,2
2097,"2025-03-14",500,852,202,238,441.0,1
2098,"2025-03-14",388,741,322,185,122.0,2
2099,"2025-03-15",211,303,123,155,11.0,1
2100,"2025-03-15",42,572,137,423,13.0,2
2101,"2025-03-16",775,877,122,322,356.0,1
2102,"2025-03-16",191,686,152,337,154.0,2
2103,"2025-03-17",201,252,108,89,181.0,1
2104,"2025-03-17",103,438,253,79,1.0,2
2105,"2025-03-18",219,776,73,153,180.0,1
2106,"2025-03-18",274,857,382,119,265.0,2
2107,"2025-03-19",600,874,399,239,220.0,1
2108,"2025-03-19",567,583,88,279,342.0,2
2109,"2025-03-20",452,920,325,435,19.0,1
2110,"2025-03-20",46,785,278,357,10.0,2
2111,"2025-03-21",417,553,55,157,260.0,1
2112,"2025-03-21",95,918,241,319,18.0,2
2113,"2025-03-22",715,968,197,188,145.0,1
2114,"2025-03-22",636,746,217,153,458.0,2
2115,"2025-03-23",106,286,97,3,48.0,1
2116,"2025-03-23",617,741,192,122,398.0,2
2117,"2025-03-24",81,707,227,324,21.0,1
2118,"2025-03-24",202,474,188,133,2.0,2
2119,"2025-03-25",240,481,199,82,234.0,1
2120,"2025-03-25",588,602,205,287,257.0,2
2121,"2025-03-26",753,839,416,335,254.0,1
2122,"2025-03-26",184,328,96,135,49.0,2
2123,"2025-03-27",319,944,379,495,84.0,1
2124,"2025-03-27",682,918,208,324,21.0,2
2125,"2025-03-28",232,468,39,416,41.0,1
2126,"2025-03-28",580,590,307,283,557.0,2
2127,"2025-03-29",136,508,132,66,96.0,1
2128,"2025-03-29",602,753,87,307,101.0,2
2129,"2025-03-30",174,743,333,248,139.0,1
2130,"2025-03-30",242,253,124,47,79.0,2
2131,"2025-03-31",96,449,124,49,79.0,1
2132,"2025-03-31",363,379,66,127,257.0,2
2133,"2025-04-01",248,751,177,289,129.0,1
2134,"2025-04-01",168,303,160,75,137.0,2
2135,"2025-04-02",40,855,56,677,7.0,1
2136,"2025-04-02",449,639,49,63,197.0,2
2137,"2025-04-03",203,925,99,527,79.0,1
2138,"2025-04-03",36,209,101,93,17.0,2
2139,"2025-04-04",857,881,43,485,313.0,1
2140,"2025-04-04",240,871,305,421,121.0,2
2141,"2025-04-05",112,499,112,381,33.0,1
2142,"2025-04-05",356,804,144,641,37.0,2
2143,"2025-04-06",694,808,159,182,172.0,1
2144,"2025-04-06",129,338,177,135,116.0,2
2145,"2025-04-07",5,425,136,94,0.0,1
2146,"2025-04-07",151,254,72,93,66.0,2
2147,"2025-04-08",493,648,206,170,13.0,1
2148,"2025-04-08",271,604,122,109,74.0,2
2149,"2025-04-09",541,568,164,83,262.0,1
2150,"2025-04-09",90,201,109,82,21.0,2
2151,"2025-04-10",126,606,168,182,58.0,1
2152,"2025-04-10",197,952,391,230,76.0,2
2153,"2025-04-11",449,713,38,586,317.0,1
2154,"2025-04-11",390,960,6,305,175.0,2
2155,"2025-04-12",257,658,191,112,96.0,1
2156,"2025-04-12",566,992,489,473,366.0,2
2157,"2025-04-13",756,882,191,593,408.0,1
2158,"2025-04-13",611,898,82,218,123.0,2
2159,"2025-04-14",254,384,217,97,42.0,1
2160,"2025-04-14",181,269,115,56,102.0,2
2161,"2025-04-15",114,212,83,85,80.0,1
2162,"2025-04-15",128,589,264,68,68.0,2
2163,"2025-04-16",112,263,6,158,38.0,1
2164,"2025-04-16",392,641,211,230,60.0,2
2165,"2025-04-17",109,518,133,11,36.0,1
2166,"2025-04-17",467,945,350,585,156.0,2
2167,"2025-04-18",240,806,257,57,40.0,1
2168,"2025-04-18",600,763,402,288,372.0,2
2169,"2025-04-19",372,372,69,303,170.0,1
2170,"2025-04-19",0,555,329,84,0.0,2
2171,"2025-04-20",255,586,273,158,21.0,1
2172,"2025-04-20",619,930,538,10,467.0,2
2173,"2025-04-21",53,336,101,45,6.0,1
2174,"2025-04-21",77,989,153,700,39.0,2
2175,"2025-04-22",359,359,196,68,138.0,1
2176,"2025-04-22",429,962,132,638,14.0,2
2177,"2025-04-23",43,220,114,34,37.0,1
2178,"2025-04-23",2,747,158,319,1.0,2
2179,"2025-04-24",108,863,486,276,21.0,1
2180,"2025-04-24",274,652,379,14,107.0,2
2181,"2025-04-25",220,308,67,239,181.0,1
2182,"2025-04-25",34,212,115,26,27.0,2
2183,"2025-04-26",295,779,154,157,116.0,1
2184,"2025-04-26",225,375,131,55,12.0,2
2185,"2025-04-27",159,214,101,80,141.0,1
2186,"2025-04-27",311,615,176,79,3.0,2
2187,"2025-04-28",335,943,495,218,296.0,1
2188,"2025-04-28",507,917,348,469,466.0,2
2189,"2025-04-29",286,473,169,185,261.0,1
2190,"2025-04-29",215,250,109,129,204.0,2
2191,"2025-04-30",283,599,48,326,56.0,1
2192,"2025-04-30",836,890,195,609,580.0,2
2193,"2025-05-01",416,911,298,19,24.0,1
2194,"2025-05-01",268,510,11,31,199.0,2
2195,"2025-05-02",20,619,206,182,9.0,1
2196,"2025-05-02",50,253,36,110,18.0,2
2197,"2025-05-03",530,687,37,248,82.0,1
2198,"2025-05-03",272,485,265,146,249.0,2
2199,"2025-05-04",536,641,117,343,17.0,1
2200,"2025-05-04",38,319,133,56,35.0,2
2201,"2025-05-05",328,583,269,260,67.0,1
2202,"2025-05-05",512,565,297,75,326.0,2
2203,"2025-05-06",25,662,254,318,2.0,1
2204,"2025-05-06",104,567,103,56,90.0,2
2205,"2025-05-07",476,588,218,259,443.0,1
2206,"2025-05-07",690,992,568,84,230.0,2
2207,"2025-05-08",98,635,22,587,71.0,1
2208,"2025-05-08",192,293,105,86,166.0,2
2209,"2025-05-09",274,558,269,267,130.0,1
2210,"2025-05-09",606,781,231,439,311.0,2
2211,"2025-05-10",181,941,153,666,148.0,1
2212,"2025-05-10",98,507,10,497,87.0,2
2213,"2025-05-11",517,783,134,16,374.0,1
2214,"2025-05-11",725,911,515,84,686.0,2
2215,"2025-05-12",659,815,447,100,285.0,1
2216,"2025-05-12",389,486,83,48,107.0,2
2217,"2025-05-13",494,725,168,281,415.0,1
2218,"2025-05-13",236,875,517,357,187.0,2
2219,"2025-05-14",228,590,77,407,153.0,1
2220,"2025-05-14",198,475,219,177,170.0,2
2221,"2025-05-15",436,590,90,68,424.0,1
2222,"2025-05-15",421,982,444,269,196.0,2
2223,"2025-05-16",40,667,177,123,19.0,1
2224,"2025-05-16",431,539,26,436,284.0,2
2225,"2025-05-17",310,367,189,137,128.0,1
2226,"2025-05-17",295,349,39,219,248.0,2
2227,"2025-05-18",260,325,126,71,227.0,1
2228,"2025-05-18",158,750,94,492,48.0,2
2229,"2025-05-19",290,965,206,375,54.0,1
2230,"2025-05-19",755,868,457,205,260.0,2
2231,"2025-05-20",112,423,237,54,0.0,1
2232,"2025-05-20",103,252,98,2,57.0,2
2233,"2025-05-21",132,924,18,335,74.0,1
2234,"2025-05-21",113,284,48,123,105.0,2
2235,"2025-05-22",525,999,430,244,459.0,1
2236,"2025-05-22",19,311,24,254,14.0,2
2237,"2025-05-23",817,991,16,217,16.0,1
2238,"2025-05-23",694,988,576,265,611.0,2
2239,"2025-05-24",615,877,514,304,576.0,1
2240,"2025-05-24",289,858,496,226,9.0,2
2241,"2025-05-25",467,726,327,323,272.0,1
2242,"2025-05-25",198,234,138,71,29.0,2
2243,"2025-05-26",530,729,375,111,196.0,1
2244,"2025-05-26",688,828,81,642,427.0,2
2245,"2025-05-27",69,901,282,310,66.0,1
2246,"2025-05-27",414,605,122,226,191.0,2
2247,"2025-05-28",62,590,306,137,52.0,1
2248,"2025-05-28",237,514,128,243,21.0,2
2249,"2025-05-29",10,758,316,259,1.0,1
2250,"2025-05-29",375,767,108,196,137.0,2
2251,"2025-05-30",67,555,116,319,64.0,1
2252,"2025-05-30",435,595,290,263,15.0,2
2253,"2025-05-31",150,346,49,262,97.0,1
2254,"2025-05-31",534,597,130,317,531.0,2
2255,"2025-06-01",229,369,189,124,202.0,1
2256,"2025-06-01",446,463,51,407,107.0,2
2257,"2025-06-02",29,403,210,108,17.0,1
2258,"2025-06-02",86,224,77,34,1.0,2
2259,"2025-06-03",283,934,119,299,255.0,1
2260,"2025-06-03",223,305,37,122,135.0,2
2261,"2025-06-04",341,527,152,235,218.0,1
2262,"2025-06-04",667,737,353,307,184.0,2
2263,"2025-06-05",503,583,298,162,152.0,1
2264,"2025-06-05",455,509,259,190,145.0,2
2265,"2025-06-06",653,955,440,34,247.0,1
2266,"2025-06-06",310,691,359,207,140.0,2
2267,"2025-06-07",108,233,66,63,53.0,1
2268,"2025-06-07",140,237,70,69,133.0,2
2269,"2025-06-08",338,679,242,81,308.0,1
2270,"2025-06-08",150,540,190,36,123.0,2
2271,"2025-06-09",178,217,31,58,117.0,1
2272,"2025-06-09",117,246,99,137,38.0,2
2273,"2025-06-10",166,354,160,142,50.0,1
2274,"2025-06-10",38,876,195,619,20.0,2
2275,"2025-06-11",781,944,154,666,160.0,1
2276,"2025-06-11",178,283,83,77,2.0,2
2277,"2025-06-12",137,203,59,84,51.0,1
2278,"2025-06-12",173,789,457,162,6.0,2
2279,"2025-06-13",477,752,247,290,71.0,1
2280,"2025-06-13",705,862,147,538,49.0,2
2281,"2025-06-14",243,592,307,235,31.0,1
2282,"2025-06-14",112,489,169,291,66.0,2
2283,"2025-06-15",345,904,222,96,319.0,1
2284,"2025-06-15",47,212,34,2,35.0,2
2285,"2025-06-16",415,617,141,417,382.0,1
2286,"2025-06-16",157,236,83,111,92.0,2
2287,"2025-06-17",164,340,37,168,9.0,1
2288,"2025-06-17",180,457,50,396,165.0,2
2289,"2025-06-18",83,325,102,215,76.0,1
2290,"2025-06-18",34,243,2,236,17.0,2
2291,"2025-06-19",916,955,524,40,442.0,1
2292,"2025-06-19",149,457,239,58,48.0,2
2293,"2025-06-20",409,761,206,494,20.0,1
2294,"2025-06-20",248,417,202,134,35.0,2
2295,"2025-06-21",661,886,225,234,441.0,1
2296,"2025-06-21",568,756,380,235,147.0,2
2297,"2025-06-22",71,743,394,232,64.0,1
2298,"2025-06-22",708,709,294,224,212.0,2
2299,"2025-06-23",285,538,167,153,222.0,1
2300,"2025-06-23",80,601,206,80,75.0,2
2301,"2025-06-24",495,997,364,33,452.0,1
2302,"2025-06-24",66,405,54,129,16.0,2
2303,"2025-06-25",425,652,94,217,214.0,1
2304,"2025-06-25",966,969,118,329,764.0,2
2305,"2025-06-26",486,496,290,72,9.0,1
2306,"2025-06-26",224,349,120,163,165.0,2
2307,"2025-06-27",72,349,97,177,61.0,1
2308,"2025-06-27",2,625,137,252,2.0,2
2309,"2025-06-28",102,860,144,643,44.0,1
2310,"2025-06-28",290,428,197,185,214.0,2
2311,"2025-06-29",48,671,354,235,2.0,1
2312,"2025-06-29",43,822,334,488,25.0,2
2313,"2025-06-30",647,655,372,133,488.0,1
2314,"2025-06-30",242,763,282,20,140.0,2
2315,"2025-07-01",351,561,17,221,51.0,1
2316,"2025-07-01",327,385,130,181,12.0,2
2317,"2025-07-02",193,279,35,103,137.0,1
2318,"2025-07-02",478,492,231,195,439.0,2
2319,"2025-07-03",490,652,288,159,218.0,1
2320,"2025-07-03",525,643,34,103,495.0,2
2321,"2025-07-04",227,293,132,108,192.0,1
2322,"2025-07-04",383,781,295,94,325.0,2
2323,"2025-07-05",137,334,51,185,100.0,1
2324,"2025-07-05",485,731,333,256,178.0,2
2325,"2025-07-06",475,684,235,306,350.0,1
2326,"2025-07-06",452,856,15,606,297.0,2
2327,"2025-07-07",285,851,44,120,186.0,1
2328,"2025-07-07",157,476,32,68,98.0,2
2329,"2025-07-08",20,554,240,26,15.0,1
2330,"2025-07-08",503,513,72,326,101.0,2
2331,"2025-07-09",784,899,235,2,484.0,1
2332,"2025-07-09",11,455,7,71,2.0,2
2333,"2025-07-10",528,537,184,84,242.0,1
2334,"2025-07-10",309,481,37,306,54.0,2
2335,"2025-07-11",407,787,136,644,53.0,1
2336,"2025-07-11",87,387,32,3,68.0,2
2337,"2025-07-12",162,352,45,138,88.0,1
2338,"2025-07-12",11,843,145,125,0.0,2
2339,"2025-07-13",49,310,153,95,35.0,1
2340,"2025-07-13",119,307,55,173,74.0,2
2341,"2025-07-14",450,908,177,679,214.0,1
2342,"2025-07-14",331,530,253,172,70.0,2
2343,"2025-07-15",410,620,228,236,171.0,1
2344,"2025-07-15",71,361,172,109,65.0,2
2345,"2025-07-16",341,637,24,173,34.0,1
2346,"2025-07-16",444,865,108,77,79.0,2
2347,"2025-07-17",607,951,13,362,496.0,1
2348,"2025-07-17",531,609,156,309,78.0,2
2349,"2025-07-18",574,726,105,73,427.0,1
2350,"2025-07-18",152,727,253,362,71.0,2
2351,"2025-07-19",70,220,22,61,35.0,1
2352,"2025-07-19",278,505,63,181,195.0,2
2353,"2025-07-20",438,772,62,87,423.0,1
2354,"2025-07-20",498,748,232,329,301.0,2
2355,"2025-07-21",226,230,33,66,132.0,1
2356,"2025-07-21",25,558,235,105,18.0,2
2357,"2025-07-22",560,706,367,289,239.0,1
2358,"2025-07-22",65,300,34,198,45.0,2
2359,"2025-07-23",86,368,7,292,44.0,1
2360,"2025-07-23",135,644,46,408,38.0,2
2361,"2025-07-24",30,252,35,156,0.0,1
2362,"2025-07-24",814,857,471,272,278.0,2
2363,"2025-07-25",48,633,366,143,4.0,1
2364,"2025-07-25",54,406,192,155,15.0,2
2365,"2025-07-26",257,350,23,15,49.0,1
2366,"2025-07-26",675,792,128,521,512.0,2
2367,"2025-07-27",124,350,110,195,37.0,1
2368,"2025-07-27",187,802,95,504,9.0,2
2369,"2025-07-28",222,260,120,85,158.0,1
2370,"2025-07-28",99,284,74,150,49.0,2
2371,"2025-07-29",706,799,229,155,483.0,1
2372,"2025-07-29",497,995,551,344,307.0,2
2373,"2025-07-30",343,473,162,225,304.0,1
2374,"2025-07-30",126,456,110,176,25.0,2
2375,"2025-07-31",170,571,103,258,140.0,1
2376,"2025-07-31",212,554,277,169,6.0,2
2377,"2025-08-01",553,841,144,547,374.0,1
2378,"2025-08-01",371,539,201,61,349.0,2
